feature_name,used_by_secom_benchmark,reason,physical_meaning
feature_000,True,nonconstant_observed_training_feature,NOT_PROVIDED_BY_SOURCE
feature_001,True,nonconstant_observed_training_feature,NOT_PROVIDED_BY_SOURCE
feature_002,True,nonconstant_observed_training_feature,NOT_PROVIDED_BY_SOURCE
feature_003,True,nonconstant_observed_training_feature,NOT_PROVIDED_BY_SOURCE
feature_004,True,nonconstant_observed_training_feature,NOT_PROVIDED_BY_SOURCE
feature_005,False,constant_in_training,NOT_PROVIDED_BY_SOURCE
feature_006,True,nonconstant_observed_training_feature,NOT_PROVIDED_BY_SOURCE
feature_007,True,nonconstant_observed_training_feature,NOT_PROVIDED_BY_SOURCE
feature_008,True,nonconstant_observed_training_feature,NOT_PROVIDED_BY_SOURCE
feature_009,True,nonconstant_observed_training_feature,NOT_PROVIDED_BY_SOURCE
feature_010,True,nonconstant_observed_training_feature,NOT_PROVIDED_BY_SOURCE
feature_011,True,nonconstant_observed_training_feature,NOT_PROVIDED_BY_SOURCE
feature_012,True,nonconstant_observed_training_feature,NOT_PROVIDED_BY_SOURCE
feature_013,False,constant_in_training,NOT_PROVIDED_BY_SOURCE
feature_014,True,nonconstant_observed_training_feature,NOT_PROVIDED_BY_SOURCE
feature_015,True,nonconstant_observed_training_feature,NOT_PROVIDED_BY_SOURCE
feature_016,True,nonconstant_observed_training_feature,NOT_PROVIDED_BY_SOURCE
feature_017,True,nonconstant_observed_training_feature,NOT_PROVIDED_BY_SOURCE
feature_018,True,nonconstant_observed_training_feature,NOT_PROVIDED_BY_SOURCE
feature_019,True,nonconstant_observed_training_feature,NOT_PROVIDED_BY_SOURCE
feature_020,True,nonconstant_observed_training_feature,NOT_PROVIDED_BY_SOURCE
feature_021,True,nonconstant_observed_training_feature,NOT_PROVIDED_BY_SOURCE
feature_022,True,nonconstant_observed_training_feature,NOT_PROVIDED_BY_SOURCE
feature_023,True,nonconstant_observed_training_feature,NOT_PROVIDED_BY_SOURCE
feature_024,True,nonconstant_observed_training_feature,NOT_PROVIDED_BY_SOURCE
feature_025,True,nonconstant_observed_training_feature,NOT_PROVIDED_BY_SOURCE
feature_026,True,nonconstant_observed_training_feature,NOT_PROVIDED_BY_SOURCE
feature_027,True,nonconstant_observed_training_feature,NOT_PROVIDED_BY_SOURCE
feature_028,True,nonconstant_observed_training_feature,NOT_PROVIDED_BY_SOURCE
feature_029,True,nonconstant_observed_training_feature,NOT_PROVIDED_BY_SOURCE
feature_030,True,nonconstant_observed_training_feature,NOT_PROVIDED_BY_SOURCE
feature_031,True,nonconstant_observed_training_feature,NOT_PROVIDED_BY_SOURCE
feature_032,True,nonconstant_observed_training_feature,NOT_PROVIDED_BY_SOURCE
feature_033,True,nonconstant_observed_training_feature,NOT_PROVIDED_BY_SOURCE
feature_034,True,nonconstant_observed_training_feature,NOT_PROVIDED_BY_SOURCE
feature_035,True,nonconstant_observed_training_feature,NOT_PROVIDED_BY_SOURCE
feature_036,True,nonconstant_observed_training_feature,NOT_PROVIDED_BY_SOURCE
feature_037,True,nonconstant_observed_training_feature,NOT_PROVIDED_BY_SOURCE
feature_038,True,nonconstant_observed_training_feature,NOT_PROVIDED_BY_SOURCE
feature_039,True,nonconstant_observed_training_feature,NOT_PROVIDED_BY_SOURCE
feature_040,True,nonconstant_observed_training_feature,NOT_PROVIDED_BY_SOURCE
feature_041,True,nonconstant_observed_training_feature,NOT_PROVIDED_BY_SOURCE
feature_042,False,constant_in_training,NOT_PROVIDED_BY_SOURCE
feature_043,True,nonconstant_observed_training_feature,NOT_PROVIDED_BY_SOURCE
feature_044,True,nonconstant_observed_training_feature,NOT_PROVIDED_BY_SOURCE
feature_045,True,nonconstant_observed_training_feature,NOT_PROVIDED_BY_SOURCE
feature_046,True,nonconstant_observed_training_feature,NOT_PROVIDED_BY_SOURCE
feature_047,True,nonconstant_observed_training_feature,NOT_PROVIDED_BY_SOURCE
feature_048,True,nonconstant_observed_training_feature,NOT_PROVIDED_BY_SOURCE
feature_049,False,constant_in_training,NOT_PROVIDED_BY_SOURCE
feature_050,True,nonconstant_observed_training_feature,NOT_PROVIDED_BY_SOURCE
feature_051,True,nonconstant_observed_training_feature,NOT_PROVIDED_BY_SOURCE
feature_052,False,constant_in_training,NOT_PROVIDED_BY_SOURCE
feature_053,True,nonconstant_observed_training_feature,NOT_PROVIDED_BY_SOURCE
feature_054,True,nonconstant_observed_training_feature,NOT_PROVIDED_BY_SOURCE
feature_055,True,nonconstant_observed_training_feature,NOT_PROVIDED_BY_SOURCE
feature_056,True,nonconstant_observed_training_feature,NOT_PROVIDED_BY_SOURCE
feature_057,True,nonconstant_observed_training_feature,NOT_PROVIDED_BY_SOURCE
feature_058,True,nonconstant_observed_training_feature,NOT_PROVIDED_BY_SOURCE
feature_059,True,nonconstant_observed_training_feature,NOT_PROVIDED_BY_SOURCE
feature_060,True,nonconstant_observed_training_feature,NOT_PROVIDED_BY_SOURCE
feature_061,True,nonconstant_observed_training_feature,NOT_PROVIDED_BY_SOURCE
feature_062,True,nonconstant_observed_training_feature,NOT_PROVIDED_BY_SOURCE
feature_063,True,nonconstant_observed_training_feature,NOT_PROVIDED_BY_SOURCE
feature_064,True,nonconstant_observed_training_feature,NOT_PROVIDED_BY_SOURCE
feature_065,True,nonconstant_observed_training_feature,NOT_PROVIDED_BY_SOURCE
feature_066,True,nonconstant_observed_training_feature,NOT_PROVIDED_BY_SOURCE
feature_067,True,nonconstant_observed_training_feature,NOT_PROVIDED_BY_SOURCE
feature_068,True,nonconstant_observed_training_feature,NOT_PROVIDED_BY_SOURCE
feature_069,False,constant_in_training,NOT_PROVIDED_BY_SOURCE
feature_070,True,nonconstant_observed_training_feature,NOT_PROVIDED_BY_SOURCE
feature_071,True,nonconstant_observed_training_feature,NOT_PROVIDED_BY_SOURCE
feature_072,True,nonconstant_observed_training_feature,NOT_PROVIDED_BY_SOURCE
feature_073,True,nonconstant_observed_training_feature,NOT_PROVIDED_BY_SOURCE
feature_074,False,constant_in_training,NOT_PROVIDED_BY_SOURCE
feature_075,True,nonconstant_observed_training_feature,NOT_PROVIDED_BY_SOURCE
feature_076,True,nonconstant_observed_training_feature,NOT_PROVIDED_BY_SOURCE
feature_077,True,nonconstant_observed_training_feature,NOT_PROVIDED_BY_SOURCE
feature_078,True,nonconstant_observed_training_feature,NOT_PROVIDED_BY_SOURCE
feature_079,True,nonconstant_observed_training_feature,NOT_PROVIDED_BY_SOURCE
feature_080,True,nonconstant_observed_training_feature,NOT_PROVIDED_BY_SOURCE
feature_081,True,nonconstant_observed_training_feature,NOT_PROVIDED_BY_SOURCE
feature_082,True,nonconstant_observed_training_feature,NOT_PROVIDED_BY_SOURCE
feature_083,True,nonconstant_observed_training_feature,NOT_PROVIDED_BY_SOURCE
feature_084,True,nonconstant_observed_training_feature,NOT_PROVIDED_BY_SOURCE
feature_085,True,nonconstant_observed_training_feature,NOT_PROVIDED_BY_SOURCE
feature_086,True,nonconstant_observed_training_feature,NOT_PROVIDED_BY_SOURCE
feature_087,True,nonconstant_observed_training_feature,NOT_PROVIDED_BY_SOURCE
feature_088,True,nonconstant_observed_training_feature,NOT_PROVIDED_BY_SOURCE
feature_089,True,nonconstant_observed_training_feature,NOT_PROVIDED_BY_SOURCE
feature_090,True,nonconstant_observed_training_feature,NOT_PROVIDED_BY_SOURCE
feature_091,True,nonconstant_observed_training_feature,NOT_PROVIDED_BY_SOURCE
feature_092,True,nonconstant_observed_training_feature,NOT_PROVIDED_BY_SOURCE
feature_093,True,nonconstant_observed_training_feature,NOT_PROVIDED_BY_SOURCE
feature_094,True,nonconstant_observed_training_feature,NOT_PROVIDED_BY_SOURCE
feature_095,True,nonconstant_observed_training_feature,NOT_PROVIDED_BY_SOURCE
feature_096,True,nonconstant_observed_training_feature,NOT_PROVIDED_BY_SOURCE
feature_097,False,constant_in_training,NOT_PROVIDED_BY_SOURCE
feature_098,True,nonconstant_observed_training_feature,NOT_PROVIDED_BY_SOURCE
feature_099,True,nonconstant_observed_training_feature,NOT_PROVIDED_BY_SOURCE
feature_100,True,nonconstant_observed_training_feature,NOT_PROVIDED_BY_SOURCE
feature_101,True,nonconstant_observed_training_feature,NOT_PROVIDED_BY_SOURCE
feature_102,True,nonconstant_observed_training_feature,NOT_PROVIDED_BY_SOURCE
feature_103,True,nonconstant_observed_training_feature,NOT_PROVIDED_BY_SOURCE
feature_104,True,nonconstant_observed_training_feature,NOT_PROVIDED_BY_SOURCE
feature_105,True,nonconstant_observed_training_feature,NOT_PROVIDED_BY_SOURCE
feature_106,True,nonconstant_observed_training_feature,NOT_PROVIDED_BY_SOURCE
feature_107,True,nonconstant_observed_training_feature,NOT_PROVIDED_BY_SOURCE
feature_108,True,nonconstant_observed_training_feature,NOT_PROVIDED_BY_SOURCE
feature_109,True,nonconstant_observed_training_feature,NOT_PROVIDED_BY_SOURCE
feature_110,True,nonconstant_observed_training_feature,NOT_PROVIDED_BY_SOURCE
feature_111,True,nonconstant_observed_training_feature,NOT_PROVIDED_BY_SOURCE
feature_112,True,nonconstant_observed_training_feature,NOT_PROVIDED_BY_SOURCE
feature_113,True,nonconstant_observed_training_feature,NOT_PROVIDED_BY_SOURCE
feature_114,True,nonconstant_observed_training_feature,NOT_PROVIDED_BY_SOURCE
feature_115,True,nonconstant_observed_training_feature,NOT_PROVIDED_BY_SOURCE
feature_116,True,nonconstant_observed_training_feature,NOT_PROVIDED_BY_SOURCE
feature_117,True,nonconstant_observed_training_feature,NOT_PROVIDED_BY_SOURCE
feature_118,True,nonconstant_observed_training_feature,NOT_PROVIDED_BY_SOURCE
feature_119,True,nonconstant_observed_training_feature,NOT_PROVIDED_BY_SOURCE
feature_120,True,nonconstant_observed_training_feature,NOT_PROVIDED_BY_SOURCE
feature_121,True,nonconstant_observed_training_feature,NOT_PROVIDED_BY_SOURCE
feature_122,True,nonconstant_observed_training_feature,NOT_PROVIDED_BY_SOURCE
feature_123,True,nonconstant_observed_training_feature,NOT_PROVIDED_BY_SOURCE
feature_124,True,nonconstant_observed_training_feature,NOT_PROVIDED_BY_SOURCE
feature_125,True,nonconstant_observed_training_feature,NOT_PROVIDED_BY_SOURCE
feature_126,True,nonconstant_observed_training_feature,NOT_PROVIDED_BY_SOURCE
feature_127,True,nonconstant_observed_training_feature,NOT_PROVIDED_BY_SOURCE
feature_128,True,nonconstant_observed_training_feature,NOT_PROVIDED_BY_SOURCE
feature_129,True,nonconstant_observed_training_feature,NOT_PROVIDED_BY_SOURCE
feature_130,True,nonconstant_observed_training_feature,NOT_PROVIDED_BY_SOURCE
feature_131,True,nonconstant_observed_training_feature,NOT_PROVIDED_BY_SOURCE
feature_132,True,nonconstant_observed_training_feature,NOT_PROVIDED_BY_SOURCE
feature_133,True,nonconstant_observed_training_feature,NOT_PROVIDED_BY_SOURCE
feature_134,True,nonconstant_observed_training_feature,NOT_PROVIDED_BY_SOURCE
feature_135,True,nonconstant_observed_training_feature,NOT_PROVIDED_BY_SOURCE
feature_136,True,nonconstant_observed_training_feature,NOT_PROVIDED_BY_SOURCE
feature_137,True,nonconstant_observed_training_feature,NOT_PROVIDED_BY_SOURCE
feature_138,True,nonconstant_observed_training_feature,NOT_PROVIDED_BY_SOURCE
feature_139,True,nonconstant_observed_training_feature,NOT_PROVIDED_BY_SOURCE
feature_140,True,nonconstant_observed_training_feature,NOT_PROVIDED_BY_SOURCE
feature_141,False,constant_in_training,NOT_PROVIDED_BY_SOURCE
feature_142,True,nonconstant_observed_training_feature,NOT_PROVIDED_BY_SOURCE
feature_143,True,nonconstant_observed_training_feature,NOT_PROVIDED_BY_SOURCE
feature_144,True,nonconstant_observed_training_feature,NOT_PROVIDED_BY_SOURCE
feature_145,True,nonconstant_observed_training_feature,NOT_PROVIDED_BY_SOURCE
feature_146,True,nonconstant_observed_training_feature,NOT_PROVIDED_BY_SOURCE
feature_147,True,nonconstant_observed_training_feature,NOT_PROVIDED_BY_SOURCE
feature_148,True,nonconstant_observed_training_feature,NOT_PROVIDED_BY_SOURCE
feature_149,False,constant_in_training,NOT_PROVIDED_BY_SOURCE
feature_150,True,nonconstant_observed_training_feature,NOT_PROVIDED_BY_SOURCE
feature_151,True,nonconstant_observed_training_feature,NOT_PROVIDED_BY_SOURCE
feature_152,True,nonconstant_observed_training_feature,NOT_PROVIDED_BY_SOURCE
feature_153,True,nonconstant_observed_training_feature,NOT_PROVIDED_BY_SOURCE
feature_154,True,nonconstant_observed_training_feature,NOT_PROVIDED_BY_SOURCE
feature_155,True,nonconstant_observed_training_feature,NOT_PROVIDED_BY_SOURCE
feature_156,True,nonconstant_observed_training_feature,NOT_PROVIDED_BY_SOURCE
feature_157,True,nonconstant_observed_training_feature,NOT_PROVIDED_BY_SOURCE
feature_158,True,nonconstant_observed_training_feature,NOT_PROVIDED_BY_SOURCE
feature_159,True,nonconstant_observed_training_feature,NOT_PROVIDED_BY_SOURCE
feature_160,True,nonconstant_observed_training_feature,NOT_PROVIDED_BY_SOURCE
feature_161,True,nonconstant_observed_training_feature,NOT_PROVIDED_BY_SOURCE
feature_162,True,nonconstant_observed_training_feature,NOT_PROVIDED_BY_SOURCE
feature_163,True,nonconstant_observed_training_feature,NOT_PROVIDED_BY_SOURCE
feature_164,True,nonconstant_observed_training_feature,NOT_PROVIDED_BY_SOURCE
feature_165,True,nonconstant_observed_training_feature,NOT_PROVIDED_BY_SOURCE
feature_166,True,nonconstant_observed_training_feature,NOT_PROVIDED_BY_SOURCE
feature_167,True,nonconstant_observed_training_feature,NOT_PROVIDED_BY_SOURCE
feature_168,True,nonconstant_observed_training_feature,NOT_PROVIDED_BY_SOURCE
feature_169,True,nonconstant_observed_training_feature,NOT_PROVIDED_BY_SOURCE
feature_170,True,nonconstant_observed_training_feature,NOT_PROVIDED_BY_SOURCE
feature_171,True,nonconstant_observed_training_feature,NOT_PROVIDED_BY_SOURCE
feature_172,True,nonconstant_observed_training_feature,NOT_PROVIDED_BY_SOURCE
feature_173,True,nonconstant_observed_training_feature,NOT_PROVIDED_BY_SOURCE
feature_174,True,nonconstant_observed_training_feature,NOT_PROVIDED_BY_SOURCE
feature_175,True,nonconstant_observed_training_feature,NOT_PROVIDED_BY_SOURCE
feature_176,True,nonconstant_observed_training_feature,NOT_PROVIDED_BY_SOURCE
feature_177,True,nonconstant_observed_training_feature,NOT_PROVIDED_BY_SOURCE
feature_178,False,constant_in_training,NOT_PROVIDED_BY_SOURCE
feature_179,False,constant_in_training,NOT_PROVIDED_BY_SOURCE
feature_180,True,nonconstant_observed_training_feature,NOT_PROVIDED_BY_SOURCE
feature_181,True,nonconstant_observed_training_feature,NOT_PROVIDED_BY_SOURCE
feature_182,True,nonconstant_observed_training_feature,NOT_PROVIDED_BY_SOURCE
feature_183,True,nonconstant_observed_training_feature,NOT_PROVIDED_BY_SOURCE
feature_184,True,nonconstant_observed_training_feature,NOT_PROVIDED_BY_SOURCE
feature_185,True,nonconstant_observed_training_feature,NOT_PROVIDED_BY_SOURCE
feature_186,False,constant_in_training,NOT_PROVIDED_BY_SOURCE
feature_187,True,nonconstant_observed_training_feature,NOT_PROVIDED_BY_SOURCE
feature_188,True,nonconstant_observed_training_feature,NOT_PROVIDED_BY_SOURCE
feature_189,False,constant_in_training,NOT_PROVIDED_BY_SOURCE
feature_190,False,constant_in_training,NOT_PROVIDED_BY_SOURCE
feature_191,False,constant_in_training,NOT_PROVIDED_BY_SOURCE
feature_192,False,constant_in_training,NOT_PROVIDED_BY_SOURCE
feature_193,False,constant_in_training,NOT_PROVIDED_BY_SOURCE
feature_194,False,constant_in_training,NOT_PROVIDED_BY_SOURCE
feature_195,True,nonconstant_observed_training_feature,NOT_PROVIDED_BY_SOURCE
feature_196,True,nonconstant_observed_training_feature,NOT_PROVIDED_BY_SOURCE
feature_197,True,nonconstant_observed_training_feature,NOT_PROVIDED_BY_SOURCE
feature_198,True,nonconstant_observed_training_feature,NOT_PROVIDED_BY_SOURCE
feature_199,True,nonconstant_observed_training_feature,NOT_PROVIDED_BY_SOURCE
feature_200,True,nonconstant_observed_training_feature,NOT_PROVIDED_BY_SOURCE
feature_201,True,nonconstant_observed_training_feature,NOT_PROVIDED_BY_SOURCE
feature_202,True,nonconstant_observed_training_feature,NOT_PROVIDED_BY_SOURCE
feature_203,True,nonconstant_observed_training_feature,NOT_PROVIDED_BY_SOURCE
feature_204,True,nonconstant_observed_training_feature,NOT_PROVIDED_BY_SOURCE
feature_205,True,nonconstant_observed_training_feature,NOT_PROVIDED_BY_SOURCE
feature_206,False,constant_in_training,NOT_PROVIDED_BY_SOURCE
feature_207,True,nonconstant_observed_training_feature,NOT_PROVIDED_BY_SOURCE
feature_208,True,nonconstant_observed_training_feature,NOT_PROVIDED_BY_SOURCE
feature_209,False,constant_in_training,NOT_PROVIDED_BY_SOURCE
feature_210,True,nonconstant_observed_training_feature,NOT_PROVIDED_BY_SOURCE
feature_211,True,nonconstant_observed_training_feature,NOT_PROVIDED_BY_SOURCE
feature_212,True,nonconstant_observed_training_feature,NOT_PROVIDED_BY_SOURCE
feature_213,True,nonconstant_observed_training_feature,NOT_PROVIDED_BY_SOURCE
feature_214,True,nonconstant_observed_training_feature,NOT_PROVIDED_BY_SOURCE
feature_215,True,nonconstant_observed_training_feature,NOT_PROVIDED_BY_SOURCE
feature_216,True,nonconstant_observed_training_feature,NOT_PROVIDED_BY_SOURCE
feature_217,True,nonconstant_observed_training_feature,NOT_PROVIDED_BY_SOURCE
feature_218,True,nonconstant_observed_training_feature,NOT_PROVIDED_BY_SOURCE
feature_219,True,nonconstant_observed_training_feature,NOT_PROVIDED_BY_SOURCE
feature_220,True,nonconstant_observed_training_feature,NOT_PROVIDED_BY_SOURCE
feature_221,True,nonconstant_observed_training_feature,NOT_PROVIDED_BY_SOURCE
feature_222,True,nonconstant_observed_training_feature,NOT_PROVIDED_BY_SOURCE
feature_223,True,nonconstant_observed_training_feature,NOT_PROVIDED_BY_SOURCE
feature_224,True,nonconstant_observed_training_feature,NOT_PROVIDED_BY_SOURCE
feature_225,True,nonconstant_observed_training_feature,NOT_PROVIDED_BY_SOURCE
feature_226,False,constant_in_training,NOT_PROVIDED_BY_SOURCE
feature_227,True,nonconstant_observed_training_feature,NOT_PROVIDED_BY_SOURCE
feature_228,True,nonconstant_observed_training_feature,NOT_PROVIDED_BY_SOURCE
feature_229,False,constant_in_training,NOT_PROVIDED_BY_SOURCE
feature_230,False,constant_in_training,NOT_PROVIDED_BY_SOURCE
feature_231,False,constant_in_training,NOT_PROVIDED_BY_SOURCE
feature_232,False,constant_in_training,NOT_PROVIDED_BY_SOURCE
feature_233,False,constant_in_training,NOT_PROVIDED_BY_SOURCE
feature_234,False,constant_in_training,NOT_PROVIDED_BY_SOURCE
feature_235,False,constant_in_training,NOT_PROVIDED_BY_SOURCE
feature_236,False,constant_in_training,NOT_PROVIDED_BY_SOURCE
feature_237,False,constant_in_training,NOT_PROVIDED_BY_SOURCE
feature_238,True,nonconstant_observed_training_feature,NOT_PROVIDED_BY_SOURCE
feature_239,True,nonconstant_observed_training_feature,NOT_PROVIDED_BY_SOURCE
feature_240,False,constant_in_training,NOT_PROVIDED_BY_SOURCE
feature_241,False,constant_in_training,NOT_PROVIDED_BY_SOURCE
feature_242,False,constant_in_training,NOT_PROVIDED_BY_SOURCE
feature_243,False,constant_in_training,NOT_PROVIDED_BY_SOURCE
feature_244,True,nonconstant_observed_training_feature,NOT_PROVIDED_BY_SOURCE
feature_245,True,nonconstant_observed_training_feature,NOT_PROVIDED_BY_SOURCE
feature_246,True,nonconstant_observed_training_feature,NOT_PROVIDED_BY_SOURCE
feature_247,True,nonconstant_observed_training_feature,NOT_PROVIDED_BY_SOURCE
feature_248,True,nonconstant_observed_training_feature,NOT_PROVIDED_BY_SOURCE
feature_249,True,nonconstant_observed_training_feature,NOT_PROVIDED_BY_SOURCE
feature_250,True,nonconstant_observed_training_feature,NOT_PROVIDED_BY_SOURCE
feature_251,True,nonconstant_observed_training_feature,NOT_PROVIDED_BY_SOURCE
feature_252,True,nonconstant_observed_training_feature,NOT_PROVIDED_BY_SOURCE
feature_253,True,nonconstant_observed_training_feature,NOT_PROVIDED_BY_SOURCE
feature_254,True,nonconstant_observed_training_feature,NOT_PROVIDED_BY_SOURCE
feature_255,True,nonconstant_observed_training_feature,NOT_PROVIDED_BY_SOURCE
feature_256,False,constant_in_training,NOT_PROVIDED_BY_SOURCE
feature_257,False,constant_in_training,NOT_PROVIDED_BY_SOURCE
feature_258,False,constant_in_training,NOT_PROVIDED_BY_SOURCE
feature_259,False,constant_in_training,NOT_PROVIDED_BY_SOURCE
feature_260,False,constant_in_training,NOT_PROVIDED_BY_SOURCE
feature_261,False,constant_in_training,NOT_PROVIDED_BY_SOURCE
feature_262,False,constant_in_training,NOT_PROVIDED_BY_SOURCE
feature_263,False,constant_in_training,NOT_PROVIDED_BY_SOURCE
feature_264,False,constant_in_training,NOT_PROVIDED_BY_SOURCE
feature_265,False,constant_in_training,NOT_PROVIDED_BY_SOURCE
feature_266,False,constant_in_training,NOT_PROVIDED_BY_SOURCE
feature_267,True,nonconstant_observed_training_feature,NOT_PROVIDED_BY_SOURCE
feature_268,True,nonconstant_observed_training_feature,NOT_PROVIDED_BY_SOURCE
feature_269,True,nonconstant_observed_training_feature,NOT_PROVIDED_BY_SOURCE
feature_270,True,nonconstant_observed_training_feature,NOT_PROVIDED_BY_SOURCE
feature_271,True,nonconstant_observed_training_feature,NOT_PROVIDED_BY_SOURCE
feature_272,True,nonconstant_observed_training_feature,NOT_PROVIDED_BY_SOURCE
feature_273,True,nonconstant_observed_training_feature,NOT_PROVIDED_BY_SOURCE
feature_274,True,nonconstant_observed_training_feature,NOT_PROVIDED_BY_SOURCE
feature_275,True,nonconstant_observed_training_feature,NOT_PROVIDED_BY_SOURCE
feature_276,False,constant_in_training,NOT_PROVIDED_BY_SOURCE
feature_277,True,nonconstant_observed_training_feature,NOT_PROVIDED_BY_SOURCE
feature_278,True,nonconstant_observed_training_feature,NOT_PROVIDED_BY_SOURCE
feature_279,True,nonconstant_observed_training_feature,NOT_PROVIDED_BY_SOURCE
feature_280,True,nonconstant_observed_training_feature,NOT_PROVIDED_BY_SOURCE
feature_281,True,nonconstant_observed_training_feature,NOT_PROVIDED_BY_SOURCE
feature_282,True,nonconstant_observed_training_feature,NOT_PROVIDED_BY_SOURCE
feature_283,True,nonconstant_observed_training_feature,NOT_PROVIDED_BY_SOURCE
feature_284,False,constant_in_training,NOT_PROVIDED_BY_SOURCE
feature_285,True,nonconstant_observed_training_feature,NOT_PROVIDED_BY_SOURCE
feature_286,True,nonconstant_observed_training_feature,NOT_PROVIDED_BY_SOURCE
feature_287,True,nonconstant_observed_training_feature,NOT_PROVIDED_BY_SOURCE
feature_288,True,nonconstant_observed_training_feature,NOT_PROVIDED_BY_SOURCE
feature_289,True,nonconstant_observed_training_feature,NOT_PROVIDED_BY_SOURCE
feature_290,True,nonconstant_observed_training_feature,NOT_PROVIDED_BY_SOURCE
feature_291,True,nonconstant_observed_training_feature,NOT_PROVIDED_BY_SOURCE
feature_292,True,nonconstant_observed_training_feature,NOT_PROVIDED_BY_SOURCE
feature_293,True,nonconstant_observed_training_feature,NOT_PROVIDED_BY_SOURCE
feature_294,True,nonconstant_observed_training_feature,NOT_PROVIDED_BY_SOURCE
feature_295,True,nonconstant_observed_training_feature,NOT_PROVIDED_BY_SOURCE
feature_296,True,nonconstant_observed_training_feature,NOT_PROVIDED_BY_SOURCE
feature_297,True,nonconstant_observed_training_feature,NOT_PROVIDED_BY_SOURCE
feature_298,True,nonconstant_observed_training_feature,NOT_PROVIDED_BY_SOURCE
feature_299,True,nonconstant_observed_training_feature,NOT_PROVIDED_BY_SOURCE
feature_300,True,nonconstant_observed_training_feature,NOT_PROVIDED_BY_SOURCE
feature_301,True,nonconstant_observed_training_feature,NOT_PROVIDED_BY_SOURCE
feature_302,True,nonconstant_observed_training_feature,NOT_PROVIDED_BY_SOURCE
feature_303,True,nonconstant_observed_training_feature,NOT_PROVIDED_BY_SOURCE
feature_304,True,nonconstant_observed_training_feature,NOT_PROVIDED_BY_SOURCE
feature_305,True,nonconstant_observed_training_feature,NOT_PROVIDED_BY_SOURCE
feature_306,True,nonconstant_observed_training_feature,NOT_PROVIDED_BY_SOURCE
feature_307,True,nonconstant_observed_training_feature,NOT_PROVIDED_BY_SOURCE
feature_308,True,nonconstant_observed_training_feature,NOT_PROVIDED_BY_SOURCE
feature_309,True,nonconstant_observed_training_feature,NOT_PROVIDED_BY_SOURCE
feature_310,True,nonconstant_observed_training_feature,NOT_PROVIDED_BY_SOURCE
feature_311,True,nonconstant_observed_training_feature,NOT_PROVIDED_BY_SOURCE
feature_312,True,nonconstant_observed_training_feature,NOT_PROVIDED_BY_SOURCE
feature_313,False,constant_in_training,NOT_PROVIDED_BY_SOURCE
feature_314,False,constant_in_training,NOT_PROVIDED_BY_SOURCE
feature_315,False,constant_in_training,NOT_PROVIDED_BY_SOURCE
feature_316,True,nonconstant_observed_training_feature,NOT_PROVIDED_BY_SOURCE
feature_317,True,nonconstant_observed_training_feature,NOT_PROVIDED_BY_SOURCE
feature_318,True,nonconstant_observed_training_feature,NOT_PROVIDED_BY_SOURCE
feature_319,True,nonconstant_observed_training_feature,NOT_PROVIDED_BY_SOURCE
feature_320,True,nonconstant_observed_training_feature,NOT_PROVIDED_BY_SOURCE
feature_321,True,nonconstant_observed_training_feature,NOT_PROVIDED_BY_SOURCE
feature_322,False,constant_in_training,NOT_PROVIDED_BY_SOURCE
feature_323,True,nonconstant_observed_training_feature,NOT_PROVIDED_BY_SOURCE
feature_324,True,nonconstant_observed_training_feature,NOT_PROVIDED_BY_SOURCE
feature_325,False,constant_in_training,NOT_PROVIDED_BY_SOURCE
feature_326,False,constant_in_training,NOT_PROVIDED_BY_SOURCE
feature_327,False,constant_in_training,NOT_PROVIDED_BY_SOURCE
feature_328,False,constant_in_training,NOT_PROVIDED_BY_SOURCE
feature_329,False,constant_in_training,NOT_PROVIDED_BY_SOURCE
feature_330,False,constant_in_training,NOT_PROVIDED_BY_SOURCE
feature_331,True,nonconstant_observed_training_feature,NOT_PROVIDED_BY_SOURCE
feature_332,True,nonconstant_observed_training_feature,NOT_PROVIDED_BY_SOURCE
feature_333,True,nonconstant_observed_training_feature,NOT_PROVIDED_BY_SOURCE
feature_334,True,nonconstant_observed_training_feature,NOT_PROVIDED_BY_SOURCE
feature_335,True,nonconstant_observed_training_feature,NOT_PROVIDED_BY_SOURCE
feature_336,True,nonconstant_observed_training_feature,NOT_PROVIDED_BY_SOURCE
feature_337,True,nonconstant_observed_training_feature,NOT_PROVIDED_BY_SOURCE
feature_338,True,nonconstant_observed_training_feature,NOT_PROVIDED_BY_SOURCE
feature_339,True,nonconstant_observed_training_feature,NOT_PROVIDED_BY_SOURCE
feature_340,True,nonconstant_observed_training_feature,NOT_PROVIDED_BY_SOURCE
feature_341,True,nonconstant_observed_training_feature,NOT_PROVIDED_BY_SOURCE
feature_342,False,constant_in_training,NOT_PROVIDED_BY_SOURCE
feature_343,True,nonconstant_observed_training_feature,NOT_PROVIDED_BY_SOURCE
feature_344,True,nonconstant_observed_training_feature,NOT_PROVIDED_BY_SOURCE
feature_345,True,nonconstant_observed_training_feature,NOT_PROVIDED_BY_SOURCE
feature_346,True,nonconstant_observed_training_feature,NOT_PROVIDED_BY_SOURCE
feature_347,False,constant_in_training,NOT_PROVIDED_BY_SOURCE
feature_348,True,nonconstant_observed_training_feature,NOT_PROVIDED_BY_SOURCE
feature_349,True,nonconstant_observed_training_feature,NOT_PROVIDED_BY_SOURCE
feature_350,True,nonconstant_observed_training_feature,NOT_PROVIDED_BY_SOURCE
feature_351,True,nonconstant_observed_training_feature,NOT_PROVIDED_BY_SOURCE
feature_352,True,nonconstant_observed_training_feature,NOT_PROVIDED_BY_SOURCE
feature_353,True,nonconstant_observed_training_feature,NOT_PROVIDED_BY_SOURCE
feature_354,True,nonconstant_observed_training_feature,NOT_PROVIDED_BY_SOURCE
feature_355,True,nonconstant_observed_training_feature,NOT_PROVIDED_BY_SOURCE
feature_356,True,nonconstant_observed_training_feature,NOT_PROVIDED_BY_SOURCE
feature_357,True,nonconstant_observed_training_feature,NOT_PROVIDED_BY_SOURCE
feature_358,True,nonconstant_observed_training_feature,NOT_PROVIDED_BY_SOURCE
feature_359,True,nonconstant_observed_training_feature,NOT_PROVIDED_BY_SOURCE
feature_360,True,nonconstant_observed_training_feature,NOT_PROVIDED_BY_SOURCE
feature_361,True,nonconstant_observed_training_feature,NOT_PROVIDED_BY_SOURCE
feature_362,True,nonconstant_observed_training_feature,NOT_PROVIDED_BY_SOURCE
feature_363,True,nonconstant_observed_training_feature,NOT_PROVIDED_BY_SOURCE
feature_364,False,constant_in_training,NOT_PROVIDED_BY_SOURCE
feature_365,True,nonconstant_observed_training_feature,NOT_PROVIDED_BY_SOURCE
feature_366,True,nonconstant_observed_training_feature,NOT_PROVIDED_BY_SOURCE
feature_367,True,nonconstant_observed_training_feature,NOT_PROVIDED_BY_SOURCE
feature_368,True,nonconstant_observed_training_feature,NOT_PROVIDED_BY_SOURCE
feature_369,False,constant_in_training,NOT_PROVIDED_BY_SOURCE
feature_370,False,constant_in_training,NOT_PROVIDED_BY_SOURCE
feature_371,False,constant_in_training,NOT_PROVIDED_BY_SOURCE
feature_372,False,constant_in_training,NOT_PROVIDED_BY_SOURCE
feature_373,False,constant_in_training,NOT_PROVIDED_BY_SOURCE
feature_374,False,constant_in_training,NOT_PROVIDED_BY_SOURCE
feature_375,False,constant_in_training,NOT_PROVIDED_BY_SOURCE
feature_376,True,nonconstant_observed_training_feature,NOT_PROVIDED_BY_SOURCE
feature_377,True,nonconstant_observed_training_feature,NOT_PROVIDED_BY_SOURCE
feature_378,False,constant_in_training,NOT_PROVIDED_BY_SOURCE
feature_379,False,constant_in_training,NOT_PROVIDED_BY_SOURCE
feature_380,False,constant_in_training,NOT_PROVIDED_BY_SOURCE
feature_381,False,constant_in_training,NOT_PROVIDED_BY_SOURCE
feature_382,True,nonconstant_observed_training_feature,NOT_PROVIDED_BY_SOURCE
feature_383,True,nonconstant_observed_training_feature,NOT_PROVIDED_BY_SOURCE
feature_384,True,nonconstant_observed_training_feature,NOT_PROVIDED_BY_SOURCE
feature_385,True,nonconstant_observed_training_feature,NOT_PROVIDED_BY_SOURCE
feature_386,True,nonconstant_observed_training_feature,NOT_PROVIDED_BY_SOURCE
feature_387,True,nonconstant_observed_training_feature,NOT_PROVIDED_BY_SOURCE
feature_388,True,nonconstant_observed_training_feature,NOT_PROVIDED_BY_SOURCE
feature_389,True,nonconstant_observed_training_feature,NOT_PROVIDED_BY_SOURCE
feature_390,True,nonconstant_observed_training_feature,NOT_PROVIDED_BY_SOURCE
feature_391,True,nonconstant_observed_training_feature,NOT_PROVIDED_BY_SOURCE
feature_392,True,nonconstant_observed_training_feature,NOT_PROVIDED_BY_SOURCE
feature_393,True,nonconstant_observed_training_feature,NOT_PROVIDED_BY_SOURCE
feature_394,False,constant_in_training,NOT_PROVIDED_BY_SOURCE
feature_395,False,constant_in_training,NOT_PROVIDED_BY_SOURCE
feature_396,False,constant_in_training,NOT_PROVIDED_BY_SOURCE
feature_397,False,constant_in_training,NOT_PROVIDED_BY_SOURCE
feature_398,False,constant_in_training,NOT_PROVIDED_BY_SOURCE
feature_399,False,constant_in_training,NOT_PROVIDED_BY_SOURCE
feature_400,False,constant_in_training,NOT_PROVIDED_BY_SOURCE
feature_401,False,constant_in_training,NOT_PROVIDED_BY_SOURCE
feature_402,False,constant_in_training,NOT_PROVIDED_BY_SOURCE
feature_403,False,constant_in_training,NOT_PROVIDED_BY_SOURCE
feature_404,False,constant_in_training,NOT_PROVIDED_BY_SOURCE
feature_405,True,nonconstant_observed_training_feature,NOT_PROVIDED_BY_SOURCE
feature_406,True,nonconstant_observed_training_feature,NOT_PROVIDED_BY_SOURCE
feature_407,True,nonconstant_observed_training_feature,NOT_PROVIDED_BY_SOURCE
feature_408,True,nonconstant_observed_training_feature,NOT_PROVIDED_BY_SOURCE
feature_409,True,nonconstant_observed_training_feature,NOT_PROVIDED_BY_SOURCE
feature_410,True,nonconstant_observed_training_feature,NOT_PROVIDED_BY_SOURCE
feature_411,True,nonconstant_observed_training_feature,NOT_PROVIDED_BY_SOURCE
feature_412,True,nonconstant_observed_training_feature,NOT_PROVIDED_BY_SOURCE
feature_413,True,nonconstant_observed_training_feature,NOT_PROVIDED_BY_SOURCE
feature_414,False,constant_in_training,NOT_PROVIDED_BY_SOURCE
feature_415,True,nonconstant_observed_training_feature,NOT_PROVIDED_BY_SOURCE
feature_416,True,nonconstant_observed_training_feature,NOT_PROVIDED_BY_SOURCE
feature_417,True,nonconstant_observed_training_feature,NOT_PROVIDED_BY_SOURCE
feature_418,True,nonconstant_observed_training_feature,NOT_PROVIDED_BY_SOURCE
feature_419,True,nonconstant_observed_training_feature,NOT_PROVIDED_BY_SOURCE
feature_420,True,nonconstant_observed_training_feature,NOT_PROVIDED_BY_SOURCE
feature_421,True,nonconstant_observed_training_feature,NOT_PROVIDED_BY_SOURCE
feature_422,False,constant_in_training,NOT_PROVIDED_BY_SOURCE
feature_423,True,nonconstant_observed_training_feature,NOT_PROVIDED_BY_SOURCE
feature_424,True,nonconstant_observed_training_feature,NOT_PROVIDED_BY_SOURCE
feature_425,True,nonconstant_observed_training_feature,NOT_PROVIDED_BY_SOURCE
feature_426,True,nonconstant_observed_training_feature,NOT_PROVIDED_BY_SOURCE
feature_427,True,nonconstant_observed_training_feature,NOT_PROVIDED_BY_SOURCE
feature_428,True,nonconstant_observed_training_feature,NOT_PROVIDED_BY_SOURCE
feature_429,True,nonconstant_observed_training_feature,NOT_PROVIDED_BY_SOURCE
feature_430,True,nonconstant_observed_training_feature,NOT_PROVIDED_BY_SOURCE
feature_431,True,nonconstant_observed_training_feature,NOT_PROVIDED_BY_SOURCE
feature_432,True,nonconstant_observed_training_feature,NOT_PROVIDED_BY_SOURCE
feature_433,True,nonconstant_observed_training_feature,NOT_PROVIDED_BY_SOURCE
feature_434,True,nonconstant_observed_training_feature,NOT_PROVIDED_BY_SOURCE
feature_435,True,nonconstant_observed_training_feature,NOT_PROVIDED_BY_SOURCE
feature_436,True,nonconstant_observed_training_feature,NOT_PROVIDED_BY_SOURCE
feature_437,True,nonconstant_observed_training_feature,NOT_PROVIDED_BY_SOURCE
feature_438,True,nonconstant_observed_training_feature,NOT_PROVIDED_BY_SOURCE
feature_439,True,nonconstant_observed_training_feature,NOT_PROVIDED_BY_SOURCE
feature_440,True,nonconstant_observed_training_feature,NOT_PROVIDED_BY_SOURCE
feature_441,True,nonconstant_observed_training_feature,NOT_PROVIDED_BY_SOURCE
feature_442,True,nonconstant_observed_training_feature,NOT_PROVIDED_BY_SOURCE
feature_443,True,nonconstant_observed_training_feature,NOT_PROVIDED_BY_SOURCE
feature_444,True,nonconstant_observed_training_feature,NOT_PROVIDED_BY_SOURCE
feature_445,True,nonconstant_observed_training_feature,NOT_PROVIDED_BY_SOURCE
feature_446,True,nonconstant_observed_training_feature,NOT_PROVIDED_BY_SOURCE
feature_447,True,nonconstant_observed_training_feature,NOT_PROVIDED_BY_SOURCE
feature_448,True,nonconstant_observed_training_feature,NOT_PROVIDED_BY_SOURCE
feature_449,False,constant_in_training,NOT_PROVIDED_BY_SOURCE
feature_450,False,constant_in_training,NOT_PROVIDED_BY_SOURCE
feature_451,False,constant_in_training,NOT_PROVIDED_BY_SOURCE
feature_452,True,nonconstant_observed_training_feature,NOT_PROVIDED_BY_SOURCE
feature_453,True,nonconstant_observed_training_feature,NOT_PROVIDED_BY_SOURCE
feature_454,True,nonconstant_observed_training_feature,NOT_PROVIDED_BY_SOURCE
feature_455,True,nonconstant_observed_training_feature,NOT_PROVIDED_BY_SOURCE
feature_456,True,nonconstant_observed_training_feature,NOT_PROVIDED_BY_SOURCE
feature_457,True,nonconstant_observed_training_feature,NOT_PROVIDED_BY_SOURCE
feature_458,False,constant_in_training,NOT_PROVIDED_BY_SOURCE
feature_459,True,nonconstant_observed_training_feature,NOT_PROVIDED_BY_SOURCE
feature_460,True,nonconstant_observed_training_feature,NOT_PROVIDED_BY_SOURCE
feature_461,False,constant_in_training,NOT_PROVIDED_BY_SOURCE
feature_462,False,constant_in_training,NOT_PROVIDED_BY_SOURCE
feature_463,False,constant_in_training,NOT_PROVIDED_BY_SOURCE
feature_464,False,constant_in_training,NOT_PROVIDED_BY_SOURCE
feature_465,False,constant_in_training,NOT_PROVIDED_BY_SOURCE
feature_466,False,constant_in_training,NOT_PROVIDED_BY_SOURCE
feature_467,True,nonconstant_observed_training_feature,NOT_PROVIDED_BY_SOURCE
feature_468,True,nonconstant_observed_training_feature,NOT_PROVIDED_BY_SOURCE
feature_469,True,nonconstant_observed_training_feature,NOT_PROVIDED_BY_SOURCE
feature_470,True,nonconstant_observed_training_feature,NOT_PROVIDED_BY_SOURCE
feature_471,True,nonconstant_observed_training_feature,NOT_PROVIDED_BY_SOURCE
feature_472,True,nonconstant_observed_training_feature,NOT_PROVIDED_BY_SOURCE
feature_473,True,nonconstant_observed_training_feature,NOT_PROVIDED_BY_SOURCE
feature_474,True,nonconstant_observed_training_feature,NOT_PROVIDED_BY_SOURCE
feature_475,True,nonconstant_observed_training_feature,NOT_PROVIDED_BY_SOURCE
feature_476,True,nonconstant_observed_training_feature,NOT_PROVIDED_BY_SOURCE
feature_477,True,nonconstant_observed_training_feature,NOT_PROVIDED_BY_SOURCE
feature_478,False,constant_in_training,NOT_PROVIDED_BY_SOURCE
feature_479,True,nonconstant_observed_training_feature,NOT_PROVIDED_BY_SOURCE
feature_480,True,nonconstant_observed_training_feature,NOT_PROVIDED_BY_SOURCE
feature_481,False,constant_in_training,NOT_PROVIDED_BY_SOURCE
feature_482,True,nonconstant_observed_training_feature,NOT_PROVIDED_BY_SOURCE
feature_483,True,nonconstant_observed_training_feature,NOT_PROVIDED_BY_SOURCE
feature_484,True,nonconstant_observed_training_feature,NOT_PROVIDED_BY_SOURCE
feature_485,True,nonconstant_observed_training_feature,NOT_PROVIDED_BY_SOURCE
feature_486,True,nonconstant_observed_training_feature,NOT_PROVIDED_BY_SOURCE
feature_487,True,nonconstant_observed_training_feature,NOT_PROVIDED_BY_SOURCE
feature_488,True,nonconstant_observed_training_feature,NOT_PROVIDED_BY_SOURCE
feature_489,True,nonconstant_observed_training_feature,NOT_PROVIDED_BY_SOURCE
feature_490,True,nonconstant_observed_training_feature,NOT_PROVIDED_BY_SOURCE
feature_491,True,nonconstant_observed_training_feature,NOT_PROVIDED_BY_SOURCE
feature_492,True,nonconstant_observed_training_feature,NOT_PROVIDED_BY_SOURCE
feature_493,True,nonconstant_observed_training_feature,NOT_PROVIDED_BY_SOURCE
feature_494,True,nonconstant_observed_training_feature,NOT_PROVIDED_BY_SOURCE
feature_495,True,nonconstant_observed_training_feature,NOT_PROVIDED_BY_SOURCE
feature_496,True,nonconstant_observed_training_feature,NOT_PROVIDED_BY_SOURCE
feature_497,True,nonconstant_observed_training_feature,NOT_PROVIDED_BY_SOURCE
feature_498,False,constant_in_training,NOT_PROVIDED_BY_SOURCE
feature_499,True,nonconstant_observed_training_feature,NOT_PROVIDED_BY_SOURCE
feature_500,True,nonconstant_observed_training_feature,NOT_PROVIDED_BY_SOURCE
feature_501,False,constant_in_training,NOT_PROVIDED_BY_SOURCE
feature_502,False,constant_in_training,NOT_PROVIDED_BY_SOURCE
feature_503,False,constant_in_training,NOT_PROVIDED_BY_SOURCE
feature_504,False,constant_in_training,NOT_PROVIDED_BY_SOURCE
feature_505,False,constant_in_training,NOT_PROVIDED_BY_SOURCE
feature_506,False,constant_in_training,NOT_PROVIDED_BY_SOURCE
feature_507,False,constant_in_training,NOT_PROVIDED_BY_SOURCE
feature_508,False,constant_in_training,NOT_PROVIDED_BY_SOURCE
feature_509,False,constant_in_training,NOT_PROVIDED_BY_SOURCE
feature_510,True,nonconstant_observed_training_feature,NOT_PROVIDED_BY_SOURCE
feature_511,True,nonconstant_observed_training_feature,NOT_PROVIDED_BY_SOURCE
feature_512,False,constant_in_training,NOT_PROVIDED_BY_SOURCE
feature_513,False,constant_in_training,NOT_PROVIDED_BY_SOURCE
feature_514,False,constant_in_training,NOT_PROVIDED_BY_SOURCE
feature_515,False,constant_in_training,NOT_PROVIDED_BY_SOURCE
feature_516,True,nonconstant_observed_training_feature,NOT_PROVIDED_BY_SOURCE
feature_517,True,nonconstant_observed_training_feature,NOT_PROVIDED_BY_SOURCE
feature_518,True,nonconstant_observed_training_feature,NOT_PROVIDED_BY_SOURCE
feature_519,True,nonconstant_observed_training_feature,NOT_PROVIDED_BY_SOURCE
feature_520,True,nonconstant_observed_training_feature,NOT_PROVIDED_BY_SOURCE
feature_521,True,nonconstant_observed_training_feature,NOT_PROVIDED_BY_SOURCE
feature_522,True,nonconstant_observed_training_feature,NOT_PROVIDED_BY_SOURCE
feature_523,True,nonconstant_observed_training_feature,NOT_PROVIDED_BY_SOURCE
feature_524,True,nonconstant_observed_training_feature,NOT_PROVIDED_BY_SOURCE
feature_525,True,nonconstant_observed_training_feature,NOT_PROVIDED_BY_SOURCE
feature_526,True,nonconstant_observed_training_feature,NOT_PROVIDED_BY_SOURCE
feature_527,True,nonconstant_observed_training_feature,NOT_PROVIDED_BY_SOURCE
feature_528,False,constant_in_training,NOT_PROVIDED_BY_SOURCE
feature_529,False,constant_in_training,NOT_PROVIDED_BY_SOURCE
feature_530,False,constant_in_training,NOT_PROVIDED_BY_SOURCE
feature_531,False,constant_in_training,NOT_PROVIDED_BY_SOURCE
feature_532,False,constant_in_training,NOT_PROVIDED_BY_SOURCE
feature_533,False,constant_in_training,NOT_PROVIDED_BY_SOURCE
feature_534,False,constant_in_training,NOT_PROVIDED_BY_SOURCE
feature_535,False,constant_in_training,NOT_PROVIDED_BY_SOURCE
feature_536,False,constant_in_training,NOT_PROVIDED_BY_SOURCE
feature_537,False,constant_in_training,NOT_PROVIDED_BY_SOURCE
feature_538,False,constant_in_training,NOT_PROVIDED_BY_SOURCE
feature_539,True,nonconstant_observed_training_feature,NOT_PROVIDED_BY_SOURCE
feature_540,True,nonconstant_observed_training_feature,NOT_PROVIDED_BY_SOURCE
feature_541,True,nonconstant_observed_training_feature,NOT_PROVIDED_BY_SOURCE
feature_542,True,nonconstant_observed_training_feature,NOT_PROVIDED_BY_SOURCE
feature_543,True,nonconstant_observed_training_feature,NOT_PROVIDED_BY_SOURCE
feature_544,True,nonconstant_observed_training_feature,NOT_PROVIDED_BY_SOURCE
feature_545,True,nonconstant_observed_training_feature,NOT_PROVIDED_BY_SOURCE
feature_546,True,nonconstant_observed_training_feature,NOT_PROVIDED_BY_SOURCE
feature_547,True,nonconstant_observed_training_feature,NOT_PROVIDED_BY_SOURCE
feature_548,True,nonconstant_observed_training_feature,NOT_PROVIDED_BY_SOURCE
feature_549,True,nonconstant_observed_training_feature,NOT_PROVIDED_BY_SOURCE
feature_550,True,nonconstant_observed_training_feature,NOT_PROVIDED_BY_SOURCE
feature_551,True,nonconstant_observed_training_feature,NOT_PROVIDED_BY_SOURCE
feature_552,True,nonconstant_observed_training_feature,NOT_PROVIDED_BY_SOURCE
feature_553,True,nonconstant_observed_training_feature,NOT_PROVIDED_BY_SOURCE
feature_554,True,nonconstant_observed_training_feature,NOT_PROVIDED_BY_SOURCE
feature_555,True,nonconstant_observed_training_feature,NOT_PROVIDED_BY_SOURCE
feature_556,True,nonconstant_observed_training_feature,NOT_PROVIDED_BY_SOURCE
feature_557,True,nonconstant_observed_training_feature,NOT_PROVIDED_BY_SOURCE
feature_558,True,nonconstant_observed_training_feature,NOT_PROVIDED_BY_SOURCE
feature_559,True,nonconstant_observed_training_feature,NOT_PROVIDED_BY_SOURCE
feature_560,True,nonconstant_observed_training_feature,NOT_PROVIDED_BY_SOURCE
feature_561,True,nonconstant_observed_training_feature,NOT_PROVIDED_BY_SOURCE
feature_562,True,nonconstant_observed_training_feature,NOT_PROVIDED_BY_SOURCE
feature_563,True,nonconstant_observed_training_feature,NOT_PROVIDED_BY_SOURCE
feature_564,True,nonconstant_observed_training_feature,NOT_PROVIDED_BY_SOURCE
feature_565,True,nonconstant_observed_training_feature,NOT_PROVIDED_BY_SOURCE
feature_566,True,nonconstant_observed_training_feature,NOT_PROVIDED_BY_SOURCE
feature_567,True,nonconstant_observed_training_feature,NOT_PROVIDED_BY_SOURCE
feature_568,True,nonconstant_observed_training_feature,NOT_PROVIDED_BY_SOURCE
feature_569,True,nonconstant_observed_training_feature,NOT_PROVIDED_BY_SOURCE
feature_570,True,nonconstant_observed_training_feature,NOT_PROVIDED_BY_SOURCE
feature_571,True,nonconstant_observed_training_feature,NOT_PROVIDED_BY_SOURCE
feature_572,True,nonconstant_observed_training_feature,NOT_PROVIDED_BY_SOURCE
feature_573,True,nonconstant_observed_training_feature,NOT_PROVIDED_BY_SOURCE
feature_574,True,nonconstant_observed_training_feature,NOT_PROVIDED_BY_SOURCE
feature_575,True,nonconstant_observed_training_feature,NOT_PROVIDED_BY_SOURCE
feature_576,True,nonconstant_observed_training_feature,NOT_PROVIDED_BY_SOURCE
feature_577,True,nonconstant_observed_training_feature,NOT_PROVIDED_BY_SOURCE
feature_578,True,nonconstant_observed_training_feature,NOT_PROVIDED_BY_SOURCE
feature_579,True,nonconstant_observed_training_feature,NOT_PROVIDED_BY_SOURCE
feature_580,True,nonconstant_observed_training_feature,NOT_PROVIDED_BY_SOURCE
feature_581,True,nonconstant_observed_training_feature,NOT_PROVIDED_BY_SOURCE
feature_582,True,nonconstant_observed_training_feature,NOT_PROVIDED_BY_SOURCE
feature_583,True,nonconstant_observed_training_feature,NOT_PROVIDED_BY_SOURCE
feature_584,True,nonconstant_observed_training_feature,NOT_PROVIDED_BY_SOURCE
feature_585,True,nonconstant_observed_training_feature,NOT_PROVIDED_BY_SOURCE
feature_586,True,nonconstant_observed_training_feature,NOT_PROVIDED_BY_SOURCE
feature_587,True,nonconstant_observed_training_feature,NOT_PROVIDED_BY_SOURCE
feature_588,True,nonconstant_observed_training_feature,NOT_PROVIDED_BY_SOURCE
feature_589,True,nonconstant_observed_training_feature,NOT_PROVIDED_BY_SOURCE
