device_id,lot_id,part_number,decision,basis,n_parameters,missing_parameters,driving_parameters,reason_codes,provenance_class,stage,run_id,model_version,spec_revision
SYN_L150_D000,SYN_L150,DEMO_MEMORY,PASS,EARLY_SCREEN,2,,"leakage_current,supply_current",DEMO_SPEC_NOT_APPROVED;B_INTERVAL_INSIDE,SYNTHETIC,EARLY SCREENING (24 h) - not qualification completion,7bb70511fd9f,drishti-0.1.0/A:749f3fff65152311/B:2ba4eaf285832628,DEMO_ONLY_v1
SYN_L150_D001,SYN_L150,DEMO_MEMORY,PASS,EARLY_SCREEN,2,,"leakage_current,supply_current",DEMO_SPEC_NOT_APPROVED;B_INTERVAL_INSIDE,SYNTHETIC,EARLY SCREENING (24 h) - not qualification completion,7bb70511fd9f,drishti-0.1.0/A:749f3fff65152311/B:2ba4eaf285832628,DEMO_ONLY_v1
SYN_L150_D002,SYN_L150,DEMO_MEMORY,PASS,EARLY_SCREEN,2,,"leakage_current,supply_current",DEMO_SPEC_NOT_APPROVED;B_INTERVAL_INSIDE,SYNTHETIC,EARLY SCREENING (24 h) - not qualification completion,7bb70511fd9f,drishti-0.1.0/A:749f3fff65152311/B:2ba4eaf285832628,DEMO_ONLY_v1
SYN_L150_D003,SYN_L150,DEMO_MEMORY,PASS,EARLY_SCREEN,2,,"leakage_current,supply_current",DEMO_SPEC_NOT_APPROVED;B_INTERVAL_INSIDE,SYNTHETIC,EARLY SCREENING (24 h) - not qualification completion,7bb70511fd9f,drishti-0.1.0/A:749f3fff65152311/B:2ba4eaf285832628,DEMO_ONLY_v1
SYN_L150_D004,SYN_L150,DEMO_MEMORY,ESCALATE,REVIEW,2,,supply_current,DEMO_SPEC_NOT_APPROVED;B_INTERVAL_INSIDE;A_UNUSUAL_LEVEL,SYNTHETIC,EARLY SCREENING (24 h) - not qualification completion,7bb70511fd9f,drishti-0.1.0/A:749f3fff65152311/B:2ba4eaf285832628,DEMO_ONLY_v1
SYN_L150_D005,SYN_L150,DEMO_MEMORY,PASS,EARLY_SCREEN,2,,"leakage_current,supply_current",DEMO_SPEC_NOT_APPROVED;B_INTERVAL_INSIDE,SYNTHETIC,EARLY SCREENING (24 h) - not qualification completion,7bb70511fd9f,drishti-0.1.0/A:749f3fff65152311/B:2ba4eaf285832628,DEMO_ONLY_v1
SYN_L150_D006,SYN_L150,DEMO_MEMORY,PASS,EARLY_SCREEN,2,,"leakage_current,supply_current",DEMO_SPEC_NOT_APPROVED;B_INTERVAL_INSIDE,SYNTHETIC,EARLY SCREENING (24 h) - not qualification completion,7bb70511fd9f,drishti-0.1.0/A:749f3fff65152311/B:2ba4eaf285832628,DEMO_ONLY_v1
SYN_L150_D007,SYN_L150,DEMO_MEMORY,ESCALATE,REVIEW,2,,leakage_current,DEMO_SPEC_NOT_APPROVED;A_UNUSUAL_CHANGE;B_INTERVAL_INSIDE,SYNTHETIC,EARLY SCREENING (24 h) - not qualification completion,7bb70511fd9f,drishti-0.1.0/A:749f3fff65152311/B:2ba4eaf285832628,DEMO_ONLY_v1
SYN_L150_D008,SYN_L150,DEMO_MEMORY,PASS,EARLY_SCREEN,2,,"leakage_current,supply_current",DEMO_SPEC_NOT_APPROVED;B_INTERVAL_INSIDE,SYNTHETIC,EARLY SCREENING (24 h) - not qualification completion,7bb70511fd9f,drishti-0.1.0/A:749f3fff65152311/B:2ba4eaf285832628,DEMO_ONLY_v1
SYN_L150_D009,SYN_L150,DEMO_MEMORY,PASS,EARLY_SCREEN,2,,"leakage_current,supply_current",DEMO_SPEC_NOT_APPROVED;B_INTERVAL_INSIDE,SYNTHETIC,EARLY SCREENING (24 h) - not qualification completion,7bb70511fd9f,drishti-0.1.0/A:749f3fff65152311/B:2ba4eaf285832628,DEMO_ONLY_v1
SYN_L150_D010,SYN_L150,DEMO_MEMORY,ESCALATE,REVIEW,2,,leakage_current,DEMO_SPEC_NOT_APPROVED;B_INTERVAL_CROSSES_LIMIT;B_INTERVAL_INSIDE,SYNTHETIC,EARLY SCREENING (24 h) - not qualification completion,7bb70511fd9f,drishti-0.1.0/A:749f3fff65152311/B:2ba4eaf285832628,DEMO_ONLY_v1
SYN_L150_D011,SYN_L150,DEMO_MEMORY,PASS,EARLY_SCREEN,2,,"leakage_current,supply_current",DEMO_SPEC_NOT_APPROVED;B_INTERVAL_INSIDE,SYNTHETIC,EARLY SCREENING (24 h) - not qualification completion,7bb70511fd9f,drishti-0.1.0/A:749f3fff65152311/B:2ba4eaf285832628,DEMO_ONLY_v1
SYN_L150_D012,SYN_L150,DEMO_MEMORY,PASS,EARLY_SCREEN,2,,"leakage_current,supply_current",DEMO_SPEC_NOT_APPROVED;B_INTERVAL_INSIDE,SYNTHETIC,EARLY SCREENING (24 h) - not qualification completion,7bb70511fd9f,drishti-0.1.0/A:749f3fff65152311/B:2ba4eaf285832628,DEMO_ONLY_v1
SYN_L150_D013,SYN_L150,DEMO_MEMORY,ESCALATE,REVIEW,2,,leakage_current,DEMO_SPEC_NOT_APPROVED;B_INTERVAL_CROSSES_LIMIT;B_INTERVAL_INSIDE,SYNTHETIC,EARLY SCREENING (24 h) - not qualification completion,7bb70511fd9f,drishti-0.1.0/A:749f3fff65152311/B:2ba4eaf285832628,DEMO_ONLY_v1
SYN_L150_D014,SYN_L150,DEMO_MEMORY,PASS,EARLY_SCREEN,2,,"leakage_current,supply_current",DEMO_SPEC_NOT_APPROVED;B_INTERVAL_INSIDE,SYNTHETIC,EARLY SCREENING (24 h) - not qualification completion,7bb70511fd9f,drishti-0.1.0/A:749f3fff65152311/B:2ba4eaf285832628,DEMO_ONLY_v1
SYN_L150_D015,SYN_L150,DEMO_MEMORY,ESCALATE,REVIEW,2,,leakage_current,DEMO_SPEC_NOT_APPROVED;A_UNUSUAL_LEVEL;B_INTERVAL_INSIDE,SYNTHETIC,EARLY SCREENING (24 h) - not qualification completion,7bb70511fd9f,drishti-0.1.0/A:749f3fff65152311/B:2ba4eaf285832628,DEMO_ONLY_v1
SYN_L150_D016,SYN_L150,DEMO_MEMORY,PASS,EARLY_SCREEN,2,,"leakage_current,supply_current",DEMO_SPEC_NOT_APPROVED;B_INTERVAL_INSIDE,SYNTHETIC,EARLY SCREENING (24 h) - not qualification completion,7bb70511fd9f,drishti-0.1.0/A:749f3fff65152311/B:2ba4eaf285832628,DEMO_ONLY_v1
SYN_L150_D017,SYN_L150,DEMO_MEMORY,PASS,EARLY_SCREEN,2,,"leakage_current,supply_current",DEMO_SPEC_NOT_APPROVED;B_INTERVAL_INSIDE,SYNTHETIC,EARLY SCREENING (24 h) - not qualification completion,7bb70511fd9f,drishti-0.1.0/A:749f3fff65152311/B:2ba4eaf285832628,DEMO_ONLY_v1
SYN_L150_D018,SYN_L150,DEMO_MEMORY,PASS,EARLY_SCREEN,2,,"leakage_current,supply_current",DEMO_SPEC_NOT_APPROVED;B_INTERVAL_INSIDE,SYNTHETIC,EARLY SCREENING (24 h) - not qualification completion,7bb70511fd9f,drishti-0.1.0/A:749f3fff65152311/B:2ba4eaf285832628,DEMO_ONLY_v1
SYN_L150_D019,SYN_L150,DEMO_MEMORY,ESCALATE,INSUFFICIENT_EVIDENCE,2,,leakage_current,DEMO_SPEC_NOT_APPROVED;A_UNUSUAL_CHANGE;B_OUT_OF_DOMAIN;B_INTERVAL_INSIDE,SYNTHETIC,EARLY SCREENING (24 h) - not qualification completion,7bb70511fd9f,drishti-0.1.0/A:749f3fff65152311/B:2ba4eaf285832628,DEMO_ONLY_v1
SYN_L150_D020,SYN_L150,DEMO_MEMORY,PASS,EARLY_SCREEN,2,,"leakage_current,supply_current",DEMO_SPEC_NOT_APPROVED;B_INTERVAL_INSIDE,SYNTHETIC,EARLY SCREENING (24 h) - not qualification completion,7bb70511fd9f,drishti-0.1.0/A:749f3fff65152311/B:2ba4eaf285832628,DEMO_ONLY_v1
SYN_L150_D021,SYN_L150,DEMO_MEMORY,PASS,EARLY_SCREEN,2,,"leakage_current,supply_current",DEMO_SPEC_NOT_APPROVED;B_INTERVAL_INSIDE,SYNTHETIC,EARLY SCREENING (24 h) - not qualification completion,7bb70511fd9f,drishti-0.1.0/A:749f3fff65152311/B:2ba4eaf285832628,DEMO_ONLY_v1
SYN_L150_D022,SYN_L150,DEMO_MEMORY,PASS,EARLY_SCREEN,2,,"leakage_current,supply_current",DEMO_SPEC_NOT_APPROVED;B_INTERVAL_INSIDE,SYNTHETIC,EARLY SCREENING (24 h) - not qualification completion,7bb70511fd9f,drishti-0.1.0/A:749f3fff65152311/B:2ba4eaf285832628,DEMO_ONLY_v1
SYN_L150_D023,SYN_L150,DEMO_MEMORY,ESCALATE,REVIEW,2,,leakage_current,DEMO_SPEC_NOT_APPROVED;B_INTERVAL_CROSSES_LIMIT;B_INTERVAL_INSIDE,SYNTHETIC,EARLY SCREENING (24 h) - not qualification completion,7bb70511fd9f,drishti-0.1.0/A:749f3fff65152311/B:2ba4eaf285832628,DEMO_ONLY_v1
SYN_L150_D024,SYN_L150,DEMO_MEMORY,PASS,EARLY_SCREEN,2,,"leakage_current,supply_current",DEMO_SPEC_NOT_APPROVED;B_INTERVAL_INSIDE,SYNTHETIC,EARLY SCREENING (24 h) - not qualification completion,7bb70511fd9f,drishti-0.1.0/A:749f3fff65152311/B:2ba4eaf285832628,DEMO_ONLY_v1
SYN_L150_D025,SYN_L150,DEMO_MEMORY,PASS,EARLY_SCREEN,2,,"leakage_current,supply_current",DEMO_SPEC_NOT_APPROVED;B_INTERVAL_INSIDE,SYNTHETIC,EARLY SCREENING (24 h) - not qualification completion,7bb70511fd9f,drishti-0.1.0/A:749f3fff65152311/B:2ba4eaf285832628,DEMO_ONLY_v1
SYN_L150_D026,SYN_L150,DEMO_MEMORY,ESCALATE,REVIEW,2,,supply_current,DEMO_SPEC_NOT_APPROVED;B_INTERVAL_INSIDE;A_UNUSUAL_CHANGE,SYNTHETIC,EARLY SCREENING (24 h) - not qualification completion,7bb70511fd9f,drishti-0.1.0/A:749f3fff65152311/B:2ba4eaf285832628,DEMO_ONLY_v1
SYN_L150_D027,SYN_L150,DEMO_MEMORY,PASS,EARLY_SCREEN,2,,"leakage_current,supply_current",DEMO_SPEC_NOT_APPROVED;B_INTERVAL_INSIDE,SYNTHETIC,EARLY SCREENING (24 h) - not qualification completion,7bb70511fd9f,drishti-0.1.0/A:749f3fff65152311/B:2ba4eaf285832628,DEMO_ONLY_v1
SYN_L150_D028,SYN_L150,DEMO_MEMORY,PASS,EARLY_SCREEN,2,,"leakage_current,supply_current",DEMO_SPEC_NOT_APPROVED;B_INTERVAL_INSIDE,SYNTHETIC,EARLY SCREENING (24 h) - not qualification completion,7bb70511fd9f,drishti-0.1.0/A:749f3fff65152311/B:2ba4eaf285832628,DEMO_ONLY_v1
SYN_L150_D029,SYN_L150,DEMO_MEMORY,PASS,EARLY_SCREEN,2,,"leakage_current,supply_current",DEMO_SPEC_NOT_APPROVED;B_INTERVAL_INSIDE,SYNTHETIC,EARLY SCREENING (24 h) - not qualification completion,7bb70511fd9f,drishti-0.1.0/A:749f3fff65152311/B:2ba4eaf285832628,DEMO_ONLY_v1
SYN_L152_D000,SYN_L152,DEMO_MOSFET,ESCALATE,REVIEW,2,,"RDS_on,threshold_voltage",DEMO_SPEC_NOT_APPROVED;B_INTERVAL_CROSSES_LIMIT,SYNTHETIC,EARLY SCREENING (24 h) - not qualification completion,7bb70511fd9f,drishti-0.1.0/A:749f3fff65152311/B:2ba4eaf285832628,DEMO_ONLY_v1
SYN_L152_D001,SYN_L152,DEMO_MOSFET,ESCALATE,REVIEW,2,,RDS_on,DEMO_SPEC_NOT_APPROVED;B_INTERVAL_CROSSES_LIMIT;B_INTERVAL_INSIDE,SYNTHETIC,EARLY SCREENING (24 h) - not qualification completion,7bb70511fd9f,drishti-0.1.0/A:749f3fff65152311/B:2ba4eaf285832628,DEMO_ONLY_v1
SYN_L152_D002,SYN_L152,DEMO_MOSFET,ESCALATE,REVIEW,2,,RDS_on,DEMO_SPEC_NOT_APPROVED;B_INTERVAL_CROSSES_LIMIT;B_INTERVAL_INSIDE,SYNTHETIC,EARLY SCREENING (24 h) - not qualification completion,7bb70511fd9f,drishti-0.1.0/A:749f3fff65152311/B:2ba4eaf285832628,DEMO_ONLY_v1
SYN_L152_D003,SYN_L152,DEMO_MOSFET,ESCALATE,REVIEW,2,,RDS_on,DEMO_SPEC_NOT_APPROVED;B_INTERVAL_CROSSES_LIMIT;B_INTERVAL_INSIDE,SYNTHETIC,EARLY SCREENING (24 h) - not qualification completion,7bb70511fd9f,drishti-0.1.0/A:749f3fff65152311/B:2ba4eaf285832628,DEMO_ONLY_v1
SYN_L152_D004,SYN_L152,DEMO_MOSFET,ESCALATE,REVIEW,2,,RDS_on,DEMO_SPEC_NOT_APPROVED;A_UNUSUAL_CHANGE;B_INTERVAL_CROSSES_LIMIT;B_INTERVAL_INSIDE,SYNTHETIC,EARLY SCREENING (24 h) - not qualification completion,7bb70511fd9f,drishti-0.1.0/A:749f3fff65152311/B:2ba4eaf285832628,DEMO_ONLY_v1
SYN_L152_D005,SYN_L152,DEMO_MOSFET,ESCALATE,REVIEW,2,,RDS_on,DEMO_SPEC_NOT_APPROVED;B_INTERVAL_CROSSES_LIMIT;B_INTERVAL_INSIDE,SYNTHETIC,EARLY SCREENING (24 h) - not qualification completion,7bb70511fd9f,drishti-0.1.0/A:749f3fff65152311/B:2ba4eaf285832628,DEMO_ONLY_v1
SYN_L152_D006,SYN_L152,DEMO_MOSFET,PASS,EARLY_SCREEN,2,,"RDS_on,threshold_voltage",DEMO_SPEC_NOT_APPROVED;B_INTERVAL_INSIDE,SYNTHETIC,EARLY SCREENING (24 h) - not qualification completion,7bb70511fd9f,drishti-0.1.0/A:749f3fff65152311/B:2ba4eaf285832628,DEMO_ONLY_v1
SYN_L152_D007,SYN_L152,DEMO_MOSFET,PASS,EARLY_SCREEN,2,,"RDS_on,threshold_voltage",DEMO_SPEC_NOT_APPROVED;B_INTERVAL_INSIDE,SYNTHETIC,EARLY SCREENING (24 h) - not qualification completion,7bb70511fd9f,drishti-0.1.0/A:749f3fff65152311/B:2ba4eaf285832628,DEMO_ONLY_v1
SYN_L152_D008,SYN_L152,DEMO_MOSFET,ESCALATE,REVIEW,2,,"RDS_on,threshold_voltage",DEMO_SPEC_NOT_APPROVED;B_INTERVAL_CROSSES_LIMIT,SYNTHETIC,EARLY SCREENING (24 h) - not qualification completion,7bb70511fd9f,drishti-0.1.0/A:749f3fff65152311/B:2ba4eaf285832628,DEMO_ONLY_v1
SYN_L152_D009,SYN_L152,DEMO_MOSFET,ESCALATE,INSUFFICIENT_EVIDENCE,2,,RDS_on,DEMO_SPEC_NOT_APPROVED;A_UNUSUAL_CHANGE;B_OUT_OF_DOMAIN;B_INTERVAL_CROSSES_LIMIT;B_INTERVAL_INSIDE,SYNTHETIC,EARLY SCREENING (24 h) - not qualification completion,7bb70511fd9f,drishti-0.1.0/A:749f3fff65152311/B:2ba4eaf285832628,DEMO_ONLY_v1
SYN_L152_D010,SYN_L152,DEMO_MOSFET,ESCALATE,REVIEW,2,,RDS_on,DEMO_SPEC_NOT_APPROVED;A_UNUSUAL_LEVEL;B_INTERVAL_INSIDE,SYNTHETIC,EARLY SCREENING (24 h) - not qualification completion,7bb70511fd9f,drishti-0.1.0/A:749f3fff65152311/B:2ba4eaf285832628,DEMO_ONLY_v1
SYN_L152_D011,SYN_L152,DEMO_MOSFET,ESCALATE,REVIEW,2,,RDS_on,DEMO_SPEC_NOT_APPROVED;B_INTERVAL_CROSSES_LIMIT;B_INTERVAL_INSIDE,SYNTHETIC,EARLY SCREENING (24 h) - not qualification completion,7bb70511fd9f,drishti-0.1.0/A:749f3fff65152311/B:2ba4eaf285832628,DEMO_ONLY_v1
SYN_L152_D012,SYN_L152,DEMO_MOSFET,ESCALATE,REVIEW,2,,"RDS_on,threshold_voltage",DEMO_SPEC_NOT_APPROVED;A_UNUSUAL_LEVEL;B_INTERVAL_INSIDE;B_INTERVAL_CROSSES_LIMIT,SYNTHETIC,EARLY SCREENING (24 h) - not qualification completion,7bb70511fd9f,drishti-0.1.0/A:749f3fff65152311/B:2ba4eaf285832628,DEMO_ONLY_v1
SYN_L152_D013,SYN_L152,DEMO_MOSFET,ESCALATE,REVIEW,2,,"RDS_on,threshold_voltage",DEMO_SPEC_NOT_APPROVED;B_INTERVAL_CROSSES_LIMIT;B_OUT_OF_DOMAIN;B_INTERVAL_INSIDE,SYNTHETIC,EARLY SCREENING (24 h) - not qualification completion,7bb70511fd9f,drishti-0.1.0/A:749f3fff65152311/B:2ba4eaf285832628,DEMO_ONLY_v1
SYN_L152_D014,SYN_L152,DEMO_MOSFET,ESCALATE,REVIEW,2,,threshold_voltage,DEMO_SPEC_NOT_APPROVED;B_INTERVAL_INSIDE;B_INTERVAL_CROSSES_LIMIT,SYNTHETIC,EARLY SCREENING (24 h) - not qualification completion,7bb70511fd9f,drishti-0.1.0/A:749f3fff65152311/B:2ba4eaf285832628,DEMO_ONLY_v1
SYN_L152_D015,SYN_L152,DEMO_MOSFET,ESCALATE,REVIEW,2,,RDS_on,DEMO_SPEC_NOT_APPROVED;B_INTERVAL_CROSSES_LIMIT;B_INTERVAL_INSIDE,SYNTHETIC,EARLY SCREENING (24 h) - not qualification completion,7bb70511fd9f,drishti-0.1.0/A:749f3fff65152311/B:2ba4eaf285832628,DEMO_ONLY_v1
SYN_L152_D016,SYN_L152,DEMO_MOSFET,ESCALATE,REVIEW,2,,RDS_on,DEMO_SPEC_NOT_APPROVED;A_UNUSUAL_CHANGE;B_INTERVAL_CROSSES_LIMIT;B_INTERVAL_INSIDE,SYNTHETIC,EARLY SCREENING (24 h) - not qualification completion,7bb70511fd9f,drishti-0.1.0/A:749f3fff65152311/B:2ba4eaf285832628,DEMO_ONLY_v1
SYN_L152_D017,SYN_L152,DEMO_MOSFET,ESCALATE,REVIEW,2,,RDS_on,DEMO_SPEC_NOT_APPROVED;B_INTERVAL_CROSSES_LIMIT;B_INTERVAL_INSIDE,SYNTHETIC,EARLY SCREENING (24 h) - not qualification completion,7bb70511fd9f,drishti-0.1.0/A:749f3fff65152311/B:2ba4eaf285832628,DEMO_ONLY_v1
SYN_L152_D018,SYN_L152,DEMO_MOSFET,PASS,EARLY_SCREEN,2,,"RDS_on,threshold_voltage",DEMO_SPEC_NOT_APPROVED;B_INTERVAL_INSIDE,SYNTHETIC,EARLY SCREENING (24 h) - not qualification completion,7bb70511fd9f,drishti-0.1.0/A:749f3fff65152311/B:2ba4eaf285832628,DEMO_ONLY_v1
SYN_L152_D019,SYN_L152,DEMO_MOSFET,ESCALATE,REVIEW,2,,RDS_on,DEMO_SPEC_NOT_APPROVED;B_INTERVAL_CROSSES_LIMIT;B_INTERVAL_INSIDE,SYNTHETIC,EARLY SCREENING (24 h) - not qualification completion,7bb70511fd9f,drishti-0.1.0/A:749f3fff65152311/B:2ba4eaf285832628,DEMO_ONLY_v1
SYN_L152_D020,SYN_L152,DEMO_MOSFET,PASS,EARLY_SCREEN,2,,"RDS_on,threshold_voltage",DEMO_SPEC_NOT_APPROVED;B_INTERVAL_INSIDE,SYNTHETIC,EARLY SCREENING (24 h) - not qualification completion,7bb70511fd9f,drishti-0.1.0/A:749f3fff65152311/B:2ba4eaf285832628,DEMO_ONLY_v1
SYN_L152_D021,SYN_L152,DEMO_MOSFET,PASS,EARLY_SCREEN,2,,"RDS_on,threshold_voltage",DEMO_SPEC_NOT_APPROVED;B_INTERVAL_INSIDE,SYNTHETIC,EARLY SCREENING (24 h) - not qualification completion,7bb70511fd9f,drishti-0.1.0/A:749f3fff65152311/B:2ba4eaf285832628,DEMO_ONLY_v1
SYN_L152_D022,SYN_L152,DEMO_MOSFET,ESCALATE,REVIEW,2,,RDS_on,DEMO_SPEC_NOT_APPROVED;B_INTERVAL_CROSSES_LIMIT;B_INTERVAL_INSIDE,SYNTHETIC,EARLY SCREENING (24 h) - not qualification completion,7bb70511fd9f,drishti-0.1.0/A:749f3fff65152311/B:2ba4eaf285832628,DEMO_ONLY_v1
SYN_L152_D023,SYN_L152,DEMO_MOSFET,ESCALATE,REVIEW,2,,RDS_on,DEMO_SPEC_NOT_APPROVED;B_INTERVAL_CROSSES_LIMIT;B_INTERVAL_INSIDE,SYNTHETIC,EARLY SCREENING (24 h) - not qualification completion,7bb70511fd9f,drishti-0.1.0/A:749f3fff65152311/B:2ba4eaf285832628,DEMO_ONLY_v1
SYN_L152_D024,SYN_L152,DEMO_MOSFET,ESCALATE,REVIEW,2,,RDS_on,DEMO_SPEC_NOT_APPROVED;B_INTERVAL_CROSSES_LIMIT;B_INTERVAL_INSIDE,SYNTHETIC,EARLY SCREENING (24 h) - not qualification completion,7bb70511fd9f,drishti-0.1.0/A:749f3fff65152311/B:2ba4eaf285832628,DEMO_ONLY_v1
SYN_L152_D025,SYN_L152,DEMO_MOSFET,ESCALATE,REVIEW,2,,RDS_on,DEMO_SPEC_NOT_APPROVED;B_INTERVAL_CROSSES_LIMIT;B_INTERVAL_INSIDE,SYNTHETIC,EARLY SCREENING (24 h) - not qualification completion,7bb70511fd9f,drishti-0.1.0/A:749f3fff65152311/B:2ba4eaf285832628,DEMO_ONLY_v1
SYN_L152_D026,SYN_L152,DEMO_MOSFET,ESCALATE,REVIEW,2,,RDS_on,DEMO_SPEC_NOT_APPROVED;B_INTERVAL_CROSSES_LIMIT;B_INTERVAL_INSIDE,SYNTHETIC,EARLY SCREENING (24 h) - not qualification completion,7bb70511fd9f,drishti-0.1.0/A:749f3fff65152311/B:2ba4eaf285832628,DEMO_ONLY_v1
SYN_L152_D027,SYN_L152,DEMO_MOSFET,ESCALATE,REVIEW,2,,"RDS_on,threshold_voltage",DEMO_SPEC_NOT_APPROVED;B_INTERVAL_CROSSES_LIMIT,SYNTHETIC,EARLY SCREENING (24 h) - not qualification completion,7bb70511fd9f,drishti-0.1.0/A:749f3fff65152311/B:2ba4eaf285832628,DEMO_ONLY_v1
SYN_L152_D028,SYN_L152,DEMO_MOSFET,ESCALATE,REVIEW,2,,RDS_on,DEMO_SPEC_NOT_APPROVED;A_UNUSUAL_CHANGE;B_INTERVAL_CROSSES_LIMIT;B_INTERVAL_INSIDE,SYNTHETIC,EARLY SCREENING (24 h) - not qualification completion,7bb70511fd9f,drishti-0.1.0/A:749f3fff65152311/B:2ba4eaf285832628,DEMO_ONLY_v1
SYN_L152_D029,SYN_L152,DEMO_MOSFET,ESCALATE,REVIEW,2,,RDS_on,DEMO_SPEC_NOT_APPROVED;B_INTERVAL_CROSSES_LIMIT;B_INTERVAL_INSIDE,SYNTHETIC,EARLY SCREENING (24 h) - not qualification completion,7bb70511fd9f,drishti-0.1.0/A:749f3fff65152311/B:2ba4eaf285832628,DEMO_ONLY_v1
SYN_L159_D000,SYN_L159,DEMO_MEMORY,PASS,EARLY_SCREEN,2,,"leakage_current,supply_current",DEMO_SPEC_NOT_APPROVED;B_INTERVAL_INSIDE,SYNTHETIC,EARLY SCREENING (24 h) - not qualification completion,7bb70511fd9f,drishti-0.1.0/A:749f3fff65152311/B:2ba4eaf285832628,DEMO_ONLY_v1
SYN_L159_D001,SYN_L159,DEMO_MEMORY,PASS,EARLY_SCREEN,2,,"leakage_current,supply_current",DEMO_SPEC_NOT_APPROVED;B_INTERVAL_INSIDE,SYNTHETIC,EARLY SCREENING (24 h) - not qualification completion,7bb70511fd9f,drishti-0.1.0/A:749f3fff65152311/B:2ba4eaf285832628,DEMO_ONLY_v1
SYN_L159_D002,SYN_L159,DEMO_MEMORY,PASS,EARLY_SCREEN,2,,"leakage_current,supply_current",DEMO_SPEC_NOT_APPROVED;B_INTERVAL_INSIDE,SYNTHETIC,EARLY SCREENING (24 h) - not qualification completion,7bb70511fd9f,drishti-0.1.0/A:749f3fff65152311/B:2ba4eaf285832628,DEMO_ONLY_v1
SYN_L159_D003,SYN_L159,DEMO_MEMORY,PASS,EARLY_SCREEN,2,,"leakage_current,supply_current",DEMO_SPEC_NOT_APPROVED;B_INTERVAL_INSIDE,SYNTHETIC,EARLY SCREENING (24 h) - not qualification completion,7bb70511fd9f,drishti-0.1.0/A:749f3fff65152311/B:2ba4eaf285832628,DEMO_ONLY_v1
SYN_L159_D004,SYN_L159,DEMO_MEMORY,PASS,EARLY_SCREEN,2,,"leakage_current,supply_current",DEMO_SPEC_NOT_APPROVED;B_INTERVAL_INSIDE,SYNTHETIC,EARLY SCREENING (24 h) - not qualification completion,7bb70511fd9f,drishti-0.1.0/A:749f3fff65152311/B:2ba4eaf285832628,DEMO_ONLY_v1
SYN_L159_D005,SYN_L159,DEMO_MEMORY,PASS,EARLY_SCREEN,2,,"leakage_current,supply_current",DEMO_SPEC_NOT_APPROVED;B_INTERVAL_INSIDE,SYNTHETIC,EARLY SCREENING (24 h) - not qualification completion,7bb70511fd9f,drishti-0.1.0/A:749f3fff65152311/B:2ba4eaf285832628,DEMO_ONLY_v1
SYN_L159_D006,SYN_L159,DEMO_MEMORY,ESCALATE,REVIEW,2,,supply_current,DEMO_SPEC_NOT_APPROVED;B_INTERVAL_INSIDE;A_UNUSUAL_LEVEL,SYNTHETIC,EARLY SCREENING (24 h) - not qualification completion,7bb70511fd9f,drishti-0.1.0/A:749f3fff65152311/B:2ba4eaf285832628,DEMO_ONLY_v1
SYN_L159_D007,SYN_L159,DEMO_MEMORY,PASS,EARLY_SCREEN,2,,"leakage_current,supply_current",DEMO_SPEC_NOT_APPROVED;B_INTERVAL_INSIDE,SYNTHETIC,EARLY SCREENING (24 h) - not qualification completion,7bb70511fd9f,drishti-0.1.0/A:749f3fff65152311/B:2ba4eaf285832628,DEMO_ONLY_v1
SYN_L159_D008,SYN_L159,DEMO_MEMORY,PASS,EARLY_SCREEN,2,,"leakage_current,supply_current",DEMO_SPEC_NOT_APPROVED;B_INTERVAL_INSIDE,SYNTHETIC,EARLY SCREENING (24 h) - not qualification completion,7bb70511fd9f,drishti-0.1.0/A:749f3fff65152311/B:2ba4eaf285832628,DEMO_ONLY_v1
SYN_L159_D009,SYN_L159,DEMO_MEMORY,ESCALATE,REVIEW,2,,leakage_current,DEMO_SPEC_NOT_APPROVED;A_UNUSUAL_CHANGE;B_INTERVAL_INSIDE,SYNTHETIC,EARLY SCREENING (24 h) - not qualification completion,7bb70511fd9f,drishti-0.1.0/A:749f3fff65152311/B:2ba4eaf285832628,DEMO_ONLY_v1
SYN_L159_D010,SYN_L159,DEMO_MEMORY,PASS,EARLY_SCREEN,2,,"leakage_current,supply_current",DEMO_SPEC_NOT_APPROVED;B_INTERVAL_INSIDE,SYNTHETIC,EARLY SCREENING (24 h) - not qualification completion,7bb70511fd9f,drishti-0.1.0/A:749f3fff65152311/B:2ba4eaf285832628,DEMO_ONLY_v1
SYN_L159_D011,SYN_L159,DEMO_MEMORY,PASS,EARLY_SCREEN,2,,"leakage_current,supply_current",DEMO_SPEC_NOT_APPROVED;B_INTERVAL_INSIDE,SYNTHETIC,EARLY SCREENING (24 h) - not qualification completion,7bb70511fd9f,drishti-0.1.0/A:749f3fff65152311/B:2ba4eaf285832628,DEMO_ONLY_v1
SYN_L159_D012,SYN_L159,DEMO_MEMORY,PASS,EARLY_SCREEN,2,,"leakage_current,supply_current",DEMO_SPEC_NOT_APPROVED;B_INTERVAL_INSIDE,SYNTHETIC,EARLY SCREENING (24 h) - not qualification completion,7bb70511fd9f,drishti-0.1.0/A:749f3fff65152311/B:2ba4eaf285832628,DEMO_ONLY_v1
SYN_L159_D013,SYN_L159,DEMO_MEMORY,PASS,EARLY_SCREEN,2,,"leakage_current,supply_current",DEMO_SPEC_NOT_APPROVED;B_INTERVAL_INSIDE,SYNTHETIC,EARLY SCREENING (24 h) - not qualification completion,7bb70511fd9f,drishti-0.1.0/A:749f3fff65152311/B:2ba4eaf285832628,DEMO_ONLY_v1
SYN_L159_D014,SYN_L159,DEMO_MEMORY,PASS,EARLY_SCREEN,2,,"leakage_current,supply_current",DEMO_SPEC_NOT_APPROVED;B_INTERVAL_INSIDE,SYNTHETIC,EARLY SCREENING (24 h) - not qualification completion,7bb70511fd9f,drishti-0.1.0/A:749f3fff65152311/B:2ba4eaf285832628,DEMO_ONLY_v1
SYN_L159_D015,SYN_L159,DEMO_MEMORY,PASS,EARLY_SCREEN,2,,"leakage_current,supply_current",DEMO_SPEC_NOT_APPROVED;B_INTERVAL_INSIDE,SYNTHETIC,EARLY SCREENING (24 h) - not qualification completion,7bb70511fd9f,drishti-0.1.0/A:749f3fff65152311/B:2ba4eaf285832628,DEMO_ONLY_v1
SYN_L159_D016,SYN_L159,DEMO_MEMORY,PASS,EARLY_SCREEN,2,,"leakage_current,supply_current",DEMO_SPEC_NOT_APPROVED;B_INTERVAL_INSIDE,SYNTHETIC,EARLY SCREENING (24 h) - not qualification completion,7bb70511fd9f,drishti-0.1.0/A:749f3fff65152311/B:2ba4eaf285832628,DEMO_ONLY_v1
SYN_L159_D017,SYN_L159,DEMO_MEMORY,PASS,EARLY_SCREEN,2,,"leakage_current,supply_current",DEMO_SPEC_NOT_APPROVED;B_INTERVAL_INSIDE,SYNTHETIC,EARLY SCREENING (24 h) - not qualification completion,7bb70511fd9f,drishti-0.1.0/A:749f3fff65152311/B:2ba4eaf285832628,DEMO_ONLY_v1
SYN_L159_D018,SYN_L159,DEMO_MEMORY,PASS,EARLY_SCREEN,2,,"leakage_current,supply_current",DEMO_SPEC_NOT_APPROVED;B_INTERVAL_INSIDE,SYNTHETIC,EARLY SCREENING (24 h) - not qualification completion,7bb70511fd9f,drishti-0.1.0/A:749f3fff65152311/B:2ba4eaf285832628,DEMO_ONLY_v1
SYN_L159_D019,SYN_L159,DEMO_MEMORY,PASS,EARLY_SCREEN,2,,"leakage_current,supply_current",DEMO_SPEC_NOT_APPROVED;B_INTERVAL_INSIDE,SYNTHETIC,EARLY SCREENING (24 h) - not qualification completion,7bb70511fd9f,drishti-0.1.0/A:749f3fff65152311/B:2ba4eaf285832628,DEMO_ONLY_v1
SYN_L159_D020,SYN_L159,DEMO_MEMORY,PASS,EARLY_SCREEN,2,,"leakage_current,supply_current",DEMO_SPEC_NOT_APPROVED;B_INTERVAL_INSIDE,SYNTHETIC,EARLY SCREENING (24 h) - not qualification completion,7bb70511fd9f,drishti-0.1.0/A:749f3fff65152311/B:2ba4eaf285832628,DEMO_ONLY_v1
SYN_L159_D021,SYN_L159,DEMO_MEMORY,PASS,EARLY_SCREEN,2,,"leakage_current,supply_current",DEMO_SPEC_NOT_APPROVED;B_INTERVAL_INSIDE,SYNTHETIC,EARLY SCREENING (24 h) - not qualification completion,7bb70511fd9f,drishti-0.1.0/A:749f3fff65152311/B:2ba4eaf285832628,DEMO_ONLY_v1
SYN_L159_D022,SYN_L159,DEMO_MEMORY,PASS,EARLY_SCREEN,2,,"leakage_current,supply_current",DEMO_SPEC_NOT_APPROVED;B_INTERVAL_INSIDE,SYNTHETIC,EARLY SCREENING (24 h) - not qualification completion,7bb70511fd9f,drishti-0.1.0/A:749f3fff65152311/B:2ba4eaf285832628,DEMO_ONLY_v1
SYN_L159_D023,SYN_L159,DEMO_MEMORY,ESCALATE,REVIEW,2,,leakage_current,DEMO_SPEC_NOT_APPROVED;A_UNUSUAL_CHANGE;B_INTERVAL_INSIDE,SYNTHETIC,EARLY SCREENING (24 h) - not qualification completion,7bb70511fd9f,drishti-0.1.0/A:749f3fff65152311/B:2ba4eaf285832628,DEMO_ONLY_v1
SYN_L159_D024,SYN_L159,DEMO_MEMORY,ESCALATE,REVIEW,2,,leakage_current,DEMO_SPEC_NOT_APPROVED;A_UNUSUAL_CHANGE;B_INTERVAL_INSIDE,SYNTHETIC,EARLY SCREENING (24 h) - not qualification completion,7bb70511fd9f,drishti-0.1.0/A:749f3fff65152311/B:2ba4eaf285832628,DEMO_ONLY_v1
SYN_L159_D025,SYN_L159,DEMO_MEMORY,PASS,EARLY_SCREEN,2,,"leakage_current,supply_current",DEMO_SPEC_NOT_APPROVED;B_INTERVAL_INSIDE,SYNTHETIC,EARLY SCREENING (24 h) - not qualification completion,7bb70511fd9f,drishti-0.1.0/A:749f3fff65152311/B:2ba4eaf285832628,DEMO_ONLY_v1
SYN_L159_D026,SYN_L159,DEMO_MEMORY,ESCALATE,INSUFFICIENT_EVIDENCE,2,,supply_current,DEMO_SPEC_NOT_APPROVED;B_INTERVAL_INSIDE;A_UNUSUAL_LEVEL;B_OUT_OF_DOMAIN,SYNTHETIC,EARLY SCREENING (24 h) - not qualification completion,7bb70511fd9f,drishti-0.1.0/A:749f3fff65152311/B:2ba4eaf285832628,DEMO_ONLY_v1
SYN_L159_D027,SYN_L159,DEMO_MEMORY,ESCALATE,REVIEW,2,,leakage_current,DEMO_SPEC_NOT_APPROVED;A_UNUSUAL_CHANGE;B_INTERVAL_INSIDE,SYNTHETIC,EARLY SCREENING (24 h) - not qualification completion,7bb70511fd9f,drishti-0.1.0/A:749f3fff65152311/B:2ba4eaf285832628,DEMO_ONLY_v1
SYN_L159_D028,SYN_L159,DEMO_MEMORY,PASS,EARLY_SCREEN,2,,"leakage_current,supply_current",DEMO_SPEC_NOT_APPROVED;B_INTERVAL_INSIDE,SYNTHETIC,EARLY SCREENING (24 h) - not qualification completion,7bb70511fd9f,drishti-0.1.0/A:749f3fff65152311/B:2ba4eaf285832628,DEMO_ONLY_v1
SYN_L159_D029,SYN_L159,DEMO_MEMORY,ESCALATE,REVIEW,2,,leakage_current,DEMO_SPEC_NOT_APPROVED;A_UNUSUAL_LEVEL;B_INTERVAL_INSIDE,SYNTHETIC,EARLY SCREENING (24 h) - not qualification completion,7bb70511fd9f,drishti-0.1.0/A:749f3fff65152311/B:2ba4eaf285832628,DEMO_ONLY_v1
SYN_L180_D000,SYN_L180,DEMO_MEMORY,ESCALATE,REVIEW,2,,"leakage_current,supply_current",DEMO_SPEC_NOT_APPROVED;A_LOT_SHIFT;B_INTERVAL_INSIDE,SYNTHETIC,EARLY SCREENING (24 h) - not qualification completion,7bb70511fd9f,drishti-0.1.0/A:749f3fff65152311/B:2ba4eaf285832628,DEMO_ONLY_v1
SYN_L180_D001,SYN_L180,DEMO_MEMORY,ESCALATE,REVIEW,2,,"leakage_current,supply_current",DEMO_SPEC_NOT_APPROVED;A_LOT_SHIFT;B_OUT_OF_DOMAIN;B_INTERVAL_INSIDE,SYNTHETIC,EARLY SCREENING (24 h) - not qualification completion,7bb70511fd9f,drishti-0.1.0/A:749f3fff65152311/B:2ba4eaf285832628,DEMO_ONLY_v1
SYN_L180_D002,SYN_L180,DEMO_MEMORY,ESCALATE,REVIEW,2,,"leakage_current,supply_current",DEMO_SPEC_NOT_APPROVED;A_LOT_SHIFT;B_OUT_OF_DOMAIN;B_INTERVAL_INSIDE,SYNTHETIC,EARLY SCREENING (24 h) - not qualification completion,7bb70511fd9f,drishti-0.1.0/A:749f3fff65152311/B:2ba4eaf285832628,DEMO_ONLY_v1
SYN_L180_D003,SYN_L180,DEMO_MEMORY,ESCALATE,INSUFFICIENT_EVIDENCE,2,,"leakage_current,supply_current",DEMO_SPEC_NOT_APPROVED;A_LOT_SHIFT;B_OUT_OF_DOMAIN;B_INTERVAL_INSIDE,SYNTHETIC,EARLY SCREENING (24 h) - not qualification completion,7bb70511fd9f,drishti-0.1.0/A:749f3fff65152311/B:2ba4eaf285832628,DEMO_ONLY_v1
SYN_L180_D004,SYN_L180,DEMO_MEMORY,ESCALATE,REVIEW,2,,"leakage_current,supply_current",DEMO_SPEC_NOT_APPROVED;A_LOT_SHIFT;B_INTERVAL_INSIDE,SYNTHETIC,EARLY SCREENING (24 h) - not qualification completion,7bb70511fd9f,drishti-0.1.0/A:749f3fff65152311/B:2ba4eaf285832628,DEMO_ONLY_v1
SYN_L180_D005,SYN_L180,DEMO_MEMORY,ESCALATE,REVIEW,2,,"leakage_current,supply_current",DEMO_SPEC_NOT_APPROVED;A_LOT_SHIFT;B_OUT_OF_DOMAIN;B_INTERVAL_INSIDE,SYNTHETIC,EARLY SCREENING (24 h) - not qualification completion,7bb70511fd9f,drishti-0.1.0/A:749f3fff65152311/B:2ba4eaf285832628,DEMO_ONLY_v1
SYN_L180_D006,SYN_L180,DEMO_MEMORY,ESCALATE,REVIEW,2,,"leakage_current,supply_current",DEMO_SPEC_NOT_APPROVED;A_LOT_SHIFT;B_OUT_OF_DOMAIN;B_INTERVAL_INSIDE,SYNTHETIC,EARLY SCREENING (24 h) - not qualification completion,7bb70511fd9f,drishti-0.1.0/A:749f3fff65152311/B:2ba4eaf285832628,DEMO_ONLY_v1
SYN_L180_D007,SYN_L180,DEMO_MEMORY,ESCALATE,INSUFFICIENT_EVIDENCE,2,,"leakage_current,supply_current",DEMO_SPEC_NOT_APPROVED;A_LOT_SHIFT;B_OUT_OF_DOMAIN;B_INTERVAL_INSIDE;A_UNUSUAL_CHANGE,SYNTHETIC,EARLY SCREENING (24 h) - not qualification completion,7bb70511fd9f,drishti-0.1.0/A:749f3fff65152311/B:2ba4eaf285832628,DEMO_ONLY_v1
SYN_L180_D008,SYN_L180,DEMO_MEMORY,ESCALATE,INSUFFICIENT_EVIDENCE,2,,"leakage_current,supply_current",DEMO_SPEC_NOT_APPROVED;A_LOT_SHIFT;B_OUT_OF_DOMAIN;B_INTERVAL_INSIDE,SYNTHETIC,EARLY SCREENING (24 h) - not qualification completion,7bb70511fd9f,drishti-0.1.0/A:749f3fff65152311/B:2ba4eaf285832628,DEMO_ONLY_v1
SYN_L180_D009,SYN_L180,DEMO_MEMORY,ESCALATE,INSUFFICIENT_EVIDENCE,2,,"leakage_current,supply_current",DEMO_SPEC_NOT_APPROVED;A_LOT_SHIFT;B_OUT_OF_DOMAIN;B_INTERVAL_INSIDE,SYNTHETIC,EARLY SCREENING (24 h) - not qualification completion,7bb70511fd9f,drishti-0.1.0/A:749f3fff65152311/B:2ba4eaf285832628,DEMO_ONLY_v1
SYN_L180_D010,SYN_L180,DEMO_MEMORY,ESCALATE,REVIEW,2,,"leakage_current,supply_current",DEMO_SPEC_NOT_APPROVED;A_LOT_SHIFT;B_OUT_OF_DOMAIN;B_INTERVAL_INSIDE,SYNTHETIC,EARLY SCREENING (24 h) - not qualification completion,7bb70511fd9f,drishti-0.1.0/A:749f3fff65152311/B:2ba4eaf285832628,DEMO_ONLY_v1
SYN_L180_D011,SYN_L180,DEMO_MEMORY,ESCALATE,REVIEW,2,,"leakage_current,supply_current",DEMO_SPEC_NOT_APPROVED;A_LOT_SHIFT;B_OUT_OF_DOMAIN;B_INTERVAL_INSIDE,SYNTHETIC,EARLY SCREENING (24 h) - not qualification completion,7bb70511fd9f,drishti-0.1.0/A:749f3fff65152311/B:2ba4eaf285832628,DEMO_ONLY_v1
SYN_L180_D012,SYN_L180,DEMO_MEMORY,ESCALATE,REVIEW,2,,"leakage_current,supply_current",DEMO_SPEC_NOT_APPROVED;A_LOT_SHIFT;B_OUT_OF_DOMAIN;B_INTERVAL_INSIDE,SYNTHETIC,EARLY SCREENING (24 h) - not qualification completion,7bb70511fd9f,drishti-0.1.0/A:749f3fff65152311/B:2ba4eaf285832628,DEMO_ONLY_v1
SYN_L180_D013,SYN_L180,DEMO_MEMORY,ESCALATE,REVIEW,2,,"leakage_current,supply_current",DEMO_SPEC_NOT_APPROVED;A_LOT_SHIFT;B_OUT_OF_DOMAIN;B_INTERVAL_INSIDE,SYNTHETIC,EARLY SCREENING (24 h) - not qualification completion,7bb70511fd9f,drishti-0.1.0/A:749f3fff65152311/B:2ba4eaf285832628,DEMO_ONLY_v1
SYN_L180_D014,SYN_L180,DEMO_MEMORY,ESCALATE,REVIEW,2,,"leakage_current,supply_current",DEMO_SPEC_NOT_APPROVED;A_LOT_SHIFT;B_INTERVAL_INSIDE,SYNTHETIC,EARLY SCREENING (24 h) - not qualification completion,7bb70511fd9f,drishti-0.1.0/A:749f3fff65152311/B:2ba4eaf285832628,DEMO_ONLY_v1
SYN_L180_D015,SYN_L180,DEMO_MEMORY,ESCALATE,REVIEW,2,,"leakage_current,supply_current",DEMO_SPEC_NOT_APPROVED;A_LOT_SHIFT;B_INTERVAL_INSIDE,SYNTHETIC,EARLY SCREENING (24 h) - not qualification completion,7bb70511fd9f,drishti-0.1.0/A:749f3fff65152311/B:2ba4eaf285832628,DEMO_ONLY_v1
SYN_L180_D016,SYN_L180,DEMO_MEMORY,ESCALATE,REVIEW,2,,"leakage_current,supply_current",DEMO_SPEC_NOT_APPROVED;A_LOT_SHIFT;B_OUT_OF_DOMAIN;B_INTERVAL_INSIDE,SYNTHETIC,EARLY SCREENING (24 h) - not qualification completion,7bb70511fd9f,drishti-0.1.0/A:749f3fff65152311/B:2ba4eaf285832628,DEMO_ONLY_v1
SYN_L180_D017,SYN_L180,DEMO_MEMORY,ESCALATE,REVIEW,2,,"leakage_current,supply_current",DEMO_SPEC_NOT_APPROVED;A_LOT_SHIFT;B_OUT_OF_DOMAIN;B_INTERVAL_INSIDE,SYNTHETIC,EARLY SCREENING (24 h) - not qualification completion,7bb70511fd9f,drishti-0.1.0/A:749f3fff65152311/B:2ba4eaf285832628,DEMO_ONLY_v1
SYN_L180_D018,SYN_L180,DEMO_MEMORY,ESCALATE,INSUFFICIENT_EVIDENCE,2,,"leakage_current,supply_current",DEMO_SPEC_NOT_APPROVED;A_LOT_SHIFT;B_OUT_OF_DOMAIN;B_INTERVAL_INSIDE,SYNTHETIC,EARLY SCREENING (24 h) - not qualification completion,7bb70511fd9f,drishti-0.1.0/A:749f3fff65152311/B:2ba4eaf285832628,DEMO_ONLY_v1
SYN_L180_D019,SYN_L180,DEMO_MEMORY,ESCALATE,REVIEW,2,,"leakage_current,supply_current",DEMO_SPEC_NOT_APPROVED;A_LOT_SHIFT;B_OUT_OF_DOMAIN;B_INTERVAL_INSIDE,SYNTHETIC,EARLY SCREENING (24 h) - not qualification completion,7bb70511fd9f,drishti-0.1.0/A:749f3fff65152311/B:2ba4eaf285832628,DEMO_ONLY_v1
SYN_L180_D020,SYN_L180,DEMO_MEMORY,FAIL,OBSERVED,2,,leakage_current,SPEC_OBSERVED_FAIL;DEMO_SPEC_NOT_APPROVED;A_UNUSUAL_LEVEL;A_LOT_SHIFT;B_OUT_OF_DOMAIN;B_INTERVAL_INSIDE,SYNTHETIC,EARLY SCREENING (24 h) - not qualification completion,7bb70511fd9f,drishti-0.1.0/A:749f3fff65152311/B:2ba4eaf285832628,DEMO_ONLY_v1
SYN_L180_D021,SYN_L180,DEMO_MEMORY,ESCALATE,REVIEW,2,,"leakage_current,supply_current",DEMO_SPEC_NOT_APPROVED;A_LOT_SHIFT;B_INTERVAL_INSIDE,SYNTHETIC,EARLY SCREENING (24 h) - not qualification completion,7bb70511fd9f,drishti-0.1.0/A:749f3fff65152311/B:2ba4eaf285832628,DEMO_ONLY_v1
SYN_L180_D022,SYN_L180,DEMO_MEMORY,ESCALATE,REVIEW,2,,"leakage_current,supply_current",DEMO_SPEC_NOT_APPROVED;A_LOT_SHIFT;B_OUT_OF_DOMAIN;B_INTERVAL_INSIDE,SYNTHETIC,EARLY SCREENING (24 h) - not qualification completion,7bb70511fd9f,drishti-0.1.0/A:749f3fff65152311/B:2ba4eaf285832628,DEMO_ONLY_v1
SYN_L180_D023,SYN_L180,DEMO_MEMORY,ESCALATE,REVIEW,2,,"leakage_current,supply_current",DEMO_SPEC_NOT_APPROVED;A_UNUSUAL_CHANGE;A_LOT_SHIFT;B_OUT_OF_DOMAIN;B_INTERVAL_INSIDE,SYNTHETIC,EARLY SCREENING (24 h) - not qualification completion,7bb70511fd9f,drishti-0.1.0/A:749f3fff65152311/B:2ba4eaf285832628,DEMO_ONLY_v1
SYN_L192_D000,SYN_L192,DEMO_MEMORY,ESCALATE,INSUFFICIENT_EVIDENCE,2,,"leakage_current,supply_current",DQ_MISSING_INPUT;DEMO_SPEC_NOT_APPROVED;A_NOT_SCORED_MISSING;B_NOT_RUN_MISSING_INPUT,SYNTHETIC,EARLY SCREENING (24 h) - not qualification completion,7bb70511fd9f,drishti-0.1.0/A:749f3fff65152311/B:2ba4eaf285832628,DEMO_ONLY_v1
SYN_L192_D001,SYN_L192,DEMO_MEMORY,ESCALATE,INSUFFICIENT_EVIDENCE,2,,"leakage_current,supply_current",DQ_IDENTICAL_READINGS;DEMO_SPEC_NOT_APPROVED;A_INSUFFICIENT_PEERS;B_OUT_OF_DOMAIN;B_INTERVAL_INSIDE,SYNTHETIC,EARLY SCREENING (24 h) - not qualification completion,7bb70511fd9f,drishti-0.1.0/A:749f3fff65152311/B:2ba4eaf285832628,DEMO_ONLY_v1
SYN_L192_D002,SYN_L192,DEMO_MEMORY,ESCALATE,INSUFFICIENT_EVIDENCE,2,,"leakage_current,supply_current",DEMO_SPEC_NOT_APPROVED;A_INSUFFICIENT_PEERS;B_INTERVAL_INSIDE,SYNTHETIC,EARLY SCREENING (24 h) - not qualification completion,7bb70511fd9f,drishti-0.1.0/A:749f3fff65152311/B:2ba4eaf285832628,DEMO_ONLY_v1
ILLUSTRATIVE_Q155_D000,ILLUSTRATIVE_Q155,DEMO_MOSFET,ESCALATE,REVIEW,2,,"RDS_on,threshold_voltage",DEMO_SPEC_NOT_APPROVED;B_INTERVAL_CROSSES_LIMIT;A_ZERO_MAD;B_INTERVAL_INSIDE,SYNTHETIC,EARLY SCREENING (24 h) - not qualification completion,7bb70511fd9f,drishti-0.1.0/A:749f3fff65152311/B:2ba4eaf285832628,DEMO_ONLY_v1
ILLUSTRATIVE_Q155_D001,ILLUSTRATIVE_Q155,DEMO_MOSFET,ESCALATE,REVIEW,2,,"RDS_on,threshold_voltage",DEMO_SPEC_NOT_APPROVED;B_INTERVAL_CROSSES_LIMIT;DQ_IDENTICAL_READINGS;A_ZERO_MAD;B_INTERVAL_INSIDE,SYNTHETIC,EARLY SCREENING (24 h) - not qualification completion,7bb70511fd9f,drishti-0.1.0/A:749f3fff65152311/B:2ba4eaf285832628,DEMO_ONLY_v1
ILLUSTRATIVE_Q155_D002,ILLUSTRATIVE_Q155,DEMO_MOSFET,ESCALATE,INSUFFICIENT_EVIDENCE,2,,threshold_voltage,DEMO_SPEC_NOT_APPROVED;B_INTERVAL_INSIDE;DQ_IDENTICAL_READINGS;A_ZERO_MAD,SYNTHETIC,EARLY SCREENING (24 h) - not qualification completion,7bb70511fd9f,drishti-0.1.0/A:749f3fff65152311/B:2ba4eaf285832628,DEMO_ONLY_v1
ILLUSTRATIVE_Q155_D003,ILLUSTRATIVE_Q155,DEMO_MOSFET,ESCALATE,REVIEW,2,,"RDS_on,threshold_voltage",DEMO_SPEC_NOT_APPROVED;B_INTERVAL_CROSSES_LIMIT;DQ_IDENTICAL_READINGS;A_ZERO_MAD;B_INTERVAL_INSIDE,SYNTHETIC,EARLY SCREENING (24 h) - not qualification completion,7bb70511fd9f,drishti-0.1.0/A:749f3fff65152311/B:2ba4eaf285832628,DEMO_ONLY_v1
ILLUSTRATIVE_Q155_D004,ILLUSTRATIVE_Q155,DEMO_MOSFET,ESCALATE,INSUFFICIENT_EVIDENCE,2,,threshold_voltage,DEMO_SPEC_NOT_APPROVED;B_INTERVAL_INSIDE;A_ZERO_MAD,SYNTHETIC,EARLY SCREENING (24 h) - not qualification completion,7bb70511fd9f,drishti-0.1.0/A:749f3fff65152311/B:2ba4eaf285832628,DEMO_ONLY_v1
ILLUSTRATIVE_Q155_D005,ILLUSTRATIVE_Q155,DEMO_MOSFET,ESCALATE,REVIEW,2,,"RDS_on,threshold_voltage",DEMO_SPEC_NOT_APPROVED;A_UNUSUAL_LEVEL;B_INTERVAL_CROSSES_LIMIT;DQ_IDENTICAL_READINGS;A_ZERO_MAD;B_INTERVAL_INSIDE,SYNTHETIC,EARLY SCREENING (24 h) - not qualification completion,7bb70511fd9f,drishti-0.1.0/A:749f3fff65152311/B:2ba4eaf285832628,DEMO_ONLY_v1
ILLUSTRATIVE_Q155_D006,ILLUSTRATIVE_Q155,DEMO_MOSFET,ESCALATE,REVIEW,2,,"RDS_on,threshold_voltage",DEMO_SPEC_NOT_APPROVED;A_UNUSUAL_CHANGE;B_INTERVAL_CROSSES_LIMIT;DQ_IDENTICAL_READINGS;A_ZERO_MAD;B_INTERVAL_INSIDE,SYNTHETIC,EARLY SCREENING (24 h) - not qualification completion,7bb70511fd9f,drishti-0.1.0/A:749f3fff65152311/B:2ba4eaf285832628,DEMO_ONLY_v1
ILLUSTRATIVE_Q155_D007,ILLUSTRATIVE_Q155,DEMO_MOSFET,ESCALATE,INSUFFICIENT_EVIDENCE,2,,threshold_voltage,DEMO_SPEC_NOT_APPROVED;B_INTERVAL_INSIDE;DQ_IDENTICAL_READINGS;A_ZERO_MAD,SYNTHETIC,EARLY SCREENING (24 h) - not qualification completion,7bb70511fd9f,drishti-0.1.0/A:749f3fff65152311/B:2ba4eaf285832628,DEMO_ONLY_v1
ILLUSTRATIVE_Q155_D008,ILLUSTRATIVE_Q155,DEMO_MOSFET,ESCALATE,INSUFFICIENT_EVIDENCE,2,,threshold_voltage,DEMO_SPEC_NOT_APPROVED;B_INTERVAL_INSIDE;DQ_IDENTICAL_READINGS;A_ZERO_MAD,SYNTHETIC,EARLY SCREENING (24 h) - not qualification completion,7bb70511fd9f,drishti-0.1.0/A:749f3fff65152311/B:2ba4eaf285832628,DEMO_ONLY_v1
ILLUSTRATIVE_Q155_D009,ILLUSTRATIVE_Q155,DEMO_MOSFET,ESCALATE,INSUFFICIENT_EVIDENCE,2,,threshold_voltage,DEMO_SPEC_NOT_APPROVED;B_INTERVAL_INSIDE;DQ_IDENTICAL_READINGS;A_ZERO_MAD,SYNTHETIC,EARLY SCREENING (24 h) - not qualification completion,7bb70511fd9f,drishti-0.1.0/A:749f3fff65152311/B:2ba4eaf285832628,DEMO_ONLY_v1
ILLUSTRATIVE_Q155_D010,ILLUSTRATIVE_Q155,DEMO_MOSFET,ESCALATE,REVIEW,2,,"RDS_on,threshold_voltage",DEMO_SPEC_NOT_APPROVED;B_INTERVAL_CROSSES_LIMIT;DQ_IDENTICAL_READINGS;A_ZERO_MAD;B_INTERVAL_INSIDE,SYNTHETIC,EARLY SCREENING (24 h) - not qualification completion,7bb70511fd9f,drishti-0.1.0/A:749f3fff65152311/B:2ba4eaf285832628,DEMO_ONLY_v1
ILLUSTRATIVE_Q155_D011,ILLUSTRATIVE_Q155,DEMO_MOSFET,ESCALATE,INSUFFICIENT_EVIDENCE,2,,threshold_voltage,DEMO_SPEC_NOT_APPROVED;B_INTERVAL_INSIDE;DQ_IDENTICAL_READINGS;A_ZERO_MAD;B_INTERVAL_CROSSES_LIMIT,SYNTHETIC,EARLY SCREENING (24 h) - not qualification completion,7bb70511fd9f,drishti-0.1.0/A:749f3fff65152311/B:2ba4eaf285832628,DEMO_ONLY_v1
ILLUSTRATIVE_Q155_D012,ILLUSTRATIVE_Q155,DEMO_MOSFET,ESCALATE,INSUFFICIENT_EVIDENCE,2,,threshold_voltage,DEMO_SPEC_NOT_APPROVED;B_INTERVAL_INSIDE;DQ_IDENTICAL_READINGS;A_ZERO_MAD,SYNTHETIC,EARLY SCREENING (24 h) - not qualification completion,7bb70511fd9f,drishti-0.1.0/A:749f3fff65152311/B:2ba4eaf285832628,DEMO_ONLY_v1
ILLUSTRATIVE_Q155_D013,ILLUSTRATIVE_Q155,DEMO_MOSFET,ESCALATE,INSUFFICIENT_EVIDENCE,2,,threshold_voltage,DEMO_SPEC_NOT_APPROVED;B_INTERVAL_INSIDE;DQ_IDENTICAL_READINGS;A_ZERO_MAD,SYNTHETIC,EARLY SCREENING (24 h) - not qualification completion,7bb70511fd9f,drishti-0.1.0/A:749f3fff65152311/B:2ba4eaf285832628,DEMO_ONLY_v1
ILLUSTRATIVE_Q155_D014,ILLUSTRATIVE_Q155,DEMO_MOSFET,ESCALATE,INSUFFICIENT_EVIDENCE,2,,threshold_voltage,DEMO_SPEC_NOT_APPROVED;B_INTERVAL_INSIDE;DQ_IDENTICAL_READINGS;A_ZERO_MAD,SYNTHETIC,EARLY SCREENING (24 h) - not qualification completion,7bb70511fd9f,drishti-0.1.0/A:749f3fff65152311/B:2ba4eaf285832628,DEMO_ONLY_v1
ILLUSTRATIVE_Q155_D015,ILLUSTRATIVE_Q155,DEMO_MOSFET,ESCALATE,INSUFFICIENT_EVIDENCE,2,,threshold_voltage,DEMO_SPEC_NOT_APPROVED;B_INTERVAL_INSIDE;A_ZERO_MAD,SYNTHETIC,EARLY SCREENING (24 h) - not qualification completion,7bb70511fd9f,drishti-0.1.0/A:749f3fff65152311/B:2ba4eaf285832628,DEMO_ONLY_v1
ILLUSTRATIVE_Q155_D016,ILLUSTRATIVE_Q155,DEMO_MOSFET,ESCALATE,INSUFFICIENT_EVIDENCE,2,,threshold_voltage,DEMO_SPEC_NOT_APPROVED;B_INTERVAL_INSIDE;A_ZERO_MAD,SYNTHETIC,EARLY SCREENING (24 h) - not qualification completion,7bb70511fd9f,drishti-0.1.0/A:749f3fff65152311/B:2ba4eaf285832628,DEMO_ONLY_v1
ILLUSTRATIVE_Q155_D017,ILLUSTRATIVE_Q155,DEMO_MOSFET,ESCALATE,REVIEW,2,,"RDS_on,threshold_voltage",DEMO_SPEC_NOT_APPROVED;B_INTERVAL_CROSSES_LIMIT;DQ_IDENTICAL_READINGS;A_ZERO_MAD;B_INTERVAL_INSIDE,SYNTHETIC,EARLY SCREENING (24 h) - not qualification completion,7bb70511fd9f,drishti-0.1.0/A:749f3fff65152311/B:2ba4eaf285832628,DEMO_ONLY_v1
ILLUSTRATIVE_Q155_D018,ILLUSTRATIVE_Q155,DEMO_MOSFET,ESCALATE,REVIEW,2,,"RDS_on,threshold_voltage",DEMO_SPEC_NOT_APPROVED;B_INTERVAL_CROSSES_LIMIT;DQ_IDENTICAL_READINGS;A_ZERO_MAD;B_INTERVAL_INSIDE,SYNTHETIC,EARLY SCREENING (24 h) - not qualification completion,7bb70511fd9f,drishti-0.1.0/A:749f3fff65152311/B:2ba4eaf285832628,DEMO_ONLY_v1
ILLUSTRATIVE_Q155_D019,ILLUSTRATIVE_Q155,DEMO_MOSFET,ESCALATE,REVIEW,2,,"RDS_on,threshold_voltage",DEMO_SPEC_NOT_APPROVED;B_INTERVAL_CROSSES_LIMIT;DQ_IDENTICAL_READINGS;A_ZERO_MAD;B_INTERVAL_INSIDE,SYNTHETIC,EARLY SCREENING (24 h) - not qualification completion,7bb70511fd9f,drishti-0.1.0/A:749f3fff65152311/B:2ba4eaf285832628,DEMO_ONLY_v1
ILLUSTRATIVE_Q155_D020,ILLUSTRATIVE_Q155,DEMO_MOSFET,ESCALATE,REVIEW,2,,"RDS_on,threshold_voltage",DEMO_SPEC_NOT_APPROVED;B_INTERVAL_CROSSES_LIMIT;DQ_IDENTICAL_READINGS;A_ZERO_MAD;B_INTERVAL_INSIDE,SYNTHETIC,EARLY SCREENING (24 h) - not qualification completion,7bb70511fd9f,drishti-0.1.0/A:749f3fff65152311/B:2ba4eaf285832628,DEMO_ONLY_v1
ILLUSTRATIVE_Q155_D021,ILLUSTRATIVE_Q155,DEMO_MOSFET,ESCALATE,INSUFFICIENT_EVIDENCE,2,,threshold_voltage,DEMO_SPEC_NOT_APPROVED;B_INTERVAL_INSIDE;DQ_IDENTICAL_READINGS;A_ZERO_MAD,SYNTHETIC,EARLY SCREENING (24 h) - not qualification completion,7bb70511fd9f,drishti-0.1.0/A:749f3fff65152311/B:2ba4eaf285832628,DEMO_ONLY_v1
ILLUSTRATIVE_Q155_D022,ILLUSTRATIVE_Q155,DEMO_MOSFET,ESCALATE,INSUFFICIENT_EVIDENCE,2,,threshold_voltage,DEMO_SPEC_NOT_APPROVED;B_INTERVAL_INSIDE;DQ_IDENTICAL_READINGS;A_ZERO_MAD,SYNTHETIC,EARLY SCREENING (24 h) - not qualification completion,7bb70511fd9f,drishti-0.1.0/A:749f3fff65152311/B:2ba4eaf285832628,DEMO_ONLY_v1
ILLUSTRATIVE_Q155_D023,ILLUSTRATIVE_Q155,DEMO_MOSFET,ESCALATE,REVIEW,2,,"RDS_on,threshold_voltage",DEMO_SPEC_NOT_APPROVED;B_INTERVAL_CROSSES_LIMIT;DQ_IDENTICAL_READINGS;A_ZERO_MAD;B_INTERVAL_INSIDE,SYNTHETIC,EARLY SCREENING (24 h) - not qualification completion,7bb70511fd9f,drishti-0.1.0/A:749f3fff65152311/B:2ba4eaf285832628,DEMO_ONLY_v1
ILLUSTRATIVE_Q155_D024,ILLUSTRATIVE_Q155,DEMO_MOSFET,ESCALATE,INSUFFICIENT_EVIDENCE,2,,threshold_voltage,DEMO_SPEC_NOT_APPROVED;B_INTERVAL_INSIDE;DQ_IDENTICAL_READINGS;A_ZERO_MAD,SYNTHETIC,EARLY SCREENING (24 h) - not qualification completion,7bb70511fd9f,drishti-0.1.0/A:749f3fff65152311/B:2ba4eaf285832628,DEMO_ONLY_v1
ILLUSTRATIVE_Q155_D025,ILLUSTRATIVE_Q155,DEMO_MOSFET,ESCALATE,REVIEW,2,,"RDS_on,threshold_voltage",DEMO_SPEC_NOT_APPROVED;A_UNUSUAL_CHANGE;B_INTERVAL_CROSSES_LIMIT;DQ_IDENTICAL_READINGS;A_ZERO_MAD;B_INTERVAL_INSIDE,SYNTHETIC,EARLY SCREENING (24 h) - not qualification completion,7bb70511fd9f,drishti-0.1.0/A:749f3fff65152311/B:2ba4eaf285832628,DEMO_ONLY_v1
ILLUSTRATIVE_Q155_D026,ILLUSTRATIVE_Q155,DEMO_MOSFET,ESCALATE,INSUFFICIENT_EVIDENCE,2,,"RDS_on,threshold_voltage",DEMO_SPEC_NOT_APPROVED;B_OUT_OF_DOMAIN;B_INTERVAL_INSIDE;DQ_IDENTICAL_READINGS;A_ZERO_MAD,SYNTHETIC,EARLY SCREENING (24 h) - not qualification completion,7bb70511fd9f,drishti-0.1.0/A:749f3fff65152311/B:2ba4eaf285832628,DEMO_ONLY_v1
ILLUSTRATIVE_Q155_D027,ILLUSTRATIVE_Q155,DEMO_MOSFET,ESCALATE,REVIEW,2,,"RDS_on,threshold_voltage",DEMO_SPEC_NOT_APPROVED;B_INTERVAL_CROSSES_LIMIT;DQ_IDENTICAL_READINGS;A_ZERO_MAD;B_INTERVAL_INSIDE,SYNTHETIC,EARLY SCREENING (24 h) - not qualification completion,7bb70511fd9f,drishti-0.1.0/A:749f3fff65152311/B:2ba4eaf285832628,DEMO_ONLY_v1
ILLUSTRATIVE_Q155_D028,ILLUSTRATIVE_Q155,DEMO_MOSFET,ESCALATE,INSUFFICIENT_EVIDENCE,2,,threshold_voltage,DEMO_SPEC_NOT_APPROVED;B_INTERVAL_INSIDE;DQ_IDENTICAL_READINGS;A_ZERO_MAD,SYNTHETIC,EARLY SCREENING (24 h) - not qualification completion,7bb70511fd9f,drishti-0.1.0/A:749f3fff65152311/B:2ba4eaf285832628,DEMO_ONLY_v1
ILLUSTRATIVE_Q155_D029,ILLUSTRATIVE_Q155,DEMO_MOSFET,ESCALATE,INSUFFICIENT_EVIDENCE,2,,threshold_voltage,DEMO_SPEC_NOT_APPROVED;B_INTERVAL_INSIDE;DQ_IDENTICAL_READINGS;A_ZERO_MAD,SYNTHETIC,EARLY SCREENING (24 h) - not qualification completion,7bb70511fd9f,drishti-0.1.0/A:749f3fff65152311/B:2ba4eaf285832628,DEMO_ONLY_v1
