sample_id,device_id,lot_id,part_number,parameter,unit,value_0h,value_24h,spec_lower,spec_upper,spec_origin,provenance_class,test_condition,quality_flags
SYN_L150_D000:leakage_current,SYN_L150_D000,SYN_L150,DEMO_MEMORY,leakage_current,uA,9.347521408526545,9.526561767864791,0,50.0,DEMONSTRATION_ASSUMPTION,SYNTHETIC,stress125C_meas25C,
SYN_L150_D000:supply_current,SYN_L150_D000,SYN_L150,DEMO_MEMORY,supply_current,mA,3.92577321717574,3.9467122390450498,0,6.0,DEMONSTRATION_ASSUMPTION,SYNTHETIC,stress125C_meas25C,
SYN_L150_D001:leakage_current,SYN_L150_D001,SYN_L150,DEMO_MEMORY,leakage_current,uA,9.298696926509882,9.54530579564482,0,50.0,DEMONSTRATION_ASSUMPTION,SYNTHETIC,stress125C_meas25C,
SYN_L150_D001:supply_current,SYN_L150_D001,SYN_L150,DEMO_MEMORY,supply_current,mA,3.773649860807879,3.8133233584599378,0,6.0,DEMONSTRATION_ASSUMPTION,SYNTHETIC,stress125C_meas25C,
SYN_L150_D002:leakage_current,SYN_L150_D002,SYN_L150,DEMO_MEMORY,leakage_current,uA,9.858906991154978,10.083302317451338,0,50.0,DEMONSTRATION_ASSUMPTION,SYNTHETIC,stress125C_meas25C,
SYN_L150_D002:supply_current,SYN_L150_D002,SYN_L150,DEMO_MEMORY,supply_current,mA,4.037363920134776,4.060644334088504,0,6.0,DEMONSTRATION_ASSUMPTION,SYNTHETIC,stress125C_meas25C,
SYN_L150_D003:leakage_current,SYN_L150_D003,SYN_L150,DEMO_MEMORY,leakage_current,uA,9.518678498803869,9.75955423971724,0,50.0,DEMONSTRATION_ASSUMPTION,SYNTHETIC,stress125C_meas25C,
SYN_L150_D003:supply_current,SYN_L150_D003,SYN_L150,DEMO_MEMORY,supply_current,mA,4.085638027492875,4.100150987762244,0,6.0,DEMONSTRATION_ASSUMPTION,SYNTHETIC,stress125C_meas25C,
SYN_L150_D004:leakage_current,SYN_L150_D004,SYN_L150,DEMO_MEMORY,leakage_current,uA,10.04377788739577,10.324408508309295,0,50.0,DEMONSTRATION_ASSUMPTION,SYNTHETIC,stress125C_meas25C,
SYN_L150_D004:supply_current,SYN_L150_D004,SYN_L150,DEMO_MEMORY,supply_current,mA,4.682093285820488,4.694712889352898,0,6.0,DEMONSTRATION_ASSUMPTION,SYNTHETIC,stress125C_meas25C,
SYN_L150_D005:leakage_current,SYN_L150_D005,SYN_L150,DEMO_MEMORY,leakage_current,uA,9.886596555333668,10.395165019477488,0,50.0,DEMONSTRATION_ASSUMPTION,SYNTHETIC,stress125C_meas25C,
SYN_L150_D005:supply_current,SYN_L150_D005,SYN_L150,DEMO_MEMORY,supply_current,mA,3.8244474638478345,3.833823788090797,0,6.0,DEMONSTRATION_ASSUMPTION,SYNTHETIC,stress125C_meas25C,
SYN_L150_D006:leakage_current,SYN_L150_D006,SYN_L150,DEMO_MEMORY,leakage_current,uA,9.051444493057554,9.394215603096647,0,50.0,DEMONSTRATION_ASSUMPTION,SYNTHETIC,stress125C_meas25C,
SYN_L150_D006:supply_current,SYN_L150_D006,SYN_L150,DEMO_MEMORY,supply_current,mA,3.632143489830137,3.640845775063218,0,6.0,DEMONSTRATION_ASSUMPTION,SYNTHETIC,stress125C_meas25C,
SYN_L150_D007:leakage_current,SYN_L150_D007,SYN_L150,DEMO_MEMORY,leakage_current,uA,9.22498771321874,9.925943320453747,0,50.0,DEMONSTRATION_ASSUMPTION,SYNTHETIC,stress125C_meas25C,
SYN_L150_D007:supply_current,SYN_L150_D007,SYN_L150,DEMO_MEMORY,supply_current,mA,3.993102253146019,4.032949702390126,0,6.0,DEMONSTRATION_ASSUMPTION,SYNTHETIC,stress125C_meas25C,
SYN_L150_D008:leakage_current,SYN_L150_D008,SYN_L150,DEMO_MEMORY,leakage_current,uA,10.086462364054974,10.439693395416484,0,50.0,DEMONSTRATION_ASSUMPTION,SYNTHETIC,stress125C_meas25C,
SYN_L150_D008:supply_current,SYN_L150_D008,SYN_L150,DEMO_MEMORY,supply_current,mA,3.951813062380102,3.983838532981535,0,6.0,DEMONSTRATION_ASSUMPTION,SYNTHETIC,stress125C_meas25C,
SYN_L150_D009:leakage_current,SYN_L150_D009,SYN_L150,DEMO_MEMORY,leakage_current,uA,8.633519460905621,9.17703551072952,0,50.0,DEMONSTRATION_ASSUMPTION,SYNTHETIC,stress125C_meas25C,
SYN_L150_D009:supply_current,SYN_L150_D009,SYN_L150,DEMO_MEMORY,supply_current,mA,3.9803465899874593,3.986620217696785,0,6.0,DEMONSTRATION_ASSUMPTION,SYNTHETIC,stress125C_meas25C,
SYN_L150_D010:leakage_current,SYN_L150_D010,SYN_L150,DEMO_MEMORY,leakage_current,uA,8.17945758378269,8.409641462106489,0,50.0,DEMONSTRATION_ASSUMPTION,SYNTHETIC,stress125C_meas25C,
SYN_L150_D010:supply_current,SYN_L150_D010,SYN_L150,DEMO_MEMORY,supply_current,mA,4.001867337554523,4.006556498861958,0,6.0,DEMONSTRATION_ASSUMPTION,SYNTHETIC,stress125C_meas25C,
SYN_L150_D011:leakage_current,SYN_L150_D011,SYN_L150,DEMO_MEMORY,leakage_current,uA,9.858532613560968,10.096170963848149,0,50.0,DEMONSTRATION_ASSUMPTION,SYNTHETIC,stress125C_meas25C,
SYN_L150_D011:supply_current,SYN_L150_D011,SYN_L150,DEMO_MEMORY,supply_current,mA,3.772094819395221,3.7747966325827846,0,6.0,DEMONSTRATION_ASSUMPTION,SYNTHETIC,stress125C_meas25C,
SYN_L150_D012:leakage_current,SYN_L150_D012,SYN_L150,DEMO_MEMORY,leakage_current,uA,8.674306233054914,8.90061996885879,0,50.0,DEMONSTRATION_ASSUMPTION,SYNTHETIC,stress125C_meas25C,
SYN_L150_D012:supply_current,SYN_L150_D012,SYN_L150,DEMO_MEMORY,supply_current,mA,3.672148200348533,3.670642810648112,0,6.0,DEMONSTRATION_ASSUMPTION,SYNTHETIC,stress125C_meas25C,
SYN_L150_D013:leakage_current,SYN_L150_D013,SYN_L150,DEMO_MEMORY,leakage_current,uA,8.375539793796447,8.625173276519872,0,50.0,DEMONSTRATION_ASSUMPTION,SYNTHETIC,stress125C_meas25C,
SYN_L150_D013:supply_current,SYN_L150_D013,SYN_L150,DEMO_MEMORY,supply_current,mA,3.9498505617001354,3.955380645682368,0,6.0,DEMONSTRATION_ASSUMPTION,SYNTHETIC,stress125C_meas25C,
SYN_L150_D014:leakage_current,SYN_L150_D014,SYN_L150,DEMO_MEMORY,leakage_current,uA,9.892335087686174,10.232077916794395,0,50.0,DEMONSTRATION_ASSUMPTION,SYNTHETIC,stress125C_meas25C,
SYN_L150_D014:supply_current,SYN_L150_D014,SYN_L150,DEMO_MEMORY,supply_current,mA,3.87534333511596,3.893719261572615,0,6.0,DEMONSTRATION_ASSUMPTION,SYNTHETIC,stress125C_meas25C,
SYN_L150_D015:leakage_current,SYN_L150_D015,SYN_L150,DEMO_MEMORY,leakage_current,uA,29.873994756034072,30.17013711172596,0,50.0,DEMONSTRATION_ASSUMPTION,SYNTHETIC,stress125C_meas25C,
SYN_L150_D015:supply_current,SYN_L150_D015,SYN_L150,DEMO_MEMORY,supply_current,mA,3.670396100950045,3.6709385457879256,0,6.0,DEMONSTRATION_ASSUMPTION,SYNTHETIC,stress125C_meas25C,
SYN_L150_D016:leakage_current,SYN_L150_D016,SYN_L150,DEMO_MEMORY,leakage_current,uA,10.67845178017497,10.851557924428093,0,50.0,DEMONSTRATION_ASSUMPTION,SYNTHETIC,stress125C_meas25C,
SYN_L150_D016:supply_current,SYN_L150_D016,SYN_L150,DEMO_MEMORY,supply_current,mA,3.87104338765564,3.8869118393177153,0,6.0,DEMONSTRATION_ASSUMPTION,SYNTHETIC,stress125C_meas25C,
SYN_L150_D017:leakage_current,SYN_L150_D017,SYN_L150,DEMO_MEMORY,leakage_current,uA,11.034473896156694,11.16072802076174,0,50.0,DEMONSTRATION_ASSUMPTION,SYNTHETIC,stress125C_meas25C,
SYN_L150_D017:supply_current,SYN_L150_D017,SYN_L150,DEMO_MEMORY,supply_current,mA,3.945750233763596,4.00312879322607,0,6.0,DEMONSTRATION_ASSUMPTION,SYNTHETIC,stress125C_meas25C,
SYN_L150_D018:leakage_current,SYN_L150_D018,SYN_L150,DEMO_MEMORY,leakage_current,uA,8.712931498737195,8.908712311205267,0,50.0,DEMONSTRATION_ASSUMPTION,SYNTHETIC,stress125C_meas25C,
SYN_L150_D018:supply_current,SYN_L150_D018,SYN_L150,DEMO_MEMORY,supply_current,mA,3.9727347680797145,3.990938293189616,0,6.0,DEMONSTRATION_ASSUMPTION,SYNTHETIC,stress125C_meas25C,
SYN_L150_D019:leakage_current,SYN_L150_D019,SYN_L150,DEMO_MEMORY,leakage_current,uA,10.497603373053453,27.952074192270103,0,50.0,DEMONSTRATION_ASSUMPTION,SYNTHETIC,stress125C_meas25C,
SYN_L150_D019:supply_current,SYN_L150_D019,SYN_L150,DEMO_MEMORY,supply_current,mA,3.866478924320216,3.875861258162736,0,6.0,DEMONSTRATION_ASSUMPTION,SYNTHETIC,stress125C_meas25C,
SYN_L150_D020:leakage_current,SYN_L150_D020,SYN_L150,DEMO_MEMORY,leakage_current,uA,9.664129721660036,10.063253715022348,0,50.0,DEMONSTRATION_ASSUMPTION,SYNTHETIC,stress125C_meas25C,
SYN_L150_D020:supply_current,SYN_L150_D020,SYN_L150,DEMO_MEMORY,supply_current,mA,4.080978008511283,4.111894665566364,0,6.0,DEMONSTRATION_ASSUMPTION,SYNTHETIC,stress125C_meas25C,
SYN_L150_D021:leakage_current,SYN_L150_D021,SYN_L150,DEMO_MEMORY,leakage_current,uA,8.828464070639123,9.09367366653647,0,50.0,DEMONSTRATION_ASSUMPTION,SYNTHETIC,stress125C_meas25C,
SYN_L150_D021:supply_current,SYN_L150_D021,SYN_L150,DEMO_MEMORY,supply_current,mA,3.8423069759536137,3.829230665428629,0,6.0,DEMONSTRATION_ASSUMPTION,SYNTHETIC,stress125C_meas25C,
SYN_L150_D022:leakage_current,SYN_L150_D022,SYN_L150,DEMO_MEMORY,leakage_current,uA,10.17582761723549,10.56405955377811,0,50.0,DEMONSTRATION_ASSUMPTION,SYNTHETIC,stress125C_meas25C,
SYN_L150_D022:supply_current,SYN_L150_D022,SYN_L150,DEMO_MEMORY,supply_current,mA,3.7871909615096273,3.830674077064478,0,6.0,DEMONSTRATION_ASSUMPTION,SYNTHETIC,stress125C_meas25C,
SYN_L150_D023:leakage_current,SYN_L150_D023,SYN_L150,DEMO_MEMORY,leakage_current,uA,8.51031982672946,8.780849811961271,0,50.0,DEMONSTRATION_ASSUMPTION,SYNTHETIC,stress125C_meas25C,
SYN_L150_D023:supply_current,SYN_L150_D023,SYN_L150,DEMO_MEMORY,supply_current,mA,3.774421650554618,3.781997920160386,0,6.0,DEMONSTRATION_ASSUMPTION,SYNTHETIC,stress125C_meas25C,
SYN_L150_D024:leakage_current,SYN_L150_D024,SYN_L150,DEMO_MEMORY,leakage_current,uA,9.46868056536401,9.957245327207255,0,50.0,DEMONSTRATION_ASSUMPTION,SYNTHETIC,stress125C_meas25C,
SYN_L150_D024:supply_current,SYN_L150_D024,SYN_L150,DEMO_MEMORY,supply_current,mA,4.217279856959999,4.232243667662395,0,6.0,DEMONSTRATION_ASSUMPTION,SYNTHETIC,stress125C_meas25C,
SYN_L150_D025:leakage_current,SYN_L150_D025,SYN_L150,DEMO_MEMORY,leakage_current,uA,8.796810241499246,9.105977637186951,0,50.0,DEMONSTRATION_ASSUMPTION,SYNTHETIC,stress125C_meas25C,
SYN_L150_D025:supply_current,SYN_L150_D025,SYN_L150,DEMO_MEMORY,supply_current,mA,4.158442877811492,4.194583757519988,0,6.0,DEMONSTRATION_ASSUMPTION,SYNTHETIC,stress125C_meas25C,
SYN_L150_D026:leakage_current,SYN_L150_D026,SYN_L150,DEMO_MEMORY,leakage_current,uA,8.928543745042605,9.169970455536014,0,50.0,DEMONSTRATION_ASSUMPTION,SYNTHETIC,stress125C_meas25C,
SYN_L150_D026:supply_current,SYN_L150_D026,SYN_L150,DEMO_MEMORY,supply_current,mA,3.900342077644932,4.222153018883257,0,6.0,DEMONSTRATION_ASSUMPTION,SYNTHETIC,stress125C_meas25C,
SYN_L150_D027:leakage_current,SYN_L150_D027,SYN_L150,DEMO_MEMORY,leakage_current,uA,8.779320788233065,9.184422427469045,0,50.0,DEMONSTRATION_ASSUMPTION,SYNTHETIC,stress125C_meas25C,
SYN_L150_D027:supply_current,SYN_L150_D027,SYN_L150,DEMO_MEMORY,supply_current,mA,3.903588006413646,3.940497281202474,0,6.0,DEMONSTRATION_ASSUMPTION,SYNTHETIC,stress125C_meas25C,
SYN_L150_D028:leakage_current,SYN_L150_D028,SYN_L150,DEMO_MEMORY,leakage_current,uA,10.213313499522066,10.357038472618674,0,50.0,DEMONSTRATION_ASSUMPTION,SYNTHETIC,stress125C_meas25C,
SYN_L150_D028:supply_current,SYN_L150_D028,SYN_L150,DEMO_MEMORY,supply_current,mA,3.9586511983902,3.9475066549792586,0,6.0,DEMONSTRATION_ASSUMPTION,SYNTHETIC,stress125C_meas25C,
SYN_L150_D029:leakage_current,SYN_L150_D029,SYN_L150,DEMO_MEMORY,leakage_current,uA,9.87671307111944,10.110373307108604,0,50.0,DEMONSTRATION_ASSUMPTION,SYNTHETIC,stress125C_meas25C,
SYN_L150_D029:supply_current,SYN_L150_D029,SYN_L150,DEMO_MEMORY,supply_current,mA,3.839544894611461,3.88641295953724,0,6.0,DEMONSTRATION_ASSUMPTION,SYNTHETIC,stress125C_meas25C,
SYN_L152_D000:RDS_on,SYN_L152_D000,SYN_L152,DEMO_MOSFET,RDS_on,ohm,0.3368746529653954,0.34054747737074,0,0.5,DEMONSTRATION_ASSUMPTION,SYNTHETIC,stress125C_meas25C,
SYN_L152_D000:threshold_voltage,SYN_L152_D000,SYN_L152,DEMO_MOSFET,threshold_voltage,V,1.8061799478814708,1.831061502932056,1,2.5,DEMONSTRATION_ASSUMPTION,SYNTHETIC,stress125C_meas25C,
SYN_L152_D001:RDS_on,SYN_L152_D001,SYN_L152,DEMO_MOSFET,RDS_on,ohm,0.3394653167262729,0.3437859928861321,0,0.5,DEMONSTRATION_ASSUMPTION,SYNTHETIC,stress125C_meas25C,
SYN_L152_D001:threshold_voltage,SYN_L152_D001,SYN_L152,DEMO_MOSFET,threshold_voltage,V,1.8434108004061007,1.839927925635519,1,2.5,DEMONSTRATION_ASSUMPTION,SYNTHETIC,stress125C_meas25C,
SYN_L152_D002:RDS_on,SYN_L152_D002,SYN_L152,DEMO_MOSFET,RDS_on,ohm,0.3338676245975244,0.3380654129721789,0,0.5,DEMONSTRATION_ASSUMPTION,SYNTHETIC,stress125C_meas25C,
SYN_L152_D002:threshold_voltage,SYN_L152_D002,SYN_L152,DEMO_MOSFET,threshold_voltage,V,1.8316085757495495,1.851434830239726,1,2.5,DEMONSTRATION_ASSUMPTION,SYNTHETIC,stress125C_meas25C,
SYN_L152_D003:RDS_on,SYN_L152_D003,SYN_L152,DEMO_MOSFET,RDS_on,ohm,0.3560351520932079,0.3624677475038836,0,0.5,DEMONSTRATION_ASSUMPTION,SYNTHETIC,stress125C_meas25C,
SYN_L152_D003:threshold_voltage,SYN_L152_D003,SYN_L152,DEMO_MOSFET,threshold_voltage,V,1.827431308207856,1.838336620668602,1,2.5,DEMONSTRATION_ASSUMPTION,SYNTHETIC,stress125C_meas25C,
SYN_L152_D004:RDS_on,SYN_L152_D004,SYN_L152,DEMO_MOSFET,RDS_on,ohm,0.3358392570084503,0.3803458259135891,0,0.5,DEMONSTRATION_ASSUMPTION,SYNTHETIC,stress125C_meas25C,
SYN_L152_D004:threshold_voltage,SYN_L152_D004,SYN_L152,DEMO_MOSFET,threshold_voltage,V,1.8466129074617437,1.8588810345870697,1,2.5,DEMONSTRATION_ASSUMPTION,SYNTHETIC,stress125C_meas25C,
SYN_L152_D005:RDS_on,SYN_L152_D005,SYN_L152,DEMO_MOSFET,RDS_on,ohm,0.3412486156692961,0.3467239185948286,0,0.5,DEMONSTRATION_ASSUMPTION,SYNTHETIC,stress125C_meas25C,
SYN_L152_D005:threshold_voltage,SYN_L152_D005,SYN_L152,DEMO_MOSFET,threshold_voltage,V,1.8373930537145655,1.850798144770499,1,2.5,DEMONSTRATION_ASSUMPTION,SYNTHETIC,stress125C_meas25C,
SYN_L152_D006:RDS_on,SYN_L152_D006,SYN_L152,DEMO_MOSFET,RDS_on,ohm,0.3320498132911234,0.3364587383088211,0,0.5,DEMONSTRATION_ASSUMPTION,SYNTHETIC,stress125C_meas25C,
SYN_L152_D006:threshold_voltage,SYN_L152_D006,SYN_L152,DEMO_MOSFET,threshold_voltage,V,1.802345469947627,1.8104987568459132,1,2.5,DEMONSTRATION_ASSUMPTION,SYNTHETIC,stress125C_meas25C,
SYN_L152_D007:RDS_on,SYN_L152_D007,SYN_L152,DEMO_MOSFET,RDS_on,ohm,0.3323595164868914,0.3365457775023965,0,0.5,DEMONSTRATION_ASSUMPTION,SYNTHETIC,stress125C_meas25C,
SYN_L152_D007:threshold_voltage,SYN_L152_D007,SYN_L152,DEMO_MOSFET,threshold_voltage,V,1.79748330553424,1.804802857411318,1,2.5,DEMONSTRATION_ASSUMPTION,SYNTHETIC,stress125C_meas25C,
SYN_L152_D008:RDS_on,SYN_L152_D008,SYN_L152,DEMO_MOSFET,RDS_on,ohm,0.349577703340435,0.3532757343866244,0,0.5,DEMONSTRATION_ASSUMPTION,SYNTHETIC,stress125C_meas25C,
SYN_L152_D008:threshold_voltage,SYN_L152_D008,SYN_L152,DEMO_MOSFET,threshold_voltage,V,1.8969319535999916,1.917522655608264,1,2.5,DEMONSTRATION_ASSUMPTION,SYNTHETIC,stress125C_meas25C,
SYN_L152_D009:RDS_on,SYN_L152_D009,SYN_L152,DEMO_MOSFET,RDS_on,ohm,0.3529001891396343,0.4278822377876745,0,0.5,DEMONSTRATION_ASSUMPTION,SYNTHETIC,stress125C_meas25C,
SYN_L152_D009:threshold_voltage,SYN_L152_D009,SYN_L152,DEMO_MOSFET,threshold_voltage,V,1.839208208039228,1.84731972870237,1,2.5,DEMONSTRATION_ASSUMPTION,SYNTHETIC,stress125C_meas25C,
SYN_L152_D010:RDS_on,SYN_L152_D010,SYN_L152,DEMO_MOSFET,RDS_on,ohm,0.3047333518314537,0.3091219997777775,0,0.5,DEMONSTRATION_ASSUMPTION,SYNTHETIC,stress125C_meas25C,
SYN_L152_D010:threshold_voltage,SYN_L152_D010,SYN_L152,DEMO_MOSFET,threshold_voltage,V,1.9415383132828656,1.9514171935388904,1,2.5,DEMONSTRATION_ASSUMPTION,SYNTHETIC,stress125C_meas25C,
SYN_L152_D011:RDS_on,SYN_L152_D011,SYN_L152,DEMO_MOSFET,RDS_on,ohm,0.3380543733835459,0.3420505278965318,0,0.5,DEMONSTRATION_ASSUMPTION,SYNTHETIC,stress125C_meas25C,
SYN_L152_D011:threshold_voltage,SYN_L152_D011,SYN_L152,DEMO_MOSFET,threshold_voltage,V,1.8603006852958064,1.8797857256528,1,2.5,DEMONSTRATION_ASSUMPTION,SYNTHETIC,stress125C_meas25C,
SYN_L152_D012:RDS_on,SYN_L152_D012,SYN_L152,DEMO_MOSFET,RDS_on,ohm,0.3052168563289617,0.3073218901617014,0,0.5,DEMONSTRATION_ASSUMPTION,SYNTHETIC,stress125C_meas25C,
SYN_L152_D012:threshold_voltage,SYN_L152_D012,SYN_L152,DEMO_MOSFET,threshold_voltage,V,1.899509531079696,1.911447830383228,1,2.5,DEMONSTRATION_ASSUMPTION,SYNTHETIC,stress125C_meas25C,
SYN_L152_D013:RDS_on,SYN_L152_D013,SYN_L152,DEMO_MOSFET,RDS_on,ohm,0.3375139826631158,0.3380499434971189,0,0.5,DEMONSTRATION_ASSUMPTION,SYNTHETIC,stress125C_meas25C,
SYN_L152_D013:threshold_voltage,SYN_L152_D013,SYN_L152,DEMO_MOSFET,threshold_voltage,V,1.881926681967941,1.8743097985258577,1,2.5,DEMONSTRATION_ASSUMPTION,SYNTHETIC,stress125C_meas25C,
SYN_L152_D014:RDS_on,SYN_L152_D014,SYN_L152,DEMO_MOSFET,RDS_on,ohm,0.3327120088293639,0.3359574798937206,0,0.5,DEMONSTRATION_ASSUMPTION,SYNTHETIC,stress125C_meas25C,
SYN_L152_D014:threshold_voltage,SYN_L152_D014,SYN_L152,DEMO_MOSFET,threshold_voltage,V,1.9018179880941397,1.90635876754534,1,2.5,DEMONSTRATION_ASSUMPTION,SYNTHETIC,stress125C_meas25C,
SYN_L152_D015:RDS_on,SYN_L152_D015,SYN_L152,DEMO_MOSFET,RDS_on,ohm,0.3304378598375028,0.3367942346851228,0,0.5,DEMONSTRATION_ASSUMPTION,SYNTHETIC,stress125C_meas25C,
SYN_L152_D015:threshold_voltage,SYN_L152_D015,SYN_L152,DEMO_MOSFET,threshold_voltage,V,1.9315147912281407,1.9275941083613508,1,2.5,DEMONSTRATION_ASSUMPTION,SYNTHETIC,stress125C_meas25C,
SYN_L152_D016:RDS_on,SYN_L152_D016,SYN_L152,DEMO_MOSFET,RDS_on,ohm,0.3129769597737744,0.3259719443627298,0,0.5,DEMONSTRATION_ASSUMPTION,SYNTHETIC,stress125C_meas25C,
SYN_L152_D016:threshold_voltage,SYN_L152_D016,SYN_L152,DEMO_MOSFET,threshold_voltage,V,1.9260240924577363,1.9299383349347616,1,2.5,DEMONSTRATION_ASSUMPTION,SYNTHETIC,stress125C_meas25C,
SYN_L152_D017:RDS_on,SYN_L152_D017,SYN_L152,DEMO_MOSFET,RDS_on,ohm,0.3467802079152244,0.347898184200389,0,0.5,DEMONSTRATION_ASSUMPTION,SYNTHETIC,stress125C_meas25C,
SYN_L152_D017:threshold_voltage,SYN_L152_D017,SYN_L152,DEMO_MOSFET,threshold_voltage,V,1.87388843036618,1.8741494540435677,1,2.5,DEMONSTRATION_ASSUMPTION,SYNTHETIC,stress125C_meas25C,
SYN_L152_D018:RDS_on,SYN_L152_D018,SYN_L152,DEMO_MOSFET,RDS_on,ohm,0.3321778653717323,0.3355041918340151,0,0.5,DEMONSTRATION_ASSUMPTION,SYNTHETIC,stress125C_meas25C,
SYN_L152_D018:threshold_voltage,SYN_L152_D018,SYN_L152,DEMO_MOSFET,threshold_voltage,V,1.9556828612754216,1.966332619415967,1,2.5,DEMONSTRATION_ASSUMPTION,SYNTHETIC,stress125C_meas25C,
SYN_L152_D019:RDS_on,SYN_L152_D019,SYN_L152,DEMO_MOSFET,RDS_on,ohm,0.33879254937498,0.3411917853306542,0,0.5,DEMONSTRATION_ASSUMPTION,SYNTHETIC,stress125C_meas25C,
SYN_L152_D019:threshold_voltage,SYN_L152_D019,SYN_L152,DEMO_MOSFET,threshold_voltage,V,1.8251781343095883,1.843936016291348,1,2.5,DEMONSTRATION_ASSUMPTION,SYNTHETIC,stress125C_meas25C,
SYN_L152_D020:RDS_on,SYN_L152_D020,SYN_L152,DEMO_MOSFET,RDS_on,ohm,0.3306662736018681,0.3351520798718568,0,0.5,DEMONSTRATION_ASSUMPTION,SYNTHETIC,stress125C_meas25C,
SYN_L152_D020:threshold_voltage,SYN_L152_D020,SYN_L152,DEMO_MOSFET,threshold_voltage,V,1.860944726736747,1.878654482496733,1,2.5,DEMONSTRATION_ASSUMPTION,SYNTHETIC,stress125C_meas25C,
SYN_L152_D021:RDS_on,SYN_L152_D021,SYN_L152,DEMO_MOSFET,RDS_on,ohm,0.3136186784618315,0.3150092179290167,0,0.5,DEMONSTRATION_ASSUMPTION,SYNTHETIC,stress125C_meas25C,
SYN_L152_D021:threshold_voltage,SYN_L152_D021,SYN_L152,DEMO_MOSFET,threshold_voltage,V,1.816468970502776,1.8320951046226173,1,2.5,DEMONSTRATION_ASSUMPTION,SYNTHETIC,stress125C_meas25C,
SYN_L152_D022:RDS_on,SYN_L152_D022,SYN_L152,DEMO_MOSFET,RDS_on,ohm,0.3360645605409493,0.3394205096000964,0,0.5,DEMONSTRATION_ASSUMPTION,SYNTHETIC,stress125C_meas25C,
SYN_L152_D022:threshold_voltage,SYN_L152_D022,SYN_L152,DEMO_MOSFET,threshold_voltage,V,1.9510532412782,1.9528133787396649,1,2.5,DEMONSTRATION_ASSUMPTION,SYNTHETIC,stress125C_meas25C,
SYN_L152_D023:RDS_on,SYN_L152_D023,SYN_L152,DEMO_MOSFET,RDS_on,ohm,0.351642815225635,0.3552412942900416,0,0.5,DEMONSTRATION_ASSUMPTION,SYNTHETIC,stress125C_meas25C,
SYN_L152_D023:threshold_voltage,SYN_L152_D023,SYN_L152,DEMO_MOSFET,threshold_voltage,V,1.871787358357828,1.8729208707789715,1,2.5,DEMONSTRATION_ASSUMPTION,SYNTHETIC,stress125C_meas25C,
SYN_L152_D024:RDS_on,SYN_L152_D024,SYN_L152,DEMO_MOSFET,RDS_on,ohm,0.3497908531387795,0.3529949167853133,0,0.5,DEMONSTRATION_ASSUMPTION,SYNTHETIC,stress125C_meas25C,
SYN_L152_D024:threshold_voltage,SYN_L152_D024,SYN_L152,DEMO_MOSFET,threshold_voltage,V,1.862527487014454,1.8609709053353936,1,2.5,DEMONSTRATION_ASSUMPTION,SYNTHETIC,stress125C_meas25C,
SYN_L152_D025:RDS_on,SYN_L152_D025,SYN_L152,DEMO_MOSFET,RDS_on,ohm,0.3369446373533114,0.3402196249305798,0,0.5,DEMONSTRATION_ASSUMPTION,SYNTHETIC,stress125C_meas25C,
SYN_L152_D025:threshold_voltage,SYN_L152_D025,SYN_L152,DEMO_MOSFET,threshold_voltage,V,1.93988949648846,1.953339128529084,1,2.5,DEMONSTRATION_ASSUMPTION,SYNTHETIC,stress125C_meas25C,
SYN_L152_D026:RDS_on,SYN_L152_D026,SYN_L152,DEMO_MOSFET,RDS_on,ohm,0.3401365111701643,0.3434230834426597,0,0.5,DEMONSTRATION_ASSUMPTION,SYNTHETIC,stress125C_meas25C,
SYN_L152_D026:threshold_voltage,SYN_L152_D026,SYN_L152,DEMO_MOSFET,threshold_voltage,V,1.8848506380051395,1.8877120303547088,1,2.5,DEMONSTRATION_ASSUMPTION,SYNTHETIC,stress125C_meas25C,
SYN_L152_D027:RDS_on,SYN_L152_D027,SYN_L152,DEMO_MOSFET,RDS_on,ohm,0.3514805064809396,0.3519988546313585,0,0.5,DEMONSTRATION_ASSUMPTION,SYNTHETIC,stress125C_meas25C,
SYN_L152_D027:threshold_voltage,SYN_L152_D027,SYN_L152,DEMO_MOSFET,threshold_voltage,V,1.809318579706476,1.8344437704682868,1,2.5,DEMONSTRATION_ASSUMPTION,SYNTHETIC,stress125C_meas25C,
SYN_L152_D028:RDS_on,SYN_L152_D028,SYN_L152,DEMO_MOSFET,RDS_on,ohm,0.3385111402133216,0.4022392582197527,0,0.5,DEMONSTRATION_ASSUMPTION,SYNTHETIC,stress125C_meas25C,
SYN_L152_D028:threshold_voltage,SYN_L152_D028,SYN_L152,DEMO_MOSFET,threshold_voltage,V,1.8195521856080976,1.8187532583508492,1,2.5,DEMONSTRATION_ASSUMPTION,SYNTHETIC,stress125C_meas25C,
SYN_L152_D029:RDS_on,SYN_L152_D029,SYN_L152,DEMO_MOSFET,RDS_on,ohm,0.3388781844201585,0.3426252266381488,0,0.5,DEMONSTRATION_ASSUMPTION,SYNTHETIC,stress125C_meas25C,
SYN_L152_D029:threshold_voltage,SYN_L152_D029,SYN_L152,DEMO_MOSFET,threshold_voltage,V,1.8746102290282372,1.9198658869647869,1,2.5,DEMONSTRATION_ASSUMPTION,SYNTHETIC,stress125C_meas25C,
SYN_L159_D000:leakage_current,SYN_L159_D000,SYN_L159,DEMO_MEMORY,leakage_current,uA,10.119508278058357,10.399097477627764,0,50.0,DEMONSTRATION_ASSUMPTION,SYNTHETIC,stress125C_meas25C,
SYN_L159_D000:supply_current,SYN_L159_D000,SYN_L159,DEMO_MEMORY,supply_current,mA,4.254558102238247,4.250263095945071,0,6.0,DEMONSTRATION_ASSUMPTION,SYNTHETIC,stress125C_meas25C,
SYN_L159_D001:leakage_current,SYN_L159_D001,SYN_L159,DEMO_MEMORY,leakage_current,uA,10.108317676963788,10.492954050617865,0,50.0,DEMONSTRATION_ASSUMPTION,SYNTHETIC,stress125C_meas25C,
SYN_L159_D001:supply_current,SYN_L159_D001,SYN_L159,DEMO_MEMORY,supply_current,mA,4.230997777490189,4.272687249386899,0,6.0,DEMONSTRATION_ASSUMPTION,SYNTHETIC,stress125C_meas25C,
SYN_L159_D002:leakage_current,SYN_L159_D002,SYN_L159,DEMO_MEMORY,leakage_current,uA,11.898478270076469,12.15760379786948,0,50.0,DEMONSTRATION_ASSUMPTION,SYNTHETIC,stress125C_meas25C,
SYN_L159_D002:supply_current,SYN_L159_D002,SYN_L159,DEMO_MEMORY,supply_current,mA,4.549124702622415,4.591312546139499,0,6.0,DEMONSTRATION_ASSUMPTION,SYNTHETIC,stress125C_meas25C,
SYN_L159_D003:leakage_current,SYN_L159_D003,SYN_L159,DEMO_MEMORY,leakage_current,uA,10.102955197322594,10.487097742064377,0,50.0,DEMONSTRATION_ASSUMPTION,SYNTHETIC,stress125C_meas25C,
SYN_L159_D003:supply_current,SYN_L159_D003,SYN_L159,DEMO_MEMORY,supply_current,mA,4.191622246531447,4.213414376037041,0,6.0,DEMONSTRATION_ASSUMPTION,SYNTHETIC,stress125C_meas25C,
SYN_L159_D004:leakage_current,SYN_L159_D004,SYN_L159,DEMO_MEMORY,leakage_current,uA,10.178560803315303,10.394265132194947,0,50.0,DEMONSTRATION_ASSUMPTION,SYNTHETIC,stress125C_meas25C,
SYN_L159_D004:supply_current,SYN_L159_D004,SYN_L159,DEMO_MEMORY,supply_current,mA,4.407196876200364,4.404577310375275,0,6.0,DEMONSTRATION_ASSUMPTION,SYNTHETIC,stress125C_meas25C,
SYN_L159_D005:leakage_current,SYN_L159_D005,SYN_L159,DEMO_MEMORY,leakage_current,uA,9.879728998800806,10.074445949135804,0,50.0,DEMONSTRATION_ASSUMPTION,SYNTHETIC,stress125C_meas25C,
SYN_L159_D005:supply_current,SYN_L159_D005,SYN_L159,DEMO_MEMORY,supply_current,mA,4.166802527763735,4.186417478254226,0,6.0,DEMONSTRATION_ASSUMPTION,SYNTHETIC,stress125C_meas25C,
SYN_L159_D006:leakage_current,SYN_L159_D006,SYN_L159,DEMO_MEMORY,leakage_current,uA,11.364185989366913,11.614419719287568,0,50.0,DEMONSTRATION_ASSUMPTION,SYNTHETIC,stress125C_meas25C,
SYN_L159_D006:supply_current,SYN_L159_D006,SYN_L159,DEMO_MEMORY,supply_current,mA,5.038878306638991,5.075519620411988,0,6.0,DEMONSTRATION_ASSUMPTION,SYNTHETIC,stress125C_meas25C,
SYN_L159_D007:leakage_current,SYN_L159_D007,SYN_L159,DEMO_MEMORY,leakage_current,uA,11.20206392450396,11.403476306655143,0,50.0,DEMONSTRATION_ASSUMPTION,SYNTHETIC,stress125C_meas25C,
SYN_L159_D007:supply_current,SYN_L159_D007,SYN_L159,DEMO_MEMORY,supply_current,mA,4.175770281688028,4.215738087649565,0,6.0,DEMONSTRATION_ASSUMPTION,SYNTHETIC,stress125C_meas25C,
SYN_L159_D008:leakage_current,SYN_L159_D008,SYN_L159,DEMO_MEMORY,leakage_current,uA,10.288996350029777,10.558804505218244,0,50.0,DEMONSTRATION_ASSUMPTION,SYNTHETIC,stress125C_meas25C,
SYN_L159_D008:supply_current,SYN_L159_D008,SYN_L159,DEMO_MEMORY,supply_current,mA,4.274471657600981,4.27783753535713,0,6.0,DEMONSTRATION_ASSUMPTION,SYNTHETIC,stress125C_meas25C,
SYN_L159_D009:leakage_current,SYN_L159_D009,SYN_L159,DEMO_MEMORY,leakage_current,uA,10.130389198060568,11.239086187731882,0,50.0,DEMONSTRATION_ASSUMPTION,SYNTHETIC,stress125C_meas25C,
SYN_L159_D009:supply_current,SYN_L159_D009,SYN_L159,DEMO_MEMORY,supply_current,mA,4.503160718160647,4.546590363001386,0,6.0,DEMONSTRATION_ASSUMPTION,SYNTHETIC,stress125C_meas25C,
SYN_L159_D010:leakage_current,SYN_L159_D010,SYN_L159,DEMO_MEMORY,leakage_current,uA,10.386404937386848,10.574941273039313,0,50.0,DEMONSTRATION_ASSUMPTION,SYNTHETIC,stress125C_meas25C,
SYN_L159_D010:supply_current,SYN_L159_D010,SYN_L159,DEMO_MEMORY,supply_current,mA,4.225551077972555,4.2360084236057975,0,6.0,DEMONSTRATION_ASSUMPTION,SYNTHETIC,stress125C_meas25C,
SYN_L159_D011:leakage_current,SYN_L159_D011,SYN_L159,DEMO_MEMORY,leakage_current,uA,10.727127889150005,11.036200958566832,0,50.0,DEMONSTRATION_ASSUMPTION,SYNTHETIC,stress125C_meas25C,
SYN_L159_D011:supply_current,SYN_L159_D011,SYN_L159,DEMO_MEMORY,supply_current,mA,4.374990284307831,4.401429434378443,0,6.0,DEMONSTRATION_ASSUMPTION,SYNTHETIC,stress125C_meas25C,
SYN_L159_D012:leakage_current,SYN_L159_D012,SYN_L159,DEMO_MEMORY,leakage_current,uA,11.000411511896084,11.17777094389346,0,50.0,DEMONSTRATION_ASSUMPTION,SYNTHETIC,stress125C_meas25C,
SYN_L159_D012:supply_current,SYN_L159_D012,SYN_L159,DEMO_MEMORY,supply_current,mA,4.3670170945437,4.366211630089517,0,6.0,DEMONSTRATION_ASSUMPTION,SYNTHETIC,stress125C_meas25C,
SYN_L159_D013:leakage_current,SYN_L159_D013,SYN_L159,DEMO_MEMORY,leakage_current,uA,10.851203946742547,11.117044768475328,0,50.0,DEMONSTRATION_ASSUMPTION,SYNTHETIC,stress125C_meas25C,
SYN_L159_D013:supply_current,SYN_L159_D013,SYN_L159,DEMO_MEMORY,supply_current,mA,4.117516147373656,4.127721642597351,0,6.0,DEMONSTRATION_ASSUMPTION,SYNTHETIC,stress125C_meas25C,
SYN_L159_D014:leakage_current,SYN_L159_D014,SYN_L159,DEMO_MEMORY,leakage_current,uA,11.639260279781546,11.894834530254906,0,50.0,DEMONSTRATION_ASSUMPTION,SYNTHETIC,stress125C_meas25C,
SYN_L159_D014:supply_current,SYN_L159_D014,SYN_L159,DEMO_MEMORY,supply_current,mA,4.052829699181625,4.065557331127622,0,6.0,DEMONSTRATION_ASSUMPTION,SYNTHETIC,stress125C_meas25C,
SYN_L159_D015:leakage_current,SYN_L159_D015,SYN_L159,DEMO_MEMORY,leakage_current,uA,11.854188784135747,12.018740663715343,0,50.0,DEMONSTRATION_ASSUMPTION,SYNTHETIC,stress125C_meas25C,
SYN_L159_D015:supply_current,SYN_L159_D015,SYN_L159,DEMO_MEMORY,supply_current,mA,3.969457680103888,3.993962171949234,0,6.0,DEMONSTRATION_ASSUMPTION,SYNTHETIC,stress125C_meas25C,
SYN_L159_D016:leakage_current,SYN_L159_D016,SYN_L159,DEMO_MEMORY,leakage_current,uA,10.209917181358284,10.470595221946256,0,50.0,DEMONSTRATION_ASSUMPTION,SYNTHETIC,stress125C_meas25C,
SYN_L159_D016:supply_current,SYN_L159_D016,SYN_L159,DEMO_MEMORY,supply_current,mA,4.316345390178112,4.33061856308858,0,6.0,DEMONSTRATION_ASSUMPTION,SYNTHETIC,stress125C_meas25C,
SYN_L159_D017:leakage_current,SYN_L159_D017,SYN_L159,DEMO_MEMORY,leakage_current,uA,10.170677755569304,10.420352102838711,0,50.0,DEMONSTRATION_ASSUMPTION,SYNTHETIC,stress125C_meas25C,
SYN_L159_D017:supply_current,SYN_L159_D017,SYN_L159,DEMO_MEMORY,supply_current,mA,4.227770609089394,4.252971601571115,0,6.0,DEMONSTRATION_ASSUMPTION,SYNTHETIC,stress125C_meas25C,
SYN_L159_D018:leakage_current,SYN_L159_D018,SYN_L159,DEMO_MEMORY,leakage_current,uA,11.18924410170094,11.52848596913868,0,50.0,DEMONSTRATION_ASSUMPTION,SYNTHETIC,stress125C_meas25C,
SYN_L159_D018:supply_current,SYN_L159_D018,SYN_L159,DEMO_MEMORY,supply_current,mA,3.7320782438038966,3.778763962307642,0,6.0,DEMONSTRATION_ASSUMPTION,SYNTHETIC,stress125C_meas25C,
SYN_L159_D019:leakage_current,SYN_L159_D019,SYN_L159,DEMO_MEMORY,leakage_current,uA,10.38515184368688,10.627161815592617,0,50.0,DEMONSTRATION_ASSUMPTION,SYNTHETIC,stress125C_meas25C,
SYN_L159_D019:supply_current,SYN_L159_D019,SYN_L159,DEMO_MEMORY,supply_current,mA,4.217733792329158,4.244718971466403,0,6.0,DEMONSTRATION_ASSUMPTION,SYNTHETIC,stress125C_meas25C,
SYN_L159_D020:leakage_current,SYN_L159_D020,SYN_L159,DEMO_MEMORY,leakage_current,uA,11.157513046016373,11.430454767807444,0,50.0,DEMONSTRATION_ASSUMPTION,SYNTHETIC,stress125C_meas25C,
SYN_L159_D020:supply_current,SYN_L159_D020,SYN_L159,DEMO_MEMORY,supply_current,mA,4.2682048027732735,4.29490118039016,0,6.0,DEMONSTRATION_ASSUMPTION,SYNTHETIC,stress125C_meas25C,
SYN_L159_D021:leakage_current,SYN_L159_D021,SYN_L159,DEMO_MEMORY,leakage_current,uA,10.433722153496864,10.810242739619516,0,50.0,DEMONSTRATION_ASSUMPTION,SYNTHETIC,stress125C_meas25C,
SYN_L159_D021:supply_current,SYN_L159_D021,SYN_L159,DEMO_MEMORY,supply_current,mA,4.044368354676836,4.070385945177776,0,6.0,DEMONSTRATION_ASSUMPTION,SYNTHETIC,stress125C_meas25C,
SYN_L159_D022:leakage_current,SYN_L159_D022,SYN_L159,DEMO_MEMORY,leakage_current,uA,10.20621473627533,10.613473901775643,0,50.0,DEMONSTRATION_ASSUMPTION,SYNTHETIC,stress125C_meas25C,
SYN_L159_D022:supply_current,SYN_L159_D022,SYN_L159,DEMO_MEMORY,supply_current,mA,4.319946607089055,4.310494086611099,0,6.0,DEMONSTRATION_ASSUMPTION,SYNTHETIC,stress125C_meas25C,
SYN_L159_D023:leakage_current,SYN_L159_D023,SYN_L159,DEMO_MEMORY,leakage_current,uA,11.148511198330349,12.140764817831196,0,50.0,DEMONSTRATION_ASSUMPTION,SYNTHETIC,stress125C_meas25C,
SYN_L159_D023:supply_current,SYN_L159_D023,SYN_L159,DEMO_MEMORY,supply_current,mA,4.214706876076715,4.27694615475485,0,6.0,DEMONSTRATION_ASSUMPTION,SYNTHETIC,stress125C_meas25C,
SYN_L159_D024:leakage_current,SYN_L159_D024,SYN_L159,DEMO_MEMORY,leakage_current,uA,9.977931110927855,10.887480364278032,0,50.0,DEMONSTRATION_ASSUMPTION,SYNTHETIC,stress125C_meas25C,
SYN_L159_D024:supply_current,SYN_L159_D024,SYN_L159,DEMO_MEMORY,supply_current,mA,3.933799112477783,3.954013954811907,0,6.0,DEMONSTRATION_ASSUMPTION,SYNTHETIC,stress125C_meas25C,
SYN_L159_D025:leakage_current,SYN_L159_D025,SYN_L159,DEMO_MEMORY,leakage_current,uA,11.810011655614735,11.982195302072052,0,50.0,DEMONSTRATION_ASSUMPTION,SYNTHETIC,stress125C_meas25C,
SYN_L159_D025:supply_current,SYN_L159_D025,SYN_L159,DEMO_MEMORY,supply_current,mA,4.116780560416426,4.12679443795191,0,6.0,DEMONSTRATION_ASSUMPTION,SYNTHETIC,stress125C_meas25C,
SYN_L159_D026:leakage_current,SYN_L159_D026,SYN_L159,DEMO_MEMORY,leakage_current,uA,11.306074931237784,11.67414325586963,0,50.0,DEMONSTRATION_ASSUMPTION,SYNTHETIC,stress125C_meas25C,
SYN_L159_D026:supply_current,SYN_L159_D026,SYN_L159,DEMO_MEMORY,supply_current,mA,5.1918439260666895,5.230703118064569,0,6.0,DEMONSTRATION_ASSUMPTION,SYNTHETIC,stress125C_meas25C,
SYN_L159_D027:leakage_current,SYN_L159_D027,SYN_L159,DEMO_MEMORY,leakage_current,uA,9.743417919388994,21.8374773328719,0,50.0,DEMONSTRATION_ASSUMPTION,SYNTHETIC,stress125C_meas25C,
SYN_L159_D027:supply_current,SYN_L159_D027,SYN_L159,DEMO_MEMORY,supply_current,mA,4.036844015517946,4.076077330491442,0,6.0,DEMONSTRATION_ASSUMPTION,SYNTHETIC,stress125C_meas25C,
SYN_L159_D028:leakage_current,SYN_L159_D028,SYN_L159,DEMO_MEMORY,leakage_current,uA,11.045939934044574,11.294955360713349,0,50.0,DEMONSTRATION_ASSUMPTION,SYNTHETIC,stress125C_meas25C,
SYN_L159_D028:supply_current,SYN_L159_D028,SYN_L159,DEMO_MEMORY,supply_current,mA,4.207522987998638,4.2330488067416665,0,6.0,DEMONSTRATION_ASSUMPTION,SYNTHETIC,stress125C_meas25C,
SYN_L159_D029:leakage_current,SYN_L159_D029,SYN_L159,DEMO_MEMORY,leakage_current,uA,29.440890223281627,29.9010007151241,0,50.0,DEMONSTRATION_ASSUMPTION,SYNTHETIC,stress125C_meas25C,
SYN_L159_D029:supply_current,SYN_L159_D029,SYN_L159,DEMO_MEMORY,supply_current,mA,4.325478101926777,4.349540438844201,0,6.0,DEMONSTRATION_ASSUMPTION,SYNTHETIC,stress125C_meas25C,
SYN_L180_D000:leakage_current,SYN_L180_D000,SYN_L180,DEMO_MEMORY,leakage_current,uA,28.2146655071218,30.477016939053307,0,50.0,DEMONSTRATION_ASSUMPTION,SYNTHETIC,stress125C_meas25C,
SYN_L180_D000:supply_current,SYN_L180_D000,SYN_L180,DEMO_MEMORY,supply_current,mA,4.573825644333367,4.680404100539803,0,6.0,DEMONSTRATION_ASSUMPTION,SYNTHETIC,stress125C_meas25C,
SYN_L180_D001:leakage_current,SYN_L180_D001,SYN_L180,DEMO_MEMORY,leakage_current,uA,28.905564939447665,31.090585122235577,0,50.0,DEMONSTRATION_ASSUMPTION,SYNTHETIC,stress125C_meas25C,
SYN_L180_D001:supply_current,SYN_L180_D001,SYN_L180,DEMO_MEMORY,supply_current,mA,4.970422814764356,5.0672772338208665,0,6.0,DEMONSTRATION_ASSUMPTION,SYNTHETIC,stress125C_meas25C,
SYN_L180_D002:leakage_current,SYN_L180_D002,SYN_L180,DEMO_MEMORY,leakage_current,uA,28.99334091471064,31.2328417941448,0,50.0,DEMONSTRATION_ASSUMPTION,SYNTHETIC,stress125C_meas25C,
SYN_L180_D002:supply_current,SYN_L180_D002,SYN_L180,DEMO_MEMORY,supply_current,mA,4.9828284047550735,5.1208626802567405,0,6.0,DEMONSTRATION_ASSUMPTION,SYNTHETIC,stress125C_meas25C,
SYN_L180_D003:leakage_current,SYN_L180_D003,SYN_L180,DEMO_MEMORY,leakage_current,uA,29.936185750260798,32.292668808904,0,50.0,DEMONSTRATION_ASSUMPTION,SYNTHETIC,stress125C_meas25C,
SYN_L180_D003:supply_current,SYN_L180_D003,SYN_L180,DEMO_MEMORY,supply_current,mA,5.092142729518261,5.22585738787999,0,6.0,DEMONSTRATION_ASSUMPTION,SYNTHETIC,stress125C_meas25C,
SYN_L180_D004:leakage_current,SYN_L180_D004,SYN_L180,DEMO_MEMORY,leakage_current,uA,28.343753784548195,30.5346828277212,0,50.0,DEMONSTRATION_ASSUMPTION,SYNTHETIC,stress125C_meas25C,
SYN_L180_D004:supply_current,SYN_L180_D004,SYN_L180,DEMO_MEMORY,supply_current,mA,5.070604412944221,5.188920373570714,0,6.0,DEMONSTRATION_ASSUMPTION,SYNTHETIC,stress125C_meas25C,
SYN_L180_D005:leakage_current,SYN_L180_D005,SYN_L180,DEMO_MEMORY,leakage_current,uA,28.990444368027127,31.261942362991974,0,50.0,DEMONSTRATION_ASSUMPTION,SYNTHETIC,stress125C_meas25C,
SYN_L180_D005:supply_current,SYN_L180_D005,SYN_L180,DEMO_MEMORY,supply_current,mA,5.0333458317805375,5.149544283435084,0,6.0,DEMONSTRATION_ASSUMPTION,SYNTHETIC,stress125C_meas25C,
SYN_L180_D006:leakage_current,SYN_L180_D006,SYN_L180,DEMO_MEMORY,leakage_current,uA,29.860912569016367,32.15640473711728,0,50.0,DEMONSTRATION_ASSUMPTION,SYNTHETIC,stress125C_meas25C,
SYN_L180_D006:supply_current,SYN_L180_D006,SYN_L180,DEMO_MEMORY,supply_current,mA,5.017569822414566,5.157986369708026,0,6.0,DEMONSTRATION_ASSUMPTION,SYNTHETIC,stress125C_meas25C,
SYN_L180_D007:leakage_current,SYN_L180_D007,SYN_L180,DEMO_MEMORY,leakage_current,uA,28.730530997428183,31.0462945609536,0,50.0,DEMONSTRATION_ASSUMPTION,SYNTHETIC,stress125C_meas25C,
SYN_L180_D007:supply_current,SYN_L180_D007,SYN_L180,DEMO_MEMORY,supply_current,mA,5.094596860174666,5.729687858941001,0,6.0,DEMONSTRATION_ASSUMPTION,SYNTHETIC,stress125C_meas25C,
SYN_L180_D008:leakage_current,SYN_L180_D008,SYN_L180,DEMO_MEMORY,leakage_current,uA,28.849915612118,31.207475532522317,0,50.0,DEMONSTRATION_ASSUMPTION,SYNTHETIC,stress125C_meas25C,
SYN_L180_D008:supply_current,SYN_L180_D008,SYN_L180,DEMO_MEMORY,supply_current,mA,5.0834543281648426,5.207800139372653,0,6.0,DEMONSTRATION_ASSUMPTION,SYNTHETIC,stress125C_meas25C,
SYN_L180_D009:leakage_current,SYN_L180_D009,SYN_L180,DEMO_MEMORY,leakage_current,uA,28.79834316108254,31.005563737589046,0,50.0,DEMONSTRATION_ASSUMPTION,SYNTHETIC,stress125C_meas25C,
SYN_L180_D009:supply_current,SYN_L180_D009,SYN_L180,DEMO_MEMORY,supply_current,mA,5.129037575176437,5.237890061548904,0,6.0,DEMONSTRATION_ASSUMPTION,SYNTHETIC,stress125C_meas25C,
SYN_L180_D010:leakage_current,SYN_L180_D010,SYN_L180,DEMO_MEMORY,leakage_current,uA,30.92480731184126,33.16007784996692,0,50.0,DEMONSTRATION_ASSUMPTION,SYNTHETIC,stress125C_meas25C,
SYN_L180_D010:supply_current,SYN_L180_D010,SYN_L180,DEMO_MEMORY,supply_current,mA,4.859935279960681,4.993973335104362,0,6.0,DEMONSTRATION_ASSUMPTION,SYNTHETIC,stress125C_meas25C,
SYN_L180_D011:leakage_current,SYN_L180_D011,SYN_L180,DEMO_MEMORY,leakage_current,uA,30.358714855674062,32.555881556207524,0,50.0,DEMONSTRATION_ASSUMPTION,SYNTHETIC,stress125C_meas25C,
SYN_L180_D011:supply_current,SYN_L180_D011,SYN_L180,DEMO_MEMORY,supply_current,mA,4.8069922131471845,4.889051403411773,0,6.0,DEMONSTRATION_ASSUMPTION,SYNTHETIC,stress125C_meas25C,
SYN_L180_D012:leakage_current,SYN_L180_D012,SYN_L180,DEMO_MEMORY,leakage_current,uA,29.922117677885936,32.23387009949498,0,50.0,DEMONSTRATION_ASSUMPTION,SYNTHETIC,stress125C_meas25C,
SYN_L180_D012:supply_current,SYN_L180_D012,SYN_L180,DEMO_MEMORY,supply_current,mA,4.792609550075744,4.9113214639227705,0,6.0,DEMONSTRATION_ASSUMPTION,SYNTHETIC,stress125C_meas25C,
SYN_L180_D013:leakage_current,SYN_L180_D013,SYN_L180,DEMO_MEMORY,leakage_current,uA,29.773716183953443,31.875241469546207,0,50.0,DEMONSTRATION_ASSUMPTION,SYNTHETIC,stress125C_meas25C,
SYN_L180_D013:supply_current,SYN_L180_D013,SYN_L180,DEMO_MEMORY,supply_current,mA,4.947903947257557,5.074587583861891,0,6.0,DEMONSTRATION_ASSUMPTION,SYNTHETIC,stress125C_meas25C,
SYN_L180_D014:leakage_current,SYN_L180_D014,SYN_L180,DEMO_MEMORY,leakage_current,uA,28.217165401451076,30.436124522790827,0,50.0,DEMONSTRATION_ASSUMPTION,SYNTHETIC,stress125C_meas25C,
SYN_L180_D014:supply_current,SYN_L180_D014,SYN_L180,DEMO_MEMORY,supply_current,mA,4.945109723849398,5.017161139616289,0,6.0,DEMONSTRATION_ASSUMPTION,SYNTHETIC,stress125C_meas25C,
SYN_L180_D015:leakage_current,SYN_L180_D015,SYN_L180,DEMO_MEMORY,leakage_current,uA,28.601812057485667,30.89401987114685,0,50.0,DEMONSTRATION_ASSUMPTION,SYNTHETIC,stress125C_meas25C,
SYN_L180_D015:supply_current,SYN_L180_D015,SYN_L180,DEMO_MEMORY,supply_current,mA,4.805559428203176,4.912890812734757,0,6.0,DEMONSTRATION_ASSUMPTION,SYNTHETIC,stress125C_meas25C,
SYN_L180_D016:leakage_current,SYN_L180_D016,SYN_L180,DEMO_MEMORY,leakage_current,uA,29.31518358785226,31.63296281657661,0,50.0,DEMONSTRATION_ASSUMPTION,SYNTHETIC,stress125C_meas25C,
SYN_L180_D016:supply_current,SYN_L180_D016,SYN_L180,DEMO_MEMORY,supply_current,mA,4.948522783888621,5.068554986470014,0,6.0,DEMONSTRATION_ASSUMPTION,SYNTHETIC,stress125C_meas25C,
SYN_L180_D017:leakage_current,SYN_L180_D017,SYN_L180,DEMO_MEMORY,leakage_current,uA,28.90860987928553,31.29788618846335,0,50.0,DEMONSTRATION_ASSUMPTION,SYNTHETIC,stress125C_meas25C,
SYN_L180_D017:supply_current,SYN_L180_D017,SYN_L180,DEMO_MEMORY,supply_current,mA,5.002519112375564,5.10694761100585,0,6.0,DEMONSTRATION_ASSUMPTION,SYNTHETIC,stress125C_meas25C,
SYN_L180_D018:leakage_current,SYN_L180_D018,SYN_L180,DEMO_MEMORY,leakage_current,uA,29.168213171404677,31.44224284724017,0,50.0,DEMONSTRATION_ASSUMPTION,SYNTHETIC,stress125C_meas25C,
SYN_L180_D018:supply_current,SYN_L180_D018,SYN_L180,DEMO_MEMORY,supply_current,mA,5.140423031522921,5.251034326968124,0,6.0,DEMONSTRATION_ASSUMPTION,SYNTHETIC,stress125C_meas25C,
SYN_L180_D019:leakage_current,SYN_L180_D019,SYN_L180,DEMO_MEMORY,leakage_current,uA,29.44882596129367,31.753724223609947,0,50.0,DEMONSTRATION_ASSUMPTION,SYNTHETIC,stress125C_meas25C,
SYN_L180_D019:supply_current,SYN_L180_D019,SYN_L180,DEMO_MEMORY,supply_current,mA,4.983389840986708,5.10925797384022,0,6.0,DEMONSTRATION_ASSUMPTION,SYNTHETIC,stress125C_meas25C,
SYN_L180_D020:leakage_current,SYN_L180_D020,SYN_L180,DEMO_MEMORY,leakage_current,uA,48.568304752478205,50.78905373431035,0,50.0,DEMONSTRATION_ASSUMPTION,SYNTHETIC,stress125C_meas25C,
SYN_L180_D020:supply_current,SYN_L180_D020,SYN_L180,DEMO_MEMORY,supply_current,mA,4.885379305202543,5.023950061073832,0,6.0,DEMONSTRATION_ASSUMPTION,SYNTHETIC,stress125C_meas25C,
SYN_L180_D021:leakage_current,SYN_L180_D021,SYN_L180,DEMO_MEMORY,leakage_current,uA,28.341630754599468,30.68072886682675,0,50.0,DEMONSTRATION_ASSUMPTION,SYNTHETIC,stress125C_meas25C,
SYN_L180_D021:supply_current,SYN_L180_D021,SYN_L180,DEMO_MEMORY,supply_current,mA,4.966236687464126,5.078533024709449,0,6.0,DEMONSTRATION_ASSUMPTION,SYNTHETIC,stress125C_meas25C,
SYN_L180_D022:leakage_current,SYN_L180_D022,SYN_L180,DEMO_MEMORY,leakage_current,uA,29.95412662079719,32.16346998190235,0,50.0,DEMONSTRATION_ASSUMPTION,SYNTHETIC,stress125C_meas25C,
SYN_L180_D022:supply_current,SYN_L180_D022,SYN_L180,DEMO_MEMORY,supply_current,mA,4.880019505392002,4.977680883377173,0,6.0,DEMONSTRATION_ASSUMPTION,SYNTHETIC,stress125C_meas25C,
SYN_L180_D023:leakage_current,SYN_L180_D023,SYN_L180,DEMO_MEMORY,leakage_current,uA,31.36525575073729,34.004323534810744,0,50.0,DEMONSTRATION_ASSUMPTION,SYNTHETIC,stress125C_meas25C,
SYN_L180_D023:supply_current,SYN_L180_D023,SYN_L180,DEMO_MEMORY,supply_current,mA,4.845439014107073,4.982956518204777,0,6.0,DEMONSTRATION_ASSUMPTION,SYNTHETIC,stress125C_meas25C,
SYN_L192_D000:leakage_current,SYN_L192_D000,SYN_L192,DEMO_MEMORY,leakage_current,uA,10.65821509766417,,0,50.0,DEMONSTRATION_ASSUMPTION,SYNTHETIC,stress125C_meas25C,
SYN_L192_D000:supply_current,SYN_L192_D000,SYN_L192,DEMO_MEMORY,supply_current,mA,4.146598904945125,,0,6.0,DEMONSTRATION_ASSUMPTION,SYNTHETIC,stress125C_meas25C,
SYN_L192_D001:leakage_current,SYN_L192_D001,SYN_L192,DEMO_MEMORY,leakage_current,uA,10.0,10.0,0,50.0,DEMONSTRATION_ASSUMPTION,SYNTHETIC,stress125C_meas25C,
SYN_L192_D001:supply_current,SYN_L192_D001,SYN_L192,DEMO_MEMORY,supply_current,mA,4.0,4.0,0,6.0,DEMONSTRATION_ASSUMPTION,SYNTHETIC,stress125C_meas25C,
SYN_L192_D002:leakage_current,SYN_L192_D002,SYN_L192,DEMO_MEMORY,leakage_current,uA,10.447694962441728,11.050785807418215,0,50.0,DEMONSTRATION_ASSUMPTION,SYNTHETIC,stress125C_meas25C,
SYN_L192_D002:supply_current,SYN_L192_D002,SYN_L192,DEMO_MEMORY,supply_current,mA,4.017815406794548,4.0239567705769455,0,6.0,DEMONSTRATION_ASSUMPTION,SYNTHETIC,stress125C_meas25C,
ILLUSTRATIVE_Q155_D000:RDS_on,ILLUSTRATIVE_Q155_D000,ILLUSTRATIVE_Q155,DEMO_MOSFET,RDS_on,ohm,0.3176258192285037,0.3245398948643431,0,0.5,DEMONSTRATION_ASSUMPTION,SYNTHETIC,stress125C_meas25C,
ILLUSTRATIVE_Q155_D000:threshold_voltage,ILLUSTRATIVE_Q155_D000,ILLUSTRATIVE_Q155,DEMO_MOSFET,threshold_voltage,V,1.6,1.7000000000000002,1,2.5,DEMONSTRATION_ASSUMPTION,SYNTHETIC,stress125C_meas25C,
ILLUSTRATIVE_Q155_D001:RDS_on,ILLUSTRATIVE_Q155_D001,ILLUSTRATIVE_Q155,DEMO_MOSFET,RDS_on,ohm,0.3406789336573981,0.3412679334355388,0,0.5,DEMONSTRATION_ASSUMPTION,SYNTHETIC,stress125C_meas25C,
ILLUSTRATIVE_Q155_D001:threshold_voltage,ILLUSTRATIVE_Q155_D001,ILLUSTRATIVE_Q155,DEMO_MOSFET,threshold_voltage,V,1.8,1.8,1,2.5,DEMONSTRATION_ASSUMPTION,SYNTHETIC,stress125C_meas25C,
ILLUSTRATIVE_Q155_D002:RDS_on,ILLUSTRATIVE_Q155_D002,ILLUSTRATIVE_Q155,DEMO_MOSFET,RDS_on,ohm,0.3075232189876125,0.3142815351372394,0,0.5,DEMONSTRATION_ASSUMPTION,SYNTHETIC,stress125C_meas25C,
ILLUSTRATIVE_Q155_D002:threshold_voltage,ILLUSTRATIVE_Q155_D002,ILLUSTRATIVE_Q155,DEMO_MOSFET,threshold_voltage,V,1.7000000000000002,1.7000000000000002,1,2.5,DEMONSTRATION_ASSUMPTION,SYNTHETIC,stress125C_meas25C,
ILLUSTRATIVE_Q155_D003:RDS_on,ILLUSTRATIVE_Q155_D003,ILLUSTRATIVE_Q155,DEMO_MOSFET,RDS_on,ohm,0.3122151026171091,0.3184632325417416,0,0.5,DEMONSTRATION_ASSUMPTION,SYNTHETIC,stress125C_meas25C,
ILLUSTRATIVE_Q155_D003:threshold_voltage,ILLUSTRATIVE_Q155_D003,ILLUSTRATIVE_Q155,DEMO_MOSFET,threshold_voltage,V,1.7000000000000002,1.7000000000000002,1,2.5,DEMONSTRATION_ASSUMPTION,SYNTHETIC,stress125C_meas25C,
ILLUSTRATIVE_Q155_D004:RDS_on,ILLUSTRATIVE_Q155_D004,ILLUSTRATIVE_Q155,DEMO_MOSFET,RDS_on,ohm,0.2906532490191204,0.299519421255474,0,0.5,DEMONSTRATION_ASSUMPTION,SYNTHETIC,stress125C_meas25C,
ILLUSTRATIVE_Q155_D004:threshold_voltage,ILLUSTRATIVE_Q155_D004,ILLUSTRATIVE_Q155,DEMO_MOSFET,threshold_voltage,V,1.6,1.7000000000000002,1,2.5,DEMONSTRATION_ASSUMPTION,SYNTHETIC,stress125C_meas25C,
ILLUSTRATIVE_Q155_D005:RDS_on,ILLUSTRATIVE_Q155_D005,ILLUSTRATIVE_Q155,DEMO_MOSFET,RDS_on,ohm,0.4093067643484676,0.4171504738054684,0,0.5,DEMONSTRATION_ASSUMPTION,SYNTHETIC,stress125C_meas25C,
ILLUSTRATIVE_Q155_D005:threshold_voltage,ILLUSTRATIVE_Q155_D005,ILLUSTRATIVE_Q155,DEMO_MOSFET,threshold_voltage,V,1.6,1.6,1,2.5,DEMONSTRATION_ASSUMPTION,SYNTHETIC,stress125C_meas25C,
ILLUSTRATIVE_Q155_D006:RDS_on,ILLUSTRATIVE_Q155_D006,ILLUSTRATIVE_Q155,DEMO_MOSFET,RDS_on,ohm,0.3146560784061235,0.3745445971117323,0,0.5,DEMONSTRATION_ASSUMPTION,SYNTHETIC,stress125C_meas25C,
ILLUSTRATIVE_Q155_D006:threshold_voltage,ILLUSTRATIVE_Q155_D006,ILLUSTRATIVE_Q155,DEMO_MOSFET,threshold_voltage,V,1.7000000000000002,1.7000000000000002,1,2.5,DEMONSTRATION_ASSUMPTION,SYNTHETIC,stress125C_meas25C,
ILLUSTRATIVE_Q155_D007:RDS_on,ILLUSTRATIVE_Q155_D007,ILLUSTRATIVE_Q155,DEMO_MOSFET,RDS_on,ohm,0.2816852583796455,0.2846213547141522,0,0.5,DEMONSTRATION_ASSUMPTION,SYNTHETIC,stress125C_meas25C,
ILLUSTRATIVE_Q155_D007:threshold_voltage,ILLUSTRATIVE_Q155_D007,ILLUSTRATIVE_Q155,DEMO_MOSFET,threshold_voltage,V,1.7000000000000002,1.7000000000000002,1,2.5,DEMONSTRATION_ASSUMPTION,SYNTHETIC,stress125C_meas25C,
ILLUSTRATIVE_Q155_D008:RDS_on,ILLUSTRATIVE_Q155_D008,ILLUSTRATIVE_Q155,DEMO_MOSFET,RDS_on,ohm,0.2891758362595245,0.2946560486940383,0,0.5,DEMONSTRATION_ASSUMPTION,SYNTHETIC,stress125C_meas25C,
ILLUSTRATIVE_Q155_D008:threshold_voltage,ILLUSTRATIVE_Q155_D008,ILLUSTRATIVE_Q155,DEMO_MOSFET,threshold_voltage,V,1.7000000000000002,1.7000000000000002,1,2.5,DEMONSTRATION_ASSUMPTION,SYNTHETIC,stress125C_meas25C,
ILLUSTRATIVE_Q155_D009:RDS_on,ILLUSTRATIVE_Q155_D009,ILLUSTRATIVE_Q155,DEMO_MOSFET,RDS_on,ohm,0.2960746469578399,0.2962145676025924,0,0.5,DEMONSTRATION_ASSUMPTION,SYNTHETIC,stress125C_meas25C,
ILLUSTRATIVE_Q155_D009:threshold_voltage,ILLUSTRATIVE_Q155_D009,ILLUSTRATIVE_Q155,DEMO_MOSFET,threshold_voltage,V,1.7000000000000002,1.7000000000000002,1,2.5,DEMONSTRATION_ASSUMPTION,SYNTHETIC,stress125C_meas25C,
ILLUSTRATIVE_Q155_D010:RDS_on,ILLUSTRATIVE_Q155_D010,ILLUSTRATIVE_Q155,DEMO_MOSFET,RDS_on,ohm,0.3208888005377762,0.3255747906475669,0,0.5,DEMONSTRATION_ASSUMPTION,SYNTHETIC,stress125C_meas25C,
ILLUSTRATIVE_Q155_D010:threshold_voltage,ILLUSTRATIVE_Q155_D010,ILLUSTRATIVE_Q155,DEMO_MOSFET,threshold_voltage,V,1.8,1.8,1,2.5,DEMONSTRATION_ASSUMPTION,SYNTHETIC,stress125C_meas25C,
ILLUSTRATIVE_Q155_D011:RDS_on,ILLUSTRATIVE_Q155_D011,ILLUSTRATIVE_Q155,DEMO_MOSFET,RDS_on,ohm,0.2922159402554802,0.2975128319583345,0,0.5,DEMONSTRATION_ASSUMPTION,SYNTHETIC,stress125C_meas25C,
ILLUSTRATIVE_Q155_D011:threshold_voltage,ILLUSTRATIVE_Q155_D011,ILLUSTRATIVE_Q155,DEMO_MOSFET,threshold_voltage,V,2.0,2.0,1,2.5,DEMONSTRATION_ASSUMPTION,SYNTHETIC,stress125C_meas25C,
ILLUSTRATIVE_Q155_D012:RDS_on,ILLUSTRATIVE_Q155_D012,ILLUSTRATIVE_Q155,DEMO_MOSFET,RDS_on,ohm,0.3014333750990169,0.304543425809834,0,0.5,DEMONSTRATION_ASSUMPTION,SYNTHETIC,stress125C_meas25C,
ILLUSTRATIVE_Q155_D012:threshold_voltage,ILLUSTRATIVE_Q155_D012,ILLUSTRATIVE_Q155,DEMO_MOSFET,threshold_voltage,V,1.7000000000000002,1.7000000000000002,1,2.5,DEMONSTRATION_ASSUMPTION,SYNTHETIC,stress125C_meas25C,
ILLUSTRATIVE_Q155_D013:RDS_on,ILLUSTRATIVE_Q155_D013,ILLUSTRATIVE_Q155,DEMO_MOSFET,RDS_on,ohm,0.2876347822472234,0.2984731345431098,0,0.5,DEMONSTRATION_ASSUMPTION,SYNTHETIC,stress125C_meas25C,
ILLUSTRATIVE_Q155_D013:threshold_voltage,ILLUSTRATIVE_Q155_D013,ILLUSTRATIVE_Q155,DEMO_MOSFET,threshold_voltage,V,1.7000000000000002,1.7000000000000002,1,2.5,DEMONSTRATION_ASSUMPTION,SYNTHETIC,stress125C_meas25C,
ILLUSTRATIVE_Q155_D014:RDS_on,ILLUSTRATIVE_Q155_D014,ILLUSTRATIVE_Q155,DEMO_MOSFET,RDS_on,ohm,0.2792650353488954,0.2872480027457081,0,0.5,DEMONSTRATION_ASSUMPTION,SYNTHETIC,stress125C_meas25C,
ILLUSTRATIVE_Q155_D014:threshold_voltage,ILLUSTRATIVE_Q155_D014,ILLUSTRATIVE_Q155,DEMO_MOSFET,threshold_voltage,V,1.7000000000000002,1.7000000000000002,1,2.5,DEMONSTRATION_ASSUMPTION,SYNTHETIC,stress125C_meas25C,
ILLUSTRATIVE_Q155_D015:RDS_on,ILLUSTRATIVE_Q155_D015,ILLUSTRATIVE_Q155,DEMO_MOSFET,RDS_on,ohm,0.2948203659497748,0.2998453906881606,0,0.5,DEMONSTRATION_ASSUMPTION,SYNTHETIC,stress125C_meas25C,
ILLUSTRATIVE_Q155_D015:threshold_voltage,ILLUSTRATIVE_Q155_D015,ILLUSTRATIVE_Q155,DEMO_MOSFET,threshold_voltage,V,1.6,1.7000000000000002,1,2.5,DEMONSTRATION_ASSUMPTION,SYNTHETIC,stress125C_meas25C,
ILLUSTRATIVE_Q155_D016:RDS_on,ILLUSTRATIVE_Q155_D016,ILLUSTRATIVE_Q155,DEMO_MOSFET,RDS_on,ohm,0.3120145569638418,0.3141861337155171,0,0.5,DEMONSTRATION_ASSUMPTION,SYNTHETIC,stress125C_meas25C,
ILLUSTRATIVE_Q155_D016:threshold_voltage,ILLUSTRATIVE_Q155_D016,ILLUSTRATIVE_Q155,DEMO_MOSFET,threshold_voltage,V,1.7000000000000002,1.8,1,2.5,DEMONSTRATION_ASSUMPTION,SYNTHETIC,stress125C_meas25C,
ILLUSTRATIVE_Q155_D017:RDS_on,ILLUSTRATIVE_Q155_D017,ILLUSTRATIVE_Q155,DEMO_MOSFET,RDS_on,ohm,0.3216077321314107,0.3261196095295352,0,0.5,DEMONSTRATION_ASSUMPTION,SYNTHETIC,stress125C_meas25C,
ILLUSTRATIVE_Q155_D017:threshold_voltage,ILLUSTRATIVE_Q155_D017,ILLUSTRATIVE_Q155,DEMO_MOSFET,threshold_voltage,V,1.7000000000000002,1.7000000000000002,1,2.5,DEMONSTRATION_ASSUMPTION,SYNTHETIC,stress125C_meas25C,
ILLUSTRATIVE_Q155_D018:RDS_on,ILLUSTRATIVE_Q155_D018,ILLUSTRATIVE_Q155,DEMO_MOSFET,RDS_on,ohm,0.3163493587407605,0.3222706068473277,0,0.5,DEMONSTRATION_ASSUMPTION,SYNTHETIC,stress125C_meas25C,
ILLUSTRATIVE_Q155_D018:threshold_voltage,ILLUSTRATIVE_Q155_D018,ILLUSTRATIVE_Q155,DEMO_MOSFET,threshold_voltage,V,1.8,1.8,1,2.5,DEMONSTRATION_ASSUMPTION,SYNTHETIC,stress125C_meas25C,
ILLUSTRATIVE_Q155_D019:RDS_on,ILLUSTRATIVE_Q155_D019,ILLUSTRATIVE_Q155,DEMO_MOSFET,RDS_on,ohm,0.3197782165006049,0.3249274060278491,0,0.5,DEMONSTRATION_ASSUMPTION,SYNTHETIC,stress125C_meas25C,
ILLUSTRATIVE_Q155_D019:threshold_voltage,ILLUSTRATIVE_Q155_D019,ILLUSTRATIVE_Q155,DEMO_MOSFET,threshold_voltage,V,1.7000000000000002,1.7000000000000002,1,2.5,DEMONSTRATION_ASSUMPTION,SYNTHETIC,stress125C_meas25C,
ILLUSTRATIVE_Q155_D020:RDS_on,ILLUSTRATIVE_Q155_D020,ILLUSTRATIVE_Q155,DEMO_MOSFET,RDS_on,ohm,0.3210017010178496,0.3255559784271856,0,0.5,DEMONSTRATION_ASSUMPTION,SYNTHETIC,stress125C_meas25C,
ILLUSTRATIVE_Q155_D020:threshold_voltage,ILLUSTRATIVE_Q155_D020,ILLUSTRATIVE_Q155,DEMO_MOSFET,threshold_voltage,V,1.6,1.6,1,2.5,DEMONSTRATION_ASSUMPTION,SYNTHETIC,stress125C_meas25C,
ILLUSTRATIVE_Q155_D021:RDS_on,ILLUSTRATIVE_Q155_D021,ILLUSTRATIVE_Q155,DEMO_MOSFET,RDS_on,ohm,0.2994130886989067,0.3010652793084098,0,0.5,DEMONSTRATION_ASSUMPTION,SYNTHETIC,stress125C_meas25C,
ILLUSTRATIVE_Q155_D021:threshold_voltage,ILLUSTRATIVE_Q155_D021,ILLUSTRATIVE_Q155,DEMO_MOSFET,threshold_voltage,V,1.6,1.6,1,2.5,DEMONSTRATION_ASSUMPTION,SYNTHETIC,stress125C_meas25C,
ILLUSTRATIVE_Q155_D022:RDS_on,ILLUSTRATIVE_Q155_D022,ILLUSTRATIVE_Q155,DEMO_MOSFET,RDS_on,ohm,0.3071665324942891,0.3121800352521136,0,0.5,DEMONSTRATION_ASSUMPTION,SYNTHETIC,stress125C_meas25C,
ILLUSTRATIVE_Q155_D022:threshold_voltage,ILLUSTRATIVE_Q155_D022,ILLUSTRATIVE_Q155,DEMO_MOSFET,threshold_voltage,V,1.7000000000000002,1.7000000000000002,1,2.5,DEMONSTRATION_ASSUMPTION,SYNTHETIC,stress125C_meas25C,
ILLUSTRATIVE_Q155_D023:RDS_on,ILLUSTRATIVE_Q155_D023,ILLUSTRATIVE_Q155,DEMO_MOSFET,RDS_on,ohm,0.3354531160832139,0.3388064475973554,0,0.5,DEMONSTRATION_ASSUMPTION,SYNTHETIC,stress125C_meas25C,
ILLUSTRATIVE_Q155_D023:threshold_voltage,ILLUSTRATIVE_Q155_D023,ILLUSTRATIVE_Q155,DEMO_MOSFET,threshold_voltage,V,1.8,1.8,1,2.5,DEMONSTRATION_ASSUMPTION,SYNTHETIC,stress125C_meas25C,
ILLUSTRATIVE_Q155_D024:RDS_on,ILLUSTRATIVE_Q155_D024,ILLUSTRATIVE_Q155,DEMO_MOSFET,RDS_on,ohm,0.2911859590349615,0.2932995866549807,0,0.5,DEMONSTRATION_ASSUMPTION,SYNTHETIC,stress125C_meas25C,
ILLUSTRATIVE_Q155_D024:threshold_voltage,ILLUSTRATIVE_Q155_D024,ILLUSTRATIVE_Q155,DEMO_MOSFET,threshold_voltage,V,1.7000000000000002,1.7000000000000002,1,2.5,DEMONSTRATION_ASSUMPTION,SYNTHETIC,stress125C_meas25C,
ILLUSTRATIVE_Q155_D025:RDS_on,ILLUSTRATIVE_Q155_D025,ILLUSTRATIVE_Q155,DEMO_MOSFET,RDS_on,ohm,0.2905677418804028,0.3268656853400526,0,0.5,DEMONSTRATION_ASSUMPTION,SYNTHETIC,stress125C_meas25C,
ILLUSTRATIVE_Q155_D025:threshold_voltage,ILLUSTRATIVE_Q155_D025,ILLUSTRATIVE_Q155,DEMO_MOSFET,threshold_voltage,V,1.7000000000000002,1.7000000000000002,1,2.5,DEMONSTRATION_ASSUMPTION,SYNTHETIC,stress125C_meas25C,
ILLUSTRATIVE_Q155_D026:RDS_on,ILLUSTRATIVE_Q155_D026,ILLUSTRATIVE_Q155,DEMO_MOSFET,RDS_on,ohm,0.2619911718146898,0.2659242690051977,0,0.5,DEMONSTRATION_ASSUMPTION,SYNTHETIC,stress125C_meas25C,
ILLUSTRATIVE_Q155_D026:threshold_voltage,ILLUSTRATIVE_Q155_D026,ILLUSTRATIVE_Q155,DEMO_MOSFET,threshold_voltage,V,1.7000000000000002,1.7000000000000002,1,2.5,DEMONSTRATION_ASSUMPTION,SYNTHETIC,stress125C_meas25C,
ILLUSTRATIVE_Q155_D027:RDS_on,ILLUSTRATIVE_Q155_D027,ILLUSTRATIVE_Q155,DEMO_MOSFET,RDS_on,ohm,0.3203779063929999,0.3221028759636277,0,0.5,DEMONSTRATION_ASSUMPTION,SYNTHETIC,stress125C_meas25C,
ILLUSTRATIVE_Q155_D027:threshold_voltage,ILLUSTRATIVE_Q155_D027,ILLUSTRATIVE_Q155,DEMO_MOSFET,threshold_voltage,V,1.7000000000000002,1.7000000000000002,1,2.5,DEMONSTRATION_ASSUMPTION,SYNTHETIC,stress125C_meas25C,
ILLUSTRATIVE_Q155_D028:RDS_on,ILLUSTRATIVE_Q155_D028,ILLUSTRATIVE_Q155,DEMO_MOSFET,RDS_on,ohm,0.2861682757535276,0.2880889709558165,0,0.5,DEMONSTRATION_ASSUMPTION,SYNTHETIC,stress125C_meas25C,
ILLUSTRATIVE_Q155_D028:threshold_voltage,ILLUSTRATIVE_Q155_D028,ILLUSTRATIVE_Q155,DEMO_MOSFET,threshold_voltage,V,1.7000000000000002,1.7000000000000002,1,2.5,DEMONSTRATION_ASSUMPTION,SYNTHETIC,stress125C_meas25C,
ILLUSTRATIVE_Q155_D029:RDS_on,ILLUSTRATIVE_Q155_D029,ILLUSTRATIVE_Q155,DEMO_MOSFET,RDS_on,ohm,0.3129657150500606,0.3159977269958759,0,0.5,DEMONSTRATION_ASSUMPTION,SYNTHETIC,stress125C_meas25C,
ILLUSTRATIVE_Q155_D029:threshold_voltage,ILLUSTRATIVE_Q155_D029,ILLUSTRATIVE_Q155,DEMO_MOSFET,threshold_voltage,V,1.7000000000000002,1.7000000000000002,1,2.5,DEMONSTRATION_ASSUMPTION,SYNTHETIC,stress125C_meas25C,
