sample_id,device_id,lot_id,part_number,parameter,unit,value_0h,value_24h,spec_lower,spec_upper,spec_origin,provenance_class,test_condition
SYN_L150_D000:leakage_current,SYN_L150_D000,SYN_L150,DEMO_MEMORY,leakage_current,uA,9.347521408526545,9.526561767864791,0,50.0,DEMONSTRATION_ASSUMPTION,SYNTHETIC,stress125C_meas25C
SYN_L150_D000:supply_current,SYN_L150_D000,SYN_L150,DEMO_MEMORY,supply_current,mA,3.92577321717574,3.9467122390450498,0,6.0,DEMONSTRATION_ASSUMPTION,SYNTHETIC,stress125C_meas25C
SYN_L150_D001:leakage_current,SYN_L150_D001,SYN_L150,DEMO_MEMORY,leakage_current,uA,9.298696926509882,9.54530579564482,0,50.0,DEMONSTRATION_ASSUMPTION,SYNTHETIC,stress125C_meas25C
SYN_L150_D001:supply_current,SYN_L150_D001,SYN_L150,DEMO_MEMORY,supply_current,mA,3.773649860807879,3.8133233584599378,0,6.0,DEMONSTRATION_ASSUMPTION,SYNTHETIC,stress125C_meas25C
SYN_L150_D002:leakage_current,SYN_L150_D002,SYN_L150,DEMO_MEMORY,leakage_current,uA,9.858906991154978,10.083302317451338,0,50.0,DEMONSTRATION_ASSUMPTION,SYNTHETIC,stress125C_meas25C
SYN_L150_D002:supply_current,SYN_L150_D002,SYN_L150,DEMO_MEMORY,supply_current,mA,4.037363920134776,4.060644334088504,0,6.0,DEMONSTRATION_ASSUMPTION,SYNTHETIC,stress125C_meas25C
SYN_L150_D003:leakage_current,SYN_L150_D003,SYN_L150,DEMO_MEMORY,leakage_current,uA,9.518678498803869,9.75955423971724,0,50.0,DEMONSTRATION_ASSUMPTION,SYNTHETIC,stress125C_meas25C
SYN_L150_D003:supply_current,SYN_L150_D003,SYN_L150,DEMO_MEMORY,supply_current,mA,4.085638027492875,4.100150987762244,0,6.0,DEMONSTRATION_ASSUMPTION,SYNTHETIC,stress125C_meas25C
SYN_L150_D004:leakage_current,SYN_L150_D004,SYN_L150,DEMO_MEMORY,leakage_current,uA,10.04377788739577,10.324408508309295,0,50.0,DEMONSTRATION_ASSUMPTION,SYNTHETIC,stress125C_meas25C
SYN_L150_D004:supply_current,SYN_L150_D004,SYN_L150,DEMO_MEMORY,supply_current,mA,4.682093285820488,4.694712889352898,0,6.0,DEMONSTRATION_ASSUMPTION,SYNTHETIC,stress125C_meas25C
SYN_L150_D005:leakage_current,SYN_L150_D005,SYN_L150,DEMO_MEMORY,leakage_current,uA,9.886596555333668,10.395165019477488,0,50.0,DEMONSTRATION_ASSUMPTION,SYNTHETIC,stress125C_meas25C
SYN_L150_D005:supply_current,SYN_L150_D005,SYN_L150,DEMO_MEMORY,supply_current,mA,3.8244474638478345,3.833823788090797,0,6.0,DEMONSTRATION_ASSUMPTION,SYNTHETIC,stress125C_meas25C
SYN_L150_D006:leakage_current,SYN_L150_D006,SYN_L150,DEMO_MEMORY,leakage_current,uA,9.051444493057554,9.394215603096647,0,50.0,DEMONSTRATION_ASSUMPTION,SYNTHETIC,stress125C_meas25C
SYN_L150_D006:supply_current,SYN_L150_D006,SYN_L150,DEMO_MEMORY,supply_current,mA,3.632143489830137,3.640845775063218,0,6.0,DEMONSTRATION_ASSUMPTION,SYNTHETIC,stress125C_meas25C
SYN_L150_D007:leakage_current,SYN_L150_D007,SYN_L150,DEMO_MEMORY,leakage_current,uA,9.22498771321874,9.925943320453747,0,50.0,DEMONSTRATION_ASSUMPTION,SYNTHETIC,stress125C_meas25C
SYN_L150_D007:supply_current,SYN_L150_D007,SYN_L150,DEMO_MEMORY,supply_current,mA,3.993102253146019,4.032949702390126,0,6.0,DEMONSTRATION_ASSUMPTION,SYNTHETIC,stress125C_meas25C
SYN_L150_D008:leakage_current,SYN_L150_D008,SYN_L150,DEMO_MEMORY,leakage_current,uA,10.086462364054974,10.439693395416484,0,50.0,DEMONSTRATION_ASSUMPTION,SYNTHETIC,stress125C_meas25C
SYN_L150_D008:supply_current,SYN_L150_D008,SYN_L150,DEMO_MEMORY,supply_current,mA,3.951813062380102,3.983838532981535,0,6.0,DEMONSTRATION_ASSUMPTION,SYNTHETIC,stress125C_meas25C
SYN_L150_D009:leakage_current,SYN_L150_D009,SYN_L150,DEMO_MEMORY,leakage_current,uA,8.633519460905621,9.17703551072952,0,50.0,DEMONSTRATION_ASSUMPTION,SYNTHETIC,stress125C_meas25C
SYN_L150_D009:supply_current,SYN_L150_D009,SYN_L150,DEMO_MEMORY,supply_current,mA,3.9803465899874593,3.986620217696785,0,6.0,DEMONSTRATION_ASSUMPTION,SYNTHETIC,stress125C_meas25C
SYN_L150_D010:leakage_current,SYN_L150_D010,SYN_L150,DEMO_MEMORY,leakage_current,uA,8.17945758378269,8.409641462106489,0,50.0,DEMONSTRATION_ASSUMPTION,SYNTHETIC,stress125C_meas25C
SYN_L150_D010:supply_current,SYN_L150_D010,SYN_L150,DEMO_MEMORY,supply_current,mA,4.001867337554523,4.006556498861958,0,6.0,DEMONSTRATION_ASSUMPTION,SYNTHETIC,stress125C_meas25C
SYN_L150_D011:leakage_current,SYN_L150_D011,SYN_L150,DEMO_MEMORY,leakage_current,uA,9.858532613560968,10.096170963848149,0,50.0,DEMONSTRATION_ASSUMPTION,SYNTHETIC,stress125C_meas25C
SYN_L150_D011:supply_current,SYN_L150_D011,SYN_L150,DEMO_MEMORY,supply_current,mA,3.772094819395221,3.7747966325827846,0,6.0,DEMONSTRATION_ASSUMPTION,SYNTHETIC,stress125C_meas25C
SYN_L150_D012:leakage_current,SYN_L150_D012,SYN_L150,DEMO_MEMORY,leakage_current,uA,8.674306233054914,8.90061996885879,0,50.0,DEMONSTRATION_ASSUMPTION,SYNTHETIC,stress125C_meas25C
SYN_L150_D012:supply_current,SYN_L150_D012,SYN_L150,DEMO_MEMORY,supply_current,mA,3.672148200348533,3.670642810648112,0,6.0,DEMONSTRATION_ASSUMPTION,SYNTHETIC,stress125C_meas25C
SYN_L150_D013:leakage_current,SYN_L150_D013,SYN_L150,DEMO_MEMORY,leakage_current,uA,8.375539793796447,8.625173276519872,0,50.0,DEMONSTRATION_ASSUMPTION,SYNTHETIC,stress125C_meas25C
SYN_L150_D013:supply_current,SYN_L150_D013,SYN_L150,DEMO_MEMORY,supply_current,mA,3.9498505617001354,3.955380645682368,0,6.0,DEMONSTRATION_ASSUMPTION,SYNTHETIC,stress125C_meas25C
SYN_L150_D014:leakage_current,SYN_L150_D014,SYN_L150,DEMO_MEMORY,leakage_current,uA,9.892335087686174,10.232077916794395,0,50.0,DEMONSTRATION_ASSUMPTION,SYNTHETIC,stress125C_meas25C
SYN_L150_D014:supply_current,SYN_L150_D014,SYN_L150,DEMO_MEMORY,supply_current,mA,3.87534333511596,3.893719261572615,0,6.0,DEMONSTRATION_ASSUMPTION,SYNTHETIC,stress125C_meas25C
SYN_L150_D015:leakage_current,SYN_L150_D015,SYN_L150,DEMO_MEMORY,leakage_current,uA,29.873994756034072,30.17013711172596,0,50.0,DEMONSTRATION_ASSUMPTION,SYNTHETIC,stress125C_meas25C
SYN_L150_D015:supply_current,SYN_L150_D015,SYN_L150,DEMO_MEMORY,supply_current,mA,3.670396100950045,3.6709385457879256,0,6.0,DEMONSTRATION_ASSUMPTION,SYNTHETIC,stress125C_meas25C
SYN_L150_D016:leakage_current,SYN_L150_D016,SYN_L150,DEMO_MEMORY,leakage_current,uA,10.67845178017497,10.851557924428093,0,50.0,DEMONSTRATION_ASSUMPTION,SYNTHETIC,stress125C_meas25C
SYN_L150_D016:supply_current,SYN_L150_D016,SYN_L150,DEMO_MEMORY,supply_current,mA,3.87104338765564,3.8869118393177153,0,6.0,DEMONSTRATION_ASSUMPTION,SYNTHETIC,stress125C_meas25C
SYN_L150_D017:leakage_current,SYN_L150_D017,SYN_L150,DEMO_MEMORY,leakage_current,uA,11.034473896156694,11.16072802076174,0,50.0,DEMONSTRATION_ASSUMPTION,SYNTHETIC,stress125C_meas25C
SYN_L150_D017:supply_current,SYN_L150_D017,SYN_L150,DEMO_MEMORY,supply_current,mA,3.945750233763596,4.00312879322607,0,6.0,DEMONSTRATION_ASSUMPTION,SYNTHETIC,stress125C_meas25C
SYN_L150_D018:leakage_current,SYN_L150_D018,SYN_L150,DEMO_MEMORY,leakage_current,uA,8.712931498737195,8.908712311205267,0,50.0,DEMONSTRATION_ASSUMPTION,SYNTHETIC,stress125C_meas25C
SYN_L150_D018:supply_current,SYN_L150_D018,SYN_L150,DEMO_MEMORY,supply_current,mA,3.9727347680797145,3.990938293189616,0,6.0,DEMONSTRATION_ASSUMPTION,SYNTHETIC,stress125C_meas25C
SYN_L150_D019:leakage_current,SYN_L150_D019,SYN_L150,DEMO_MEMORY,leakage_current,uA,10.497603373053453,27.952074192270103,0,50.0,DEMONSTRATION_ASSUMPTION,SYNTHETIC,stress125C_meas25C
SYN_L150_D019:supply_current,SYN_L150_D019,SYN_L150,DEMO_MEMORY,supply_current,mA,3.866478924320216,3.875861258162736,0,6.0,DEMONSTRATION_ASSUMPTION,SYNTHETIC,stress125C_meas25C
SYN_L150_D020:leakage_current,SYN_L150_D020,SYN_L150,DEMO_MEMORY,leakage_current,uA,9.664129721660036,10.063253715022348,0,50.0,DEMONSTRATION_ASSUMPTION,SYNTHETIC,stress125C_meas25C
SYN_L150_D020:supply_current,SYN_L150_D020,SYN_L150,DEMO_MEMORY,supply_current,mA,4.080978008511283,4.111894665566364,0,6.0,DEMONSTRATION_ASSUMPTION,SYNTHETIC,stress125C_meas25C
SYN_L150_D021:leakage_current,SYN_L150_D021,SYN_L150,DEMO_MEMORY,leakage_current,uA,8.828464070639123,9.09367366653647,0,50.0,DEMONSTRATION_ASSUMPTION,SYNTHETIC,stress125C_meas25C
SYN_L150_D021:supply_current,SYN_L150_D021,SYN_L150,DEMO_MEMORY,supply_current,mA,3.8423069759536137,3.829230665428629,0,6.0,DEMONSTRATION_ASSUMPTION,SYNTHETIC,stress125C_meas25C
SYN_L150_D022:leakage_current,SYN_L150_D022,SYN_L150,DEMO_MEMORY,leakage_current,uA,10.17582761723549,10.56405955377811,0,50.0,DEMONSTRATION_ASSUMPTION,SYNTHETIC,stress125C_meas25C
SYN_L150_D022:supply_current,SYN_L150_D022,SYN_L150,DEMO_MEMORY,supply_current,mA,3.7871909615096273,3.830674077064478,0,6.0,DEMONSTRATION_ASSUMPTION,SYNTHETIC,stress125C_meas25C
SYN_L150_D023:leakage_current,SYN_L150_D023,SYN_L150,DEMO_MEMORY,leakage_current,uA,8.51031982672946,8.780849811961271,0,50.0,DEMONSTRATION_ASSUMPTION,SYNTHETIC,stress125C_meas25C
SYN_L150_D023:supply_current,SYN_L150_D023,SYN_L150,DEMO_MEMORY,supply_current,mA,3.774421650554618,3.781997920160386,0,6.0,DEMONSTRATION_ASSUMPTION,SYNTHETIC,stress125C_meas25C
SYN_L150_D024:leakage_current,SYN_L150_D024,SYN_L150,DEMO_MEMORY,leakage_current,uA,9.46868056536401,9.957245327207255,0,50.0,DEMONSTRATION_ASSUMPTION,SYNTHETIC,stress125C_meas25C
SYN_L150_D024:supply_current,SYN_L150_D024,SYN_L150,DEMO_MEMORY,supply_current,mA,4.217279856959999,4.232243667662395,0,6.0,DEMONSTRATION_ASSUMPTION,SYNTHETIC,stress125C_meas25C
SYN_L150_D025:leakage_current,SYN_L150_D025,SYN_L150,DEMO_MEMORY,leakage_current,uA,8.796810241499246,9.105977637186951,0,50.0,DEMONSTRATION_ASSUMPTION,SYNTHETIC,stress125C_meas25C
SYN_L150_D025:supply_current,SYN_L150_D025,SYN_L150,DEMO_MEMORY,supply_current,mA,4.158442877811492,4.194583757519988,0,6.0,DEMONSTRATION_ASSUMPTION,SYNTHETIC,stress125C_meas25C
SYN_L150_D026:leakage_current,SYN_L150_D026,SYN_L150,DEMO_MEMORY,leakage_current,uA,8.928543745042605,9.169970455536014,0,50.0,DEMONSTRATION_ASSUMPTION,SYNTHETIC,stress125C_meas25C
SYN_L150_D026:supply_current,SYN_L150_D026,SYN_L150,DEMO_MEMORY,supply_current,mA,3.900342077644932,4.222153018883257,0,6.0,DEMONSTRATION_ASSUMPTION,SYNTHETIC,stress125C_meas25C
SYN_L150_D027:leakage_current,SYN_L150_D027,SYN_L150,DEMO_MEMORY,leakage_current,uA,8.779320788233065,9.184422427469045,0,50.0,DEMONSTRATION_ASSUMPTION,SYNTHETIC,stress125C_meas25C
SYN_L150_D027:supply_current,SYN_L150_D027,SYN_L150,DEMO_MEMORY,supply_current,mA,3.903588006413646,3.940497281202474,0,6.0,DEMONSTRATION_ASSUMPTION,SYNTHETIC,stress125C_meas25C
SYN_L150_D028:leakage_current,SYN_L150_D028,SYN_L150,DEMO_MEMORY,leakage_current,uA,10.213313499522066,10.357038472618674,0,50.0,DEMONSTRATION_ASSUMPTION,SYNTHETIC,stress125C_meas25C
SYN_L150_D028:supply_current,SYN_L150_D028,SYN_L150,DEMO_MEMORY,supply_current,mA,3.9586511983902,3.9475066549792586,0,6.0,DEMONSTRATION_ASSUMPTION,SYNTHETIC,stress125C_meas25C
SYN_L150_D029:leakage_current,SYN_L150_D029,SYN_L150,DEMO_MEMORY,leakage_current,uA,9.87671307111944,10.110373307108604,0,50.0,DEMONSTRATION_ASSUMPTION,SYNTHETIC,stress125C_meas25C
SYN_L150_D029:supply_current,SYN_L150_D029,SYN_L150,DEMO_MEMORY,supply_current,mA,3.839544894611461,3.88641295953724,0,6.0,DEMONSTRATION_ASSUMPTION,SYNTHETIC,stress125C_meas25C
