dataset_id,device_id,lot_id,peer_group,fold,split_kind
ad620,ad620:1,1708D,UNRESOLVED,0,device_fold_NOT_unseen_lot
ad620,ad620:10,1708D,UNRESOLVED,1,device_fold_NOT_unseen_lot
ad620,ad620:2,1708D,UNRESOLVED,2,device_fold_NOT_unseen_lot
ad620,ad620:3,1708D,UNRESOLVED,3,device_fold_NOT_unseen_lot
ad620,ad620:4,1708D,UNRESOLVED,4,device_fold_NOT_unseen_lot
ad620,ad620:5,1708D,UNRESOLVED,0,device_fold_NOT_unseen_lot
ad620,ad620:6,1708D,UNRESOLVED,1,device_fold_NOT_unseen_lot
ad620,ad620:7,1708D,UNRESOLVED,2,device_fold_NOT_unseen_lot
ad620,ad620:8,1708D,UNRESOLVED,3,device_fold_NOT_unseen_lot
ad620,ad620:9,1708D,UNRESOLVED,4,device_fold_NOT_unseen_lot
op484,op484:102,1553A,control,0,device_fold_NOT_unseen_lot
op484,op484:103,1553A,control,1,device_fold_NOT_unseen_lot
op484,op484:984,1553A,biased,2,device_fold_NOT_unseen_lot
op484,op484:985,1553A,biased,3,device_fold_NOT_unseen_lot
op484,op484:986,1553A,biased,4,device_fold_NOT_unseen_lot
op484,op484:987,1553A,biased,0,device_fold_NOT_unseen_lot
op484,op484:988,1553A,biased,1,device_fold_NOT_unseen_lot
op484,op484:989,1553A,unbiased,2,device_fold_NOT_unseen_lot
op484,op484:990,1553A,unbiased,3,device_fold_NOT_unseen_lot
op484,op484:991,1553A,unbiased,4,device_fold_NOT_unseen_lot
op484,op484:992,1553A,unbiased,0,device_fold_NOT_unseen_lot
op484,op484:993,1553A,unbiased,1,device_fold_NOT_unseen_lot
reram,reram:1,1638,read_only,0,device_fold_NOT_unseen_lot
reram,reram:10,1638,read_write,1,device_fold_NOT_unseen_lot
reram,reram:11,1638,control_read_only,2,device_fold_NOT_unseen_lot
reram,reram:12,1638,control_read_write,3,device_fold_NOT_unseen_lot
reram,reram:2,1638,read_only,4,device_fold_NOT_unseen_lot
reram,reram:3,1638,read_only,0,device_fold_NOT_unseen_lot
reram,reram:4,1638,read_only,1,device_fold_NOT_unseen_lot
reram,reram:5,1638,read_only,2,device_fold_NOT_unseen_lot
reram,reram:6,1638,read_write,3,device_fold_NOT_unseen_lot
reram,reram:7,1638,read_write,4,device_fold_NOT_unseen_lot
reram,reram:8,1638,read_write,0,device_fold_NOT_unseen_lot
reram,reram:9,1638,read_write,1,device_fold_NOT_unseen_lot
u309,u309:10,1526,control,0,device_fold_NOT_unseen_lot
u309,u309:11,1526,control,1,device_fold_NOT_unseen_lot
u309,u309:12,1526,unbiased,2,device_fold_NOT_unseen_lot
u309,u309:13,1526,unbiased,3,device_fold_NOT_unseen_lot
u309,u309:14,1526,unbiased,4,device_fold_NOT_unseen_lot
u309,u309:15,1526,unbiased,0,device_fold_NOT_unseen_lot
u309,u309:16,1526,unbiased,1,device_fold_NOT_unseen_lot
u309,u309:17,1526,unbiased,2,device_fold_NOT_unseen_lot
u309,u309:18,1526,unbiased,3,device_fold_NOT_unseen_lot
u309,u309:19,1526,biased,4,device_fold_NOT_unseen_lot
u309,u309:20,1526,biased,0,device_fold_NOT_unseen_lot
u309,u309:21,1526,biased,1,device_fold_NOT_unseen_lot
u309,u309:22,1526,biased,2,device_fold_NOT_unseen_lot
u309,u309:23,1526,biased,3,device_fold_NOT_unseen_lot
u309,u309:24,1526,biased,4,device_fold_NOT_unseen_lot
u309,u309:25,1526,biased,0,device_fold_NOT_unseen_lot
