device_id,split,group_id,group_kind
SECOM_0000,train,2008-07-19,calendar_date_NOT_lot
SECOM_0001,train,2008-07-19,calendar_date_NOT_lot
SECOM_0002,train,2008-07-19,calendar_date_NOT_lot
SECOM_0003,train,2008-07-19,calendar_date_NOT_lot
SECOM_0004,train,2008-07-19,calendar_date_NOT_lot
SECOM_0005,train,2008-07-19,calendar_date_NOT_lot
SECOM_0006,train,2008-07-19,calendar_date_NOT_lot
SECOM_0007,train,2008-07-19,calendar_date_NOT_lot
SECOM_0008,train,2008-07-19,calendar_date_NOT_lot
SECOM_0009,train,2008-07-19,calendar_date_NOT_lot
SECOM_0010,train,2008-07-19,calendar_date_NOT_lot
SECOM_0011,train,2008-07-19,calendar_date_NOT_lot
SECOM_0012,train,2008-07-20,calendar_date_NOT_lot
SECOM_0013,train,2008-07-21,calendar_date_NOT_lot
SECOM_0014,train,2008-07-21,calendar_date_NOT_lot
SECOM_0015,train,2008-07-22,calendar_date_NOT_lot
SECOM_0016,train,2008-07-22,calendar_date_NOT_lot
SECOM_0017,train,2008-07-22,calendar_date_NOT_lot
SECOM_0018,train,2008-07-22,calendar_date_NOT_lot
SECOM_0019,train,2008-07-22,calendar_date_NOT_lot
SECOM_0020,train,2008-07-22,calendar_date_NOT_lot
SECOM_0021,train,2008-07-23,calendar_date_NOT_lot
SECOM_0022,train,2008-07-23,calendar_date_NOT_lot
SECOM_0023,train,2008-07-25,calendar_date_NOT_lot
SECOM_0024,train,2008-07-27,calendar_date_NOT_lot
SECOM_0025,train,2008-07-27,calendar_date_NOT_lot
SECOM_0026,train,2008-07-27,calendar_date_NOT_lot
SECOM_0027,train,2008-07-27,calendar_date_NOT_lot
SECOM_0028,train,2008-07-27,calendar_date_NOT_lot
SECOM_0029,train,2008-07-27,calendar_date_NOT_lot
SECOM_0030,train,2008-07-27,calendar_date_NOT_lot
SECOM_0031,train,2008-07-27,calendar_date_NOT_lot
SECOM_0032,train,2008-07-27,calendar_date_NOT_lot
SECOM_0033,train,2008-07-27,calendar_date_NOT_lot
SECOM_0034,train,2008-07-28,calendar_date_NOT_lot
SECOM_0035,train,2008-07-28,calendar_date_NOT_lot
SECOM_0036,train,2008-07-28,calendar_date_NOT_lot
SECOM_0037,train,2008-07-28,calendar_date_NOT_lot
SECOM_0038,train,2008-07-28,calendar_date_NOT_lot
SECOM_0039,train,2008-07-28,calendar_date_NOT_lot
SECOM_0040,train,2008-07-28,calendar_date_NOT_lot
SECOM_0041,train,2008-07-28,calendar_date_NOT_lot
SECOM_0042,train,2008-07-29,calendar_date_NOT_lot
SECOM_0043,train,2008-07-29,calendar_date_NOT_lot
SECOM_0044,train,2008-07-29,calendar_date_NOT_lot
SECOM_0045,train,2008-07-29,calendar_date_NOT_lot
SECOM_0046,train,2008-07-29,calendar_date_NOT_lot
SECOM_0047,train,2008-07-29,calendar_date_NOT_lot
SECOM_0048,train,2008-07-29,calendar_date_NOT_lot
SECOM_0049,train,2008-07-29,calendar_date_NOT_lot
SECOM_0050,train,2008-07-29,calendar_date_NOT_lot
SECOM_0051,train,2008-07-29,calendar_date_NOT_lot
SECOM_0052,train,2008-07-29,calendar_date_NOT_lot
SECOM_0053,train,2008-07-29,calendar_date_NOT_lot
SECOM_0054,train,2008-07-30,calendar_date_NOT_lot
SECOM_0055,train,2008-07-30,calendar_date_NOT_lot
SECOM_0056,train,2008-07-30,calendar_date_NOT_lot
SECOM_0057,train,2008-07-30,calendar_date_NOT_lot
SECOM_0058,train,2008-07-30,calendar_date_NOT_lot
SECOM_0059,train,2008-07-31,calendar_date_NOT_lot
SECOM_0060,train,2008-07-31,calendar_date_NOT_lot
SECOM_0061,train,2008-07-31,calendar_date_NOT_lot
SECOM_0062,train,2008-07-31,calendar_date_NOT_lot
SECOM_0063,train,2008-08-01,calendar_date_NOT_lot
SECOM_0064,train,2008-08-01,calendar_date_NOT_lot
SECOM_0065,train,2008-08-01,calendar_date_NOT_lot
SECOM_0066,train,2008-08-01,calendar_date_NOT_lot
SECOM_0067,train,2008-08-01,calendar_date_NOT_lot
SECOM_0068,train,2008-08-01,calendar_date_NOT_lot
SECOM_0069,train,2008-08-01,calendar_date_NOT_lot
SECOM_0070,train,2008-08-01,calendar_date_NOT_lot
SECOM_0071,train,2008-08-02,calendar_date_NOT_lot
SECOM_0072,train,2008-08-03,calendar_date_NOT_lot
SECOM_0073,train,2008-08-03,calendar_date_NOT_lot
SECOM_0074,train,2008-08-03,calendar_date_NOT_lot
SECOM_0075,train,2008-08-03,calendar_date_NOT_lot
SECOM_0076,train,2008-08-03,calendar_date_NOT_lot
SECOM_0077,train,2008-08-03,calendar_date_NOT_lot
SECOM_0078,train,2008-08-03,calendar_date_NOT_lot
SECOM_0079,train,2008-08-03,calendar_date_NOT_lot
SECOM_0080,train,2008-08-03,calendar_date_NOT_lot
SECOM_0081,train,2008-08-03,calendar_date_NOT_lot
SECOM_0082,train,2008-08-04,calendar_date_NOT_lot
SECOM_0083,train,2008-08-04,calendar_date_NOT_lot
SECOM_0084,train,2008-08-04,calendar_date_NOT_lot
SECOM_0085,train,2008-08-04,calendar_date_NOT_lot
SECOM_0086,train,2008-08-04,calendar_date_NOT_lot
SECOM_0087,train,2008-08-04,calendar_date_NOT_lot
SECOM_0088,train,2008-08-04,calendar_date_NOT_lot
SECOM_0089,train,2008-08-04,calendar_date_NOT_lot
SECOM_0090,train,2008-08-04,calendar_date_NOT_lot
SECOM_0091,train,2008-08-04,calendar_date_NOT_lot
SECOM_0092,train,2008-08-04,calendar_date_NOT_lot
SECOM_0093,train,2008-08-04,calendar_date_NOT_lot
SECOM_0094,train,2008-08-04,calendar_date_NOT_lot
SECOM_0095,train,2008-08-04,calendar_date_NOT_lot
SECOM_0096,train,2008-08-04,calendar_date_NOT_lot
SECOM_0097,train,2008-08-04,calendar_date_NOT_lot
SECOM_0098,train,2008-08-04,calendar_date_NOT_lot
SECOM_0099,train,2008-08-04,calendar_date_NOT_lot
SECOM_0100,train,2008-08-05,calendar_date_NOT_lot
SECOM_0101,train,2008-08-05,calendar_date_NOT_lot
SECOM_0102,train,2008-08-05,calendar_date_NOT_lot
SECOM_0103,train,2008-08-05,calendar_date_NOT_lot
SECOM_0104,train,2008-08-05,calendar_date_NOT_lot
SECOM_0105,train,2008-08-05,calendar_date_NOT_lot
SECOM_0106,train,2008-08-05,calendar_date_NOT_lot
SECOM_0107,train,2008-08-05,calendar_date_NOT_lot
SECOM_0108,train,2008-08-05,calendar_date_NOT_lot
SECOM_0109,train,2008-08-05,calendar_date_NOT_lot
SECOM_0110,train,2008-08-05,calendar_date_NOT_lot
SECOM_0111,train,2008-08-05,calendar_date_NOT_lot
SECOM_0112,train,2008-08-05,calendar_date_NOT_lot
SECOM_0113,train,2008-08-05,calendar_date_NOT_lot
SECOM_0114,train,2008-08-05,calendar_date_NOT_lot
SECOM_0115,train,2008-08-05,calendar_date_NOT_lot
SECOM_0116,train,2008-08-05,calendar_date_NOT_lot
SECOM_0117,train,2008-08-05,calendar_date_NOT_lot
SECOM_0118,train,2008-08-05,calendar_date_NOT_lot
SECOM_0119,train,2008-08-05,calendar_date_NOT_lot
SECOM_0120,train,2008-08-05,calendar_date_NOT_lot
SECOM_0121,train,2008-08-05,calendar_date_NOT_lot
SECOM_0122,train,2008-08-05,calendar_date_NOT_lot
SECOM_0123,train,2008-08-05,calendar_date_NOT_lot
SECOM_0124,train,2008-08-05,calendar_date_NOT_lot
SECOM_0125,train,2008-08-05,calendar_date_NOT_lot
SECOM_0126,train,2008-08-05,calendar_date_NOT_lot
SECOM_0127,train,2008-08-05,calendar_date_NOT_lot
SECOM_0128,train,2008-08-06,calendar_date_NOT_lot
SECOM_0129,train,2008-08-06,calendar_date_NOT_lot
SECOM_0130,train,2008-08-06,calendar_date_NOT_lot
SECOM_0131,train,2008-08-06,calendar_date_NOT_lot
SECOM_0132,train,2008-08-06,calendar_date_NOT_lot
SECOM_0133,train,2008-08-06,calendar_date_NOT_lot
SECOM_0134,train,2008-08-06,calendar_date_NOT_lot
SECOM_0135,train,2008-08-06,calendar_date_NOT_lot
SECOM_0136,train,2008-08-06,calendar_date_NOT_lot
SECOM_0137,train,2008-08-06,calendar_date_NOT_lot
SECOM_0138,train,2008-08-06,calendar_date_NOT_lot
SECOM_0139,train,2008-08-06,calendar_date_NOT_lot
SECOM_0140,train,2008-08-06,calendar_date_NOT_lot
SECOM_0141,train,2008-08-06,calendar_date_NOT_lot
SECOM_0142,train,2008-08-06,calendar_date_NOT_lot
SECOM_0143,train,2008-08-06,calendar_date_NOT_lot
SECOM_0144,train,2008-08-06,calendar_date_NOT_lot
SECOM_0145,train,2008-08-06,calendar_date_NOT_lot
SECOM_0146,train,2008-08-06,calendar_date_NOT_lot
SECOM_0147,train,2008-08-07,calendar_date_NOT_lot
SECOM_0148,train,2008-08-07,calendar_date_NOT_lot
SECOM_0149,train,2008-08-07,calendar_date_NOT_lot
SECOM_0150,train,2008-08-07,calendar_date_NOT_lot
SECOM_0151,train,2008-08-07,calendar_date_NOT_lot
SECOM_0152,train,2008-08-07,calendar_date_NOT_lot
SECOM_0153,train,2008-08-07,calendar_date_NOT_lot
SECOM_0154,train,2008-08-07,calendar_date_NOT_lot
SECOM_0155,train,2008-08-08,calendar_date_NOT_lot
SECOM_0156,train,2008-08-08,calendar_date_NOT_lot
SECOM_0157,train,2008-08-08,calendar_date_NOT_lot
SECOM_0158,train,2008-08-08,calendar_date_NOT_lot
SECOM_0159,train,2008-08-08,calendar_date_NOT_lot
SECOM_0160,train,2008-08-08,calendar_date_NOT_lot
SECOM_0161,train,2008-08-08,calendar_date_NOT_lot
SECOM_0162,train,2008-08-08,calendar_date_NOT_lot
SECOM_0163,train,2008-08-08,calendar_date_NOT_lot
SECOM_0164,train,2008-08-09,calendar_date_NOT_lot
SECOM_0165,train,2008-08-09,calendar_date_NOT_lot
SECOM_0166,train,2008-08-09,calendar_date_NOT_lot
SECOM_0167,train,2008-08-09,calendar_date_NOT_lot
SECOM_0168,train,2008-08-09,calendar_date_NOT_lot
SECOM_0169,train,2008-08-09,calendar_date_NOT_lot
SECOM_0170,train,2008-08-09,calendar_date_NOT_lot
SECOM_0171,train,2008-08-09,calendar_date_NOT_lot
SECOM_0172,train,2008-08-09,calendar_date_NOT_lot
SECOM_0173,train,2008-08-09,calendar_date_NOT_lot
SECOM_0174,train,2008-08-09,calendar_date_NOT_lot
SECOM_0175,train,2008-08-09,calendar_date_NOT_lot
SECOM_0176,train,2008-08-09,calendar_date_NOT_lot
SECOM_0177,train,2008-08-09,calendar_date_NOT_lot
SECOM_0178,train,2008-08-10,calendar_date_NOT_lot
SECOM_0179,train,2008-08-10,calendar_date_NOT_lot
SECOM_0180,train,2008-08-10,calendar_date_NOT_lot
SECOM_0181,train,2008-08-10,calendar_date_NOT_lot
SECOM_0182,train,2008-08-10,calendar_date_NOT_lot
SECOM_0183,train,2008-08-10,calendar_date_NOT_lot
SECOM_0184,train,2008-08-10,calendar_date_NOT_lot
SECOM_0185,train,2008-08-10,calendar_date_NOT_lot
SECOM_0186,train,2008-08-10,calendar_date_NOT_lot
SECOM_0187,train,2008-08-10,calendar_date_NOT_lot
SECOM_0188,train,2008-08-10,calendar_date_NOT_lot
SECOM_0189,train,2008-08-10,calendar_date_NOT_lot
SECOM_0190,train,2008-08-11,calendar_date_NOT_lot
SECOM_0191,train,2008-08-11,calendar_date_NOT_lot
SECOM_0192,train,2008-08-11,calendar_date_NOT_lot
SECOM_0193,train,2008-08-11,calendar_date_NOT_lot
SECOM_0194,train,2008-08-11,calendar_date_NOT_lot
SECOM_0195,train,2008-08-12,calendar_date_NOT_lot
SECOM_0196,train,2008-08-12,calendar_date_NOT_lot
SECOM_0197,train,2008-08-12,calendar_date_NOT_lot
SECOM_0198,train,2008-08-12,calendar_date_NOT_lot
SECOM_0199,train,2008-08-12,calendar_date_NOT_lot
SECOM_0200,train,2008-08-13,calendar_date_NOT_lot
SECOM_0201,train,2008-08-15,calendar_date_NOT_lot
SECOM_0202,train,2008-08-15,calendar_date_NOT_lot
SECOM_0203,train,2008-08-15,calendar_date_NOT_lot
SECOM_0204,train,2008-08-15,calendar_date_NOT_lot
SECOM_0205,train,2008-08-15,calendar_date_NOT_lot
SECOM_0206,train,2008-08-15,calendar_date_NOT_lot
SECOM_0207,train,2008-08-15,calendar_date_NOT_lot
SECOM_0208,train,2008-08-15,calendar_date_NOT_lot
SECOM_0209,train,2008-08-15,calendar_date_NOT_lot
SECOM_0210,train,2008-08-15,calendar_date_NOT_lot
SECOM_0211,train,2008-08-15,calendar_date_NOT_lot
SECOM_0212,train,2008-08-16,calendar_date_NOT_lot
SECOM_0213,train,2008-08-16,calendar_date_NOT_lot
SECOM_0214,train,2008-08-16,calendar_date_NOT_lot
SECOM_0215,train,2008-08-16,calendar_date_NOT_lot
SECOM_0216,train,2008-08-16,calendar_date_NOT_lot
SECOM_0217,train,2008-08-16,calendar_date_NOT_lot
SECOM_0218,train,2008-08-16,calendar_date_NOT_lot
SECOM_0219,train,2008-08-16,calendar_date_NOT_lot
SECOM_0220,train,2008-08-16,calendar_date_NOT_lot
SECOM_0221,train,2008-08-16,calendar_date_NOT_lot
SECOM_0222,train,2008-08-16,calendar_date_NOT_lot
SECOM_0223,train,2008-08-16,calendar_date_NOT_lot
SECOM_0224,train,2008-08-17,calendar_date_NOT_lot
SECOM_0225,train,2008-08-17,calendar_date_NOT_lot
SECOM_0226,train,2008-08-17,calendar_date_NOT_lot
SECOM_0227,train,2008-08-17,calendar_date_NOT_lot
SECOM_0228,train,2008-08-17,calendar_date_NOT_lot
SECOM_0229,train,2008-08-17,calendar_date_NOT_lot
SECOM_0230,train,2008-08-17,calendar_date_NOT_lot
SECOM_0231,train,2008-08-17,calendar_date_NOT_lot
SECOM_0232,train,2008-08-17,calendar_date_NOT_lot
SECOM_0233,train,2008-08-17,calendar_date_NOT_lot
SECOM_0234,train,2008-08-17,calendar_date_NOT_lot
SECOM_0235,train,2008-08-17,calendar_date_NOT_lot
SECOM_0236,train,2008-08-17,calendar_date_NOT_lot
SECOM_0237,train,2008-08-17,calendar_date_NOT_lot
SECOM_0238,train,2008-08-17,calendar_date_NOT_lot
SECOM_0239,train,2008-08-17,calendar_date_NOT_lot
SECOM_0240,train,2008-08-17,calendar_date_NOT_lot
SECOM_0241,train,2008-08-18,calendar_date_NOT_lot
SECOM_0242,train,2008-08-18,calendar_date_NOT_lot
SECOM_0243,train,2008-08-18,calendar_date_NOT_lot
SECOM_0244,train,2008-08-18,calendar_date_NOT_lot
SECOM_0245,train,2008-08-18,calendar_date_NOT_lot
SECOM_0246,train,2008-08-18,calendar_date_NOT_lot
SECOM_0247,train,2008-08-18,calendar_date_NOT_lot
SECOM_0248,train,2008-08-18,calendar_date_NOT_lot
SECOM_0249,train,2008-08-18,calendar_date_NOT_lot
SECOM_0250,train,2008-08-18,calendar_date_NOT_lot
SECOM_0251,train,2008-08-18,calendar_date_NOT_lot
SECOM_0252,train,2008-08-18,calendar_date_NOT_lot
SECOM_0253,train,2008-08-18,calendar_date_NOT_lot
SECOM_0254,train,2008-08-18,calendar_date_NOT_lot
SECOM_0255,train,2008-08-18,calendar_date_NOT_lot
SECOM_0256,train,2008-08-18,calendar_date_NOT_lot
SECOM_0257,train,2008-08-18,calendar_date_NOT_lot
SECOM_0258,train,2008-08-18,calendar_date_NOT_lot
SECOM_0259,train,2008-08-18,calendar_date_NOT_lot
SECOM_0260,train,2008-08-18,calendar_date_NOT_lot
SECOM_0261,train,2008-08-18,calendar_date_NOT_lot
SECOM_0262,train,2008-08-18,calendar_date_NOT_lot
SECOM_0263,train,2008-08-18,calendar_date_NOT_lot
SECOM_0264,train,2008-08-18,calendar_date_NOT_lot
SECOM_0265,train,2008-08-18,calendar_date_NOT_lot
SECOM_0266,train,2008-08-18,calendar_date_NOT_lot
SECOM_0267,train,2008-08-18,calendar_date_NOT_lot
SECOM_0268,train,2008-08-18,calendar_date_NOT_lot
SECOM_0269,train,2008-08-18,calendar_date_NOT_lot
SECOM_0270,train,2008-08-18,calendar_date_NOT_lot
SECOM_0271,train,2008-08-18,calendar_date_NOT_lot
SECOM_0272,train,2008-08-18,calendar_date_NOT_lot
SECOM_0273,train,2008-08-18,calendar_date_NOT_lot
SECOM_0274,train,2008-08-18,calendar_date_NOT_lot
SECOM_0275,train,2008-08-18,calendar_date_NOT_lot
SECOM_0276,train,2008-08-18,calendar_date_NOT_lot
SECOM_0277,train,2008-08-18,calendar_date_NOT_lot
SECOM_0278,train,2008-08-18,calendar_date_NOT_lot
SECOM_0279,train,2008-08-18,calendar_date_NOT_lot
SECOM_0280,train,2008-08-18,calendar_date_NOT_lot
SECOM_0281,train,2008-08-19,calendar_date_NOT_lot
SECOM_0282,train,2008-08-19,calendar_date_NOT_lot
SECOM_0283,train,2008-08-19,calendar_date_NOT_lot
SECOM_0284,train,2008-08-19,calendar_date_NOT_lot
SECOM_0285,train,2008-08-19,calendar_date_NOT_lot
SECOM_0286,train,2008-08-19,calendar_date_NOT_lot
SECOM_0287,train,2008-08-19,calendar_date_NOT_lot
SECOM_0288,train,2008-08-19,calendar_date_NOT_lot
SECOM_0289,train,2008-08-19,calendar_date_NOT_lot
SECOM_0290,train,2008-08-19,calendar_date_NOT_lot
SECOM_0291,train,2008-08-19,calendar_date_NOT_lot
SECOM_0292,train,2008-08-19,calendar_date_NOT_lot
SECOM_0293,train,2008-08-19,calendar_date_NOT_lot
SECOM_0294,train,2008-08-19,calendar_date_NOT_lot
SECOM_0295,train,2008-08-19,calendar_date_NOT_lot
SECOM_0296,train,2008-08-19,calendar_date_NOT_lot
SECOM_0297,train,2008-08-19,calendar_date_NOT_lot
SECOM_0298,train,2008-08-19,calendar_date_NOT_lot
SECOM_0299,train,2008-08-19,calendar_date_NOT_lot
SECOM_0300,train,2008-08-19,calendar_date_NOT_lot
SECOM_0301,train,2008-08-19,calendar_date_NOT_lot
SECOM_0302,train,2008-08-19,calendar_date_NOT_lot
SECOM_0303,train,2008-08-19,calendar_date_NOT_lot
SECOM_0304,train,2008-08-19,calendar_date_NOT_lot
SECOM_0305,train,2008-08-19,calendar_date_NOT_lot
SECOM_0306,train,2008-08-19,calendar_date_NOT_lot
SECOM_0307,train,2008-08-19,calendar_date_NOT_lot
SECOM_0308,train,2008-08-19,calendar_date_NOT_lot
SECOM_0309,train,2008-08-19,calendar_date_NOT_lot
SECOM_0310,train,2008-08-19,calendar_date_NOT_lot
SECOM_0311,train,2008-08-19,calendar_date_NOT_lot
SECOM_0312,train,2008-08-19,calendar_date_NOT_lot
SECOM_0313,train,2008-08-19,calendar_date_NOT_lot
SECOM_0314,train,2008-08-19,calendar_date_NOT_lot
SECOM_0315,train,2008-08-19,calendar_date_NOT_lot
SECOM_0316,train,2008-08-19,calendar_date_NOT_lot
SECOM_0317,train,2008-08-20,calendar_date_NOT_lot
SECOM_0318,train,2008-08-20,calendar_date_NOT_lot
SECOM_0319,train,2008-08-20,calendar_date_NOT_lot
SECOM_0320,train,2008-08-20,calendar_date_NOT_lot
SECOM_0321,train,2008-08-20,calendar_date_NOT_lot
SECOM_0322,train,2008-08-20,calendar_date_NOT_lot
SECOM_0323,train,2008-08-20,calendar_date_NOT_lot
SECOM_0324,train,2008-08-20,calendar_date_NOT_lot
SECOM_0325,train,2008-08-20,calendar_date_NOT_lot
SECOM_0326,train,2008-08-20,calendar_date_NOT_lot
SECOM_0327,train,2008-08-20,calendar_date_NOT_lot
SECOM_0328,train,2008-08-20,calendar_date_NOT_lot
SECOM_0329,train,2008-08-20,calendar_date_NOT_lot
SECOM_0330,train,2008-08-20,calendar_date_NOT_lot
SECOM_0331,train,2008-08-20,calendar_date_NOT_lot
SECOM_0332,train,2008-08-20,calendar_date_NOT_lot
SECOM_0333,train,2008-08-20,calendar_date_NOT_lot
SECOM_0334,train,2008-08-20,calendar_date_NOT_lot
SECOM_0335,train,2008-08-20,calendar_date_NOT_lot
SECOM_0336,train,2008-08-20,calendar_date_NOT_lot
SECOM_0337,train,2008-08-20,calendar_date_NOT_lot
SECOM_0338,train,2008-08-20,calendar_date_NOT_lot
SECOM_0339,train,2008-08-20,calendar_date_NOT_lot
SECOM_0340,train,2008-08-20,calendar_date_NOT_lot
SECOM_0341,train,2008-08-20,calendar_date_NOT_lot
SECOM_0342,train,2008-08-20,calendar_date_NOT_lot
SECOM_0343,train,2008-08-20,calendar_date_NOT_lot
SECOM_0344,train,2008-08-20,calendar_date_NOT_lot
SECOM_0345,train,2008-08-21,calendar_date_NOT_lot
SECOM_0346,train,2008-08-21,calendar_date_NOT_lot
SECOM_0347,train,2008-08-21,calendar_date_NOT_lot
SECOM_0348,train,2008-08-21,calendar_date_NOT_lot
SECOM_0349,train,2008-08-21,calendar_date_NOT_lot
SECOM_0350,train,2008-08-21,calendar_date_NOT_lot
SECOM_0351,train,2008-08-21,calendar_date_NOT_lot
SECOM_0352,train,2008-08-21,calendar_date_NOT_lot
SECOM_0353,train,2008-08-21,calendar_date_NOT_lot
SECOM_0354,train,2008-08-21,calendar_date_NOT_lot
SECOM_0355,train,2008-08-21,calendar_date_NOT_lot
SECOM_0356,train,2008-08-21,calendar_date_NOT_lot
SECOM_0357,train,2008-08-21,calendar_date_NOT_lot
SECOM_0358,train,2008-08-21,calendar_date_NOT_lot
SECOM_0359,train,2008-08-21,calendar_date_NOT_lot
SECOM_0360,train,2008-08-21,calendar_date_NOT_lot
SECOM_0361,train,2008-08-21,calendar_date_NOT_lot
SECOM_0362,train,2008-08-21,calendar_date_NOT_lot
SECOM_0363,train,2008-08-21,calendar_date_NOT_lot
SECOM_0364,train,2008-08-21,calendar_date_NOT_lot
SECOM_0365,train,2008-08-21,calendar_date_NOT_lot
SECOM_0366,train,2008-08-21,calendar_date_NOT_lot
SECOM_0367,train,2008-08-21,calendar_date_NOT_lot
SECOM_0368,train,2008-08-21,calendar_date_NOT_lot
SECOM_0369,train,2008-08-21,calendar_date_NOT_lot
SECOM_0370,train,2008-08-21,calendar_date_NOT_lot
SECOM_0371,train,2008-08-21,calendar_date_NOT_lot
SECOM_0372,train,2008-08-21,calendar_date_NOT_lot
SECOM_0373,train,2008-08-21,calendar_date_NOT_lot
SECOM_0374,train,2008-08-21,calendar_date_NOT_lot
SECOM_0375,train,2008-08-21,calendar_date_NOT_lot
SECOM_0376,train,2008-08-21,calendar_date_NOT_lot
SECOM_0377,train,2008-08-21,calendar_date_NOT_lot
SECOM_0378,train,2008-08-21,calendar_date_NOT_lot
SECOM_0379,train,2008-08-21,calendar_date_NOT_lot
SECOM_0380,train,2008-08-21,calendar_date_NOT_lot
SECOM_0381,train,2008-08-21,calendar_date_NOT_lot
SECOM_0382,train,2008-08-21,calendar_date_NOT_lot
SECOM_0383,train,2008-08-21,calendar_date_NOT_lot
SECOM_0384,train,2008-08-21,calendar_date_NOT_lot
SECOM_0385,train,2008-08-21,calendar_date_NOT_lot
SECOM_0386,train,2008-08-21,calendar_date_NOT_lot
SECOM_0387,train,2008-08-21,calendar_date_NOT_lot
SECOM_0388,train,2008-08-21,calendar_date_NOT_lot
SECOM_0389,train,2008-08-22,calendar_date_NOT_lot
SECOM_0390,train,2008-08-22,calendar_date_NOT_lot
SECOM_0391,train,2008-08-22,calendar_date_NOT_lot
SECOM_0392,train,2008-08-22,calendar_date_NOT_lot
SECOM_0393,train,2008-08-22,calendar_date_NOT_lot
SECOM_0394,train,2008-08-22,calendar_date_NOT_lot
SECOM_0395,train,2008-08-22,calendar_date_NOT_lot
SECOM_0396,train,2008-08-22,calendar_date_NOT_lot
SECOM_0397,train,2008-08-22,calendar_date_NOT_lot
SECOM_0398,train,2008-08-22,calendar_date_NOT_lot
SECOM_0399,train,2008-08-22,calendar_date_NOT_lot
SECOM_0400,train,2008-08-22,calendar_date_NOT_lot
SECOM_0401,train,2008-08-22,calendar_date_NOT_lot
SECOM_0402,train,2008-08-22,calendar_date_NOT_lot
SECOM_0403,train,2008-08-22,calendar_date_NOT_lot
SECOM_0404,train,2008-08-22,calendar_date_NOT_lot
SECOM_0405,train,2008-08-22,calendar_date_NOT_lot
SECOM_0406,train,2008-08-22,calendar_date_NOT_lot
SECOM_0407,train,2008-08-22,calendar_date_NOT_lot
SECOM_0408,train,2008-08-22,calendar_date_NOT_lot
SECOM_0409,train,2008-08-22,calendar_date_NOT_lot
SECOM_0410,train,2008-08-22,calendar_date_NOT_lot
SECOM_0411,train,2008-08-22,calendar_date_NOT_lot
SECOM_0412,train,2008-08-22,calendar_date_NOT_lot
SECOM_0413,train,2008-08-22,calendar_date_NOT_lot
SECOM_0414,train,2008-08-22,calendar_date_NOT_lot
SECOM_0415,train,2008-08-22,calendar_date_NOT_lot
SECOM_0416,train,2008-08-22,calendar_date_NOT_lot
SECOM_0417,train,2008-08-22,calendar_date_NOT_lot
SECOM_0418,train,2008-08-22,calendar_date_NOT_lot
SECOM_0419,train,2008-08-22,calendar_date_NOT_lot
SECOM_0420,train,2008-08-22,calendar_date_NOT_lot
SECOM_0421,train,2008-08-22,calendar_date_NOT_lot
SECOM_0422,train,2008-08-22,calendar_date_NOT_lot
SECOM_0423,train,2008-08-22,calendar_date_NOT_lot
SECOM_0424,train,2008-08-22,calendar_date_NOT_lot
SECOM_0425,train,2008-08-22,calendar_date_NOT_lot
SECOM_0426,train,2008-08-22,calendar_date_NOT_lot
SECOM_0427,train,2008-08-22,calendar_date_NOT_lot
SECOM_0428,train,2008-08-22,calendar_date_NOT_lot
SECOM_0429,train,2008-08-23,calendar_date_NOT_lot
SECOM_0430,train,2008-08-23,calendar_date_NOT_lot
SECOM_0431,train,2008-08-23,calendar_date_NOT_lot
SECOM_0432,train,2008-08-23,calendar_date_NOT_lot
SECOM_0433,train,2008-08-23,calendar_date_NOT_lot
SECOM_0434,train,2008-08-23,calendar_date_NOT_lot
SECOM_0435,train,2008-08-23,calendar_date_NOT_lot
SECOM_0436,train,2008-08-23,calendar_date_NOT_lot
SECOM_0437,train,2008-08-23,calendar_date_NOT_lot
SECOM_0438,train,2008-08-23,calendar_date_NOT_lot
SECOM_0439,train,2008-08-23,calendar_date_NOT_lot
SECOM_0440,train,2008-08-23,calendar_date_NOT_lot
SECOM_0441,train,2008-08-23,calendar_date_NOT_lot
SECOM_0442,train,2008-08-24,calendar_date_NOT_lot
SECOM_0443,train,2008-08-24,calendar_date_NOT_lot
SECOM_0444,train,2008-08-24,calendar_date_NOT_lot
SECOM_0445,train,2008-08-24,calendar_date_NOT_lot
SECOM_0446,train,2008-08-24,calendar_date_NOT_lot
SECOM_0447,train,2008-08-24,calendar_date_NOT_lot
SECOM_0448,train,2008-08-24,calendar_date_NOT_lot
SECOM_0449,train,2008-08-25,calendar_date_NOT_lot
SECOM_0450,train,2008-08-27,calendar_date_NOT_lot
SECOM_0451,train,2008-08-27,calendar_date_NOT_lot
SECOM_0452,train,2008-08-27,calendar_date_NOT_lot
SECOM_0453,train,2008-08-27,calendar_date_NOT_lot
SECOM_0454,train,2008-08-27,calendar_date_NOT_lot
SECOM_0455,train,2008-08-27,calendar_date_NOT_lot
SECOM_0456,train,2008-08-27,calendar_date_NOT_lot
SECOM_0457,train,2008-08-27,calendar_date_NOT_lot
SECOM_0458,train,2008-08-28,calendar_date_NOT_lot
SECOM_0459,train,2008-08-28,calendar_date_NOT_lot
SECOM_0460,train,2008-08-28,calendar_date_NOT_lot
SECOM_0461,train,2008-08-28,calendar_date_NOT_lot
SECOM_0462,train,2008-08-28,calendar_date_NOT_lot
SECOM_0463,train,2008-08-28,calendar_date_NOT_lot
SECOM_0464,train,2008-08-28,calendar_date_NOT_lot
SECOM_0465,train,2008-08-28,calendar_date_NOT_lot
SECOM_0466,train,2008-08-28,calendar_date_NOT_lot
SECOM_0467,train,2008-08-28,calendar_date_NOT_lot
SECOM_0468,train,2008-08-28,calendar_date_NOT_lot
SECOM_0469,train,2008-08-28,calendar_date_NOT_lot
SECOM_0470,train,2008-08-28,calendar_date_NOT_lot
SECOM_0471,train,2008-08-28,calendar_date_NOT_lot
SECOM_0472,train,2008-08-28,calendar_date_NOT_lot
SECOM_0473,train,2008-08-28,calendar_date_NOT_lot
SECOM_0474,train,2008-08-28,calendar_date_NOT_lot
SECOM_0475,train,2008-08-28,calendar_date_NOT_lot
SECOM_0476,train,2008-08-28,calendar_date_NOT_lot
SECOM_0477,train,2008-08-28,calendar_date_NOT_lot
SECOM_0478,train,2008-08-28,calendar_date_NOT_lot
SECOM_0479,train,2008-08-28,calendar_date_NOT_lot
SECOM_0480,train,2008-08-28,calendar_date_NOT_lot
SECOM_0481,train,2008-08-28,calendar_date_NOT_lot
SECOM_0482,train,2008-08-28,calendar_date_NOT_lot
SECOM_0483,train,2008-08-28,calendar_date_NOT_lot
SECOM_0484,train,2008-08-28,calendar_date_NOT_lot
SECOM_0485,train,2008-08-28,calendar_date_NOT_lot
SECOM_0486,train,2008-08-28,calendar_date_NOT_lot
SECOM_0487,train,2008-08-28,calendar_date_NOT_lot
SECOM_0488,train,2008-08-28,calendar_date_NOT_lot
SECOM_0489,train,2008-08-28,calendar_date_NOT_lot
SECOM_0490,train,2008-08-28,calendar_date_NOT_lot
SECOM_0491,train,2008-08-28,calendar_date_NOT_lot
SECOM_0492,train,2008-08-28,calendar_date_NOT_lot
SECOM_0493,train,2008-08-28,calendar_date_NOT_lot
SECOM_0494,train,2008-08-28,calendar_date_NOT_lot
SECOM_0495,train,2008-08-28,calendar_date_NOT_lot
SECOM_0496,train,2008-08-28,calendar_date_NOT_lot
SECOM_0497,train,2008-08-28,calendar_date_NOT_lot
SECOM_0498,train,2008-08-28,calendar_date_NOT_lot
SECOM_0499,train,2008-08-28,calendar_date_NOT_lot
SECOM_0500,train,2008-08-28,calendar_date_NOT_lot
SECOM_0501,train,2008-08-29,calendar_date_NOT_lot
SECOM_0502,train,2008-08-29,calendar_date_NOT_lot
SECOM_0503,train,2008-08-29,calendar_date_NOT_lot
SECOM_0504,train,2008-08-29,calendar_date_NOT_lot
SECOM_0505,train,2008-08-29,calendar_date_NOT_lot
SECOM_0506,train,2008-08-29,calendar_date_NOT_lot
SECOM_0507,train,2008-08-29,calendar_date_NOT_lot
SECOM_0508,train,2008-08-29,calendar_date_NOT_lot
SECOM_0509,train,2008-08-29,calendar_date_NOT_lot
SECOM_0510,train,2008-08-29,calendar_date_NOT_lot
SECOM_0511,train,2008-08-29,calendar_date_NOT_lot
SECOM_0512,train,2008-08-29,calendar_date_NOT_lot
SECOM_0513,train,2008-08-29,calendar_date_NOT_lot
SECOM_0514,train,2008-08-29,calendar_date_NOT_lot
SECOM_0515,train,2008-08-29,calendar_date_NOT_lot
SECOM_0516,train,2008-08-29,calendar_date_NOT_lot
SECOM_0517,train,2008-08-29,calendar_date_NOT_lot
SECOM_0518,train,2008-08-29,calendar_date_NOT_lot
SECOM_0519,train,2008-08-29,calendar_date_NOT_lot
SECOM_0520,train,2008-08-29,calendar_date_NOT_lot
SECOM_0521,train,2008-08-29,calendar_date_NOT_lot
SECOM_0522,train,2008-08-29,calendar_date_NOT_lot
SECOM_0523,train,2008-08-29,calendar_date_NOT_lot
SECOM_0524,train,2008-08-29,calendar_date_NOT_lot
SECOM_0525,train,2008-08-29,calendar_date_NOT_lot
SECOM_0526,train,2008-08-29,calendar_date_NOT_lot
SECOM_0527,train,2008-08-29,calendar_date_NOT_lot
SECOM_0528,train,2008-08-29,calendar_date_NOT_lot
SECOM_0529,train,2008-08-29,calendar_date_NOT_lot
SECOM_0530,train,2008-08-29,calendar_date_NOT_lot
SECOM_0531,train,2008-08-29,calendar_date_NOT_lot
SECOM_0532,train,2008-08-29,calendar_date_NOT_lot
SECOM_0533,train,2008-08-29,calendar_date_NOT_lot
SECOM_0534,train,2008-08-29,calendar_date_NOT_lot
SECOM_0535,train,2008-08-29,calendar_date_NOT_lot
SECOM_0536,train,2008-08-29,calendar_date_NOT_lot
SECOM_0537,train,2008-08-29,calendar_date_NOT_lot
SECOM_0538,train,2008-08-29,calendar_date_NOT_lot
SECOM_0539,train,2008-08-29,calendar_date_NOT_lot
SECOM_0540,train,2008-08-29,calendar_date_NOT_lot
SECOM_0541,train,2008-08-29,calendar_date_NOT_lot
SECOM_0542,train,2008-08-29,calendar_date_NOT_lot
SECOM_0543,train,2008-08-29,calendar_date_NOT_lot
SECOM_0544,train,2008-08-29,calendar_date_NOT_lot
SECOM_0545,train,2008-08-29,calendar_date_NOT_lot
SECOM_0546,train,2008-08-29,calendar_date_NOT_lot
SECOM_0547,train,2008-08-29,calendar_date_NOT_lot
SECOM_0548,train,2008-08-29,calendar_date_NOT_lot
SECOM_0549,train,2008-08-29,calendar_date_NOT_lot
SECOM_0550,train,2008-08-29,calendar_date_NOT_lot
SECOM_0551,train,2008-08-30,calendar_date_NOT_lot
SECOM_0552,train,2008-08-30,calendar_date_NOT_lot
SECOM_0553,train,2008-08-30,calendar_date_NOT_lot
SECOM_0554,train,2008-08-30,calendar_date_NOT_lot
SECOM_0555,train,2008-08-30,calendar_date_NOT_lot
SECOM_0556,train,2008-08-30,calendar_date_NOT_lot
SECOM_0557,train,2008-08-30,calendar_date_NOT_lot
SECOM_0558,train,2008-08-30,calendar_date_NOT_lot
SECOM_0559,train,2008-08-30,calendar_date_NOT_lot
SECOM_0560,train,2008-08-30,calendar_date_NOT_lot
SECOM_0561,train,2008-08-30,calendar_date_NOT_lot
SECOM_0562,train,2008-08-30,calendar_date_NOT_lot
SECOM_0563,train,2008-08-30,calendar_date_NOT_lot
SECOM_0564,train,2008-08-30,calendar_date_NOT_lot
SECOM_0565,train,2008-08-30,calendar_date_NOT_lot
SECOM_0566,train,2008-08-30,calendar_date_NOT_lot
SECOM_0567,train,2008-08-30,calendar_date_NOT_lot
SECOM_0568,train,2008-08-30,calendar_date_NOT_lot
SECOM_0569,train,2008-08-30,calendar_date_NOT_lot
SECOM_0570,train,2008-08-30,calendar_date_NOT_lot
SECOM_0571,train,2008-08-30,calendar_date_NOT_lot
SECOM_0572,train,2008-08-30,calendar_date_NOT_lot
SECOM_0573,train,2008-08-30,calendar_date_NOT_lot
SECOM_0574,train,2008-08-30,calendar_date_NOT_lot
SECOM_0575,train,2008-08-30,calendar_date_NOT_lot
SECOM_0576,train,2008-08-30,calendar_date_NOT_lot
SECOM_0577,train,2008-08-30,calendar_date_NOT_lot
SECOM_0578,train,2008-08-30,calendar_date_NOT_lot
SECOM_0579,train,2008-08-30,calendar_date_NOT_lot
SECOM_0580,train,2008-08-30,calendar_date_NOT_lot
SECOM_0581,train,2008-08-30,calendar_date_NOT_lot
SECOM_0582,train,2008-08-30,calendar_date_NOT_lot
SECOM_0583,train,2008-08-30,calendar_date_NOT_lot
SECOM_0584,train,2008-08-30,calendar_date_NOT_lot
SECOM_0585,train,2008-08-30,calendar_date_NOT_lot
SECOM_0586,train,2008-08-30,calendar_date_NOT_lot
SECOM_0587,train,2008-08-30,calendar_date_NOT_lot
SECOM_0588,train,2008-08-30,calendar_date_NOT_lot
SECOM_0589,train,2008-08-30,calendar_date_NOT_lot
SECOM_0590,train,2008-08-30,calendar_date_NOT_lot
SECOM_0591,train,2008-08-30,calendar_date_NOT_lot
SECOM_0592,train,2008-08-30,calendar_date_NOT_lot
SECOM_0593,train,2008-08-30,calendar_date_NOT_lot
SECOM_0594,train,2008-08-30,calendar_date_NOT_lot
SECOM_0595,train,2008-08-30,calendar_date_NOT_lot
SECOM_0596,train,2008-08-30,calendar_date_NOT_lot
SECOM_0597,train,2008-08-30,calendar_date_NOT_lot
SECOM_0598,train,2008-08-30,calendar_date_NOT_lot
SECOM_0599,train,2008-08-30,calendar_date_NOT_lot
SECOM_0600,train,2008-08-31,calendar_date_NOT_lot
SECOM_0601,train,2008-08-31,calendar_date_NOT_lot
SECOM_0602,train,2008-08-31,calendar_date_NOT_lot
SECOM_0603,train,2008-08-31,calendar_date_NOT_lot
SECOM_0604,train,2008-08-31,calendar_date_NOT_lot
SECOM_0605,train,2008-08-31,calendar_date_NOT_lot
SECOM_0606,train,2008-08-31,calendar_date_NOT_lot
SECOM_0607,train,2008-08-31,calendar_date_NOT_lot
SECOM_0608,train,2008-08-31,calendar_date_NOT_lot
SECOM_0609,train,2008-08-31,calendar_date_NOT_lot
SECOM_0610,train,2008-08-31,calendar_date_NOT_lot
SECOM_0611,train,2008-08-31,calendar_date_NOT_lot
SECOM_0612,train,2008-08-31,calendar_date_NOT_lot
SECOM_0613,train,2008-08-31,calendar_date_NOT_lot
SECOM_0614,train,2008-08-31,calendar_date_NOT_lot
SECOM_0615,train,2008-08-31,calendar_date_NOT_lot
SECOM_0616,train,2008-08-31,calendar_date_NOT_lot
SECOM_0617,train,2008-08-31,calendar_date_NOT_lot
SECOM_0618,train,2008-09-01,calendar_date_NOT_lot
SECOM_0619,train,2008-09-01,calendar_date_NOT_lot
SECOM_0620,train,2008-09-01,calendar_date_NOT_lot
SECOM_0621,train,2008-09-01,calendar_date_NOT_lot
SECOM_0622,train,2008-09-01,calendar_date_NOT_lot
SECOM_0623,train,2008-09-01,calendar_date_NOT_lot
SECOM_0624,train,2008-09-01,calendar_date_NOT_lot
SECOM_0625,train,2008-09-01,calendar_date_NOT_lot
SECOM_0626,train,2008-09-01,calendar_date_NOT_lot
SECOM_0627,train,2008-09-01,calendar_date_NOT_lot
SECOM_0628,train,2008-09-01,calendar_date_NOT_lot
SECOM_0629,train,2008-09-01,calendar_date_NOT_lot
SECOM_0630,train,2008-09-01,calendar_date_NOT_lot
SECOM_0631,train,2008-09-01,calendar_date_NOT_lot
SECOM_0632,train,2008-09-01,calendar_date_NOT_lot
SECOM_0633,train,2008-09-01,calendar_date_NOT_lot
SECOM_0634,train,2008-09-01,calendar_date_NOT_lot
SECOM_0635,train,2008-09-01,calendar_date_NOT_lot
SECOM_0636,train,2008-09-01,calendar_date_NOT_lot
SECOM_0637,train,2008-09-01,calendar_date_NOT_lot
SECOM_0638,train,2008-09-01,calendar_date_NOT_lot
SECOM_0639,train,2008-09-01,calendar_date_NOT_lot
SECOM_0640,train,2008-09-01,calendar_date_NOT_lot
SECOM_0641,train,2008-09-01,calendar_date_NOT_lot
SECOM_0642,train,2008-09-01,calendar_date_NOT_lot
SECOM_0643,train,2008-09-01,calendar_date_NOT_lot
SECOM_0644,train,2008-09-02,calendar_date_NOT_lot
SECOM_0645,train,2008-09-02,calendar_date_NOT_lot
SECOM_0646,train,2008-09-02,calendar_date_NOT_lot
SECOM_0647,train,2008-09-02,calendar_date_NOT_lot
SECOM_0648,train,2008-09-02,calendar_date_NOT_lot
SECOM_0649,train,2008-09-02,calendar_date_NOT_lot
SECOM_0650,train,2008-09-02,calendar_date_NOT_lot
SECOM_0651,train,2008-09-02,calendar_date_NOT_lot
SECOM_0652,train,2008-09-02,calendar_date_NOT_lot
SECOM_0653,train,2008-09-02,calendar_date_NOT_lot
SECOM_0654,train,2008-09-02,calendar_date_NOT_lot
SECOM_0655,train,2008-09-02,calendar_date_NOT_lot
SECOM_0656,train,2008-09-02,calendar_date_NOT_lot
SECOM_0657,train,2008-09-02,calendar_date_NOT_lot
SECOM_0658,train,2008-09-02,calendar_date_NOT_lot
SECOM_0659,train,2008-09-02,calendar_date_NOT_lot
SECOM_0660,train,2008-09-02,calendar_date_NOT_lot
SECOM_0661,train,2008-09-02,calendar_date_NOT_lot
SECOM_0662,train,2008-09-02,calendar_date_NOT_lot
SECOM_0663,train,2008-09-02,calendar_date_NOT_lot
SECOM_0664,train,2008-09-02,calendar_date_NOT_lot
SECOM_0665,train,2008-09-02,calendar_date_NOT_lot
SECOM_0666,train,2008-09-02,calendar_date_NOT_lot
SECOM_0667,train,2008-09-02,calendar_date_NOT_lot
SECOM_0668,train,2008-09-02,calendar_date_NOT_lot
SECOM_0669,train,2008-09-02,calendar_date_NOT_lot
SECOM_0670,train,2008-09-02,calendar_date_NOT_lot
SECOM_0671,train,2008-09-02,calendar_date_NOT_lot
SECOM_0672,train,2008-09-02,calendar_date_NOT_lot
SECOM_0673,train,2008-09-02,calendar_date_NOT_lot
SECOM_0674,train,2008-09-02,calendar_date_NOT_lot
SECOM_0675,train,2008-09-02,calendar_date_NOT_lot
SECOM_0676,train,2008-09-02,calendar_date_NOT_lot
SECOM_0677,train,2008-09-02,calendar_date_NOT_lot
SECOM_0678,train,2008-09-02,calendar_date_NOT_lot
SECOM_0679,train,2008-09-02,calendar_date_NOT_lot
SECOM_0680,train,2008-09-02,calendar_date_NOT_lot
SECOM_0681,train,2008-09-02,calendar_date_NOT_lot
SECOM_0682,train,2008-09-02,calendar_date_NOT_lot
SECOM_0683,train,2008-09-02,calendar_date_NOT_lot
SECOM_0684,train,2008-09-02,calendar_date_NOT_lot
SECOM_0685,train,2008-09-02,calendar_date_NOT_lot
SECOM_0686,train,2008-09-02,calendar_date_NOT_lot
SECOM_0687,train,2008-09-02,calendar_date_NOT_lot
SECOM_0688,train,2008-09-02,calendar_date_NOT_lot
SECOM_0689,train,2008-09-02,calendar_date_NOT_lot
SECOM_0690,train,2008-09-02,calendar_date_NOT_lot
SECOM_0691,train,2008-09-02,calendar_date_NOT_lot
SECOM_0692,train,2008-09-02,calendar_date_NOT_lot
SECOM_0693,train,2008-09-02,calendar_date_NOT_lot
SECOM_0694,train,2008-09-02,calendar_date_NOT_lot
SECOM_0695,train,2008-09-02,calendar_date_NOT_lot
SECOM_0696,train,2008-09-02,calendar_date_NOT_lot
SECOM_0697,train,2008-09-02,calendar_date_NOT_lot
SECOM_0698,train,2008-09-02,calendar_date_NOT_lot
SECOM_0699,train,2008-09-02,calendar_date_NOT_lot
SECOM_0700,train,2008-09-02,calendar_date_NOT_lot
SECOM_0701,train,2008-09-02,calendar_date_NOT_lot
SECOM_0702,train,2008-09-02,calendar_date_NOT_lot
SECOM_0703,train,2008-09-02,calendar_date_NOT_lot
SECOM_0704,train,2008-09-02,calendar_date_NOT_lot
SECOM_0705,train,2008-09-02,calendar_date_NOT_lot
SECOM_0706,train,2008-09-03,calendar_date_NOT_lot
SECOM_0707,train,2008-09-03,calendar_date_NOT_lot
SECOM_0708,train,2008-09-03,calendar_date_NOT_lot
SECOM_0709,train,2008-09-03,calendar_date_NOT_lot
SECOM_0710,train,2008-09-03,calendar_date_NOT_lot
SECOM_0711,train,2008-09-03,calendar_date_NOT_lot
SECOM_0712,train,2008-09-03,calendar_date_NOT_lot
SECOM_0713,train,2008-09-03,calendar_date_NOT_lot
SECOM_0714,train,2008-09-03,calendar_date_NOT_lot
SECOM_0715,train,2008-09-03,calendar_date_NOT_lot
SECOM_0716,train,2008-09-03,calendar_date_NOT_lot
SECOM_0717,train,2008-09-03,calendar_date_NOT_lot
SECOM_0718,train,2008-09-03,calendar_date_NOT_lot
SECOM_0719,train,2008-09-03,calendar_date_NOT_lot
SECOM_0720,train,2008-09-03,calendar_date_NOT_lot
SECOM_0721,train,2008-09-04,calendar_date_NOT_lot
SECOM_0722,train,2008-09-04,calendar_date_NOT_lot
SECOM_0723,train,2008-09-04,calendar_date_NOT_lot
SECOM_0724,train,2008-09-04,calendar_date_NOT_lot
SECOM_0725,train,2008-09-04,calendar_date_NOT_lot
SECOM_0726,train,2008-09-04,calendar_date_NOT_lot
SECOM_0727,train,2008-09-04,calendar_date_NOT_lot
SECOM_0728,train,2008-09-04,calendar_date_NOT_lot
SECOM_0729,train,2008-09-04,calendar_date_NOT_lot
SECOM_0730,train,2008-09-04,calendar_date_NOT_lot
SECOM_0731,train,2008-09-04,calendar_date_NOT_lot
SECOM_0732,train,2008-09-04,calendar_date_NOT_lot
SECOM_0733,train,2008-09-04,calendar_date_NOT_lot
SECOM_0734,train,2008-09-05,calendar_date_NOT_lot
SECOM_0735,train,2008-09-05,calendar_date_NOT_lot
SECOM_0736,train,2008-09-07,calendar_date_NOT_lot
SECOM_0737,train,2008-09-07,calendar_date_NOT_lot
SECOM_0738,train,2008-09-07,calendar_date_NOT_lot
SECOM_0739,train,2008-09-07,calendar_date_NOT_lot
SECOM_0740,train,2008-09-07,calendar_date_NOT_lot
SECOM_0741,train,2008-09-07,calendar_date_NOT_lot
SECOM_0742,train,2008-09-07,calendar_date_NOT_lot
SECOM_0743,train,2008-09-07,calendar_date_NOT_lot
SECOM_0744,train,2008-09-07,calendar_date_NOT_lot
SECOM_0745,train,2008-09-07,calendar_date_NOT_lot
SECOM_0746,train,2008-09-07,calendar_date_NOT_lot
SECOM_0747,train,2008-09-07,calendar_date_NOT_lot
SECOM_0748,train,2008-09-07,calendar_date_NOT_lot
SECOM_0749,train,2008-09-07,calendar_date_NOT_lot
SECOM_0750,train,2008-09-07,calendar_date_NOT_lot
SECOM_0751,train,2008-09-08,calendar_date_NOT_lot
SECOM_0752,train,2008-09-08,calendar_date_NOT_lot
SECOM_0753,train,2008-09-08,calendar_date_NOT_lot
SECOM_0754,train,2008-09-08,calendar_date_NOT_lot
SECOM_0755,train,2008-09-08,calendar_date_NOT_lot
SECOM_0756,train,2008-09-08,calendar_date_NOT_lot
SECOM_0757,train,2008-09-08,calendar_date_NOT_lot
SECOM_0758,train,2008-09-08,calendar_date_NOT_lot
SECOM_0759,train,2008-09-08,calendar_date_NOT_lot
SECOM_0760,train,2008-09-08,calendar_date_NOT_lot
SECOM_0761,train,2008-09-08,calendar_date_NOT_lot
SECOM_0762,train,2008-09-08,calendar_date_NOT_lot
SECOM_0763,train,2008-09-08,calendar_date_NOT_lot
SECOM_0764,train,2008-09-08,calendar_date_NOT_lot
SECOM_0765,train,2008-09-08,calendar_date_NOT_lot
SECOM_0766,train,2008-09-08,calendar_date_NOT_lot
SECOM_0767,train,2008-09-08,calendar_date_NOT_lot
SECOM_0768,train,2008-09-08,calendar_date_NOT_lot
SECOM_0769,train,2008-09-09,calendar_date_NOT_lot
SECOM_0770,train,2008-09-09,calendar_date_NOT_lot
SECOM_0771,train,2008-09-09,calendar_date_NOT_lot
SECOM_0772,train,2008-09-10,calendar_date_NOT_lot
SECOM_0773,train,2008-09-10,calendar_date_NOT_lot
SECOM_0774,train,2008-09-10,calendar_date_NOT_lot
SECOM_0775,train,2008-09-10,calendar_date_NOT_lot
SECOM_0776,train,2008-09-10,calendar_date_NOT_lot
SECOM_0777,train,2008-09-10,calendar_date_NOT_lot
SECOM_0778,train,2008-09-10,calendar_date_NOT_lot
SECOM_0779,train,2008-09-11,calendar_date_NOT_lot
SECOM_0780,train,2008-09-11,calendar_date_NOT_lot
SECOM_0781,train,2008-09-11,calendar_date_NOT_lot
SECOM_0782,train,2008-09-11,calendar_date_NOT_lot
SECOM_0783,train,2008-09-11,calendar_date_NOT_lot
SECOM_0784,train,2008-09-11,calendar_date_NOT_lot
SECOM_0785,train,2008-09-11,calendar_date_NOT_lot
SECOM_0786,train,2008-09-11,calendar_date_NOT_lot
SECOM_0787,train,2008-09-11,calendar_date_NOT_lot
SECOM_0788,train,2008-09-11,calendar_date_NOT_lot
SECOM_0789,train,2008-09-11,calendar_date_NOT_lot
SECOM_0790,train,2008-09-11,calendar_date_NOT_lot
SECOM_0791,train,2008-09-11,calendar_date_NOT_lot
SECOM_0792,train,2008-09-11,calendar_date_NOT_lot
SECOM_0793,train,2008-09-11,calendar_date_NOT_lot
SECOM_0794,train,2008-09-11,calendar_date_NOT_lot
SECOM_0795,train,2008-09-11,calendar_date_NOT_lot
SECOM_0796,train,2008-09-11,calendar_date_NOT_lot
SECOM_0797,train,2008-09-11,calendar_date_NOT_lot
SECOM_0798,train,2008-09-12,calendar_date_NOT_lot
SECOM_0799,train,2008-09-12,calendar_date_NOT_lot
SECOM_0800,train,2008-09-12,calendar_date_NOT_lot
SECOM_0801,train,2008-09-12,calendar_date_NOT_lot
SECOM_0802,train,2008-09-12,calendar_date_NOT_lot
SECOM_0803,train,2008-09-12,calendar_date_NOT_lot
SECOM_0804,train,2008-09-12,calendar_date_NOT_lot
SECOM_0805,train,2008-09-12,calendar_date_NOT_lot
SECOM_0806,train,2008-09-12,calendar_date_NOT_lot
SECOM_0807,train,2008-09-12,calendar_date_NOT_lot
SECOM_0808,train,2008-09-12,calendar_date_NOT_lot
SECOM_0809,train,2008-09-12,calendar_date_NOT_lot
SECOM_0810,train,2008-09-12,calendar_date_NOT_lot
SECOM_0811,train,2008-09-12,calendar_date_NOT_lot
SECOM_0812,train,2008-09-12,calendar_date_NOT_lot
SECOM_0813,train,2008-09-12,calendar_date_NOT_lot
SECOM_0814,train,2008-09-12,calendar_date_NOT_lot
SECOM_0815,train,2008-09-12,calendar_date_NOT_lot
SECOM_0816,train,2008-09-12,calendar_date_NOT_lot
SECOM_0817,train,2008-09-12,calendar_date_NOT_lot
SECOM_0818,train,2008-09-12,calendar_date_NOT_lot
SECOM_0819,train,2008-09-12,calendar_date_NOT_lot
SECOM_0820,validation,2008-09-13,calendar_date_NOT_lot
SECOM_0821,validation,2008-09-13,calendar_date_NOT_lot
SECOM_0822,validation,2008-09-13,calendar_date_NOT_lot
SECOM_0823,validation,2008-09-13,calendar_date_NOT_lot
SECOM_0824,validation,2008-09-13,calendar_date_NOT_lot
SECOM_0825,validation,2008-09-13,calendar_date_NOT_lot
SECOM_0826,validation,2008-09-13,calendar_date_NOT_lot
SECOM_0827,validation,2008-09-13,calendar_date_NOT_lot
SECOM_0828,validation,2008-09-13,calendar_date_NOT_lot
SECOM_0829,validation,2008-09-13,calendar_date_NOT_lot
SECOM_0830,validation,2008-09-13,calendar_date_NOT_lot
SECOM_0831,validation,2008-09-13,calendar_date_NOT_lot
SECOM_0832,validation,2008-09-14,calendar_date_NOT_lot
SECOM_0833,validation,2008-09-14,calendar_date_NOT_lot
SECOM_0834,validation,2008-09-14,calendar_date_NOT_lot
SECOM_0835,validation,2008-09-14,calendar_date_NOT_lot
SECOM_0836,validation,2008-09-14,calendar_date_NOT_lot
SECOM_0837,validation,2008-09-14,calendar_date_NOT_lot
SECOM_0838,validation,2008-09-14,calendar_date_NOT_lot
SECOM_0839,validation,2008-09-14,calendar_date_NOT_lot
SECOM_0840,validation,2008-09-14,calendar_date_NOT_lot
SECOM_0841,validation,2008-09-14,calendar_date_NOT_lot
SECOM_0842,validation,2008-09-14,calendar_date_NOT_lot
SECOM_0843,validation,2008-09-14,calendar_date_NOT_lot
SECOM_0844,validation,2008-09-14,calendar_date_NOT_lot
SECOM_0845,validation,2008-09-14,calendar_date_NOT_lot
SECOM_0846,validation,2008-09-15,calendar_date_NOT_lot
SECOM_0847,validation,2008-09-15,calendar_date_NOT_lot
SECOM_0848,validation,2008-09-15,calendar_date_NOT_lot
SECOM_0849,validation,2008-09-15,calendar_date_NOT_lot
SECOM_0850,validation,2008-09-15,calendar_date_NOT_lot
SECOM_0851,validation,2008-09-15,calendar_date_NOT_lot
SECOM_0852,validation,2008-09-15,calendar_date_NOT_lot
SECOM_0853,validation,2008-09-15,calendar_date_NOT_lot
SECOM_0854,validation,2008-09-15,calendar_date_NOT_lot
SECOM_0855,validation,2008-09-15,calendar_date_NOT_lot
SECOM_0856,validation,2008-09-15,calendar_date_NOT_lot
SECOM_0857,validation,2008-09-15,calendar_date_NOT_lot
SECOM_0858,validation,2008-09-16,calendar_date_NOT_lot
SECOM_0859,validation,2008-09-16,calendar_date_NOT_lot
SECOM_0860,validation,2008-09-16,calendar_date_NOT_lot
SECOM_0861,validation,2008-09-16,calendar_date_NOT_lot
SECOM_0862,validation,2008-09-16,calendar_date_NOT_lot
SECOM_0863,validation,2008-09-16,calendar_date_NOT_lot
SECOM_0864,validation,2008-09-16,calendar_date_NOT_lot
SECOM_0865,validation,2008-09-16,calendar_date_NOT_lot
SECOM_0866,validation,2008-09-16,calendar_date_NOT_lot
SECOM_0867,validation,2008-09-16,calendar_date_NOT_lot
SECOM_0868,validation,2008-09-16,calendar_date_NOT_lot
SECOM_0869,validation,2008-09-16,calendar_date_NOT_lot
SECOM_0870,validation,2008-09-17,calendar_date_NOT_lot
SECOM_0871,validation,2008-09-17,calendar_date_NOT_lot
SECOM_0872,validation,2008-09-17,calendar_date_NOT_lot
SECOM_0873,validation,2008-09-17,calendar_date_NOT_lot
SECOM_0874,validation,2008-09-17,calendar_date_NOT_lot
SECOM_0875,validation,2008-09-18,calendar_date_NOT_lot
SECOM_0876,validation,2008-09-18,calendar_date_NOT_lot
SECOM_0877,validation,2008-09-18,calendar_date_NOT_lot
SECOM_0878,validation,2008-09-18,calendar_date_NOT_lot
SECOM_0879,validation,2008-09-18,calendar_date_NOT_lot
SECOM_0880,validation,2008-09-18,calendar_date_NOT_lot
SECOM_0881,validation,2008-09-18,calendar_date_NOT_lot
SECOM_0882,validation,2008-09-18,calendar_date_NOT_lot
SECOM_0883,validation,2008-09-18,calendar_date_NOT_lot
SECOM_0884,validation,2008-09-18,calendar_date_NOT_lot
SECOM_0885,validation,2008-09-18,calendar_date_NOT_lot
SECOM_0886,validation,2008-09-18,calendar_date_NOT_lot
SECOM_0887,validation,2008-09-18,calendar_date_NOT_lot
SECOM_0888,validation,2008-09-18,calendar_date_NOT_lot
SECOM_0889,validation,2008-09-18,calendar_date_NOT_lot
SECOM_0890,validation,2008-09-18,calendar_date_NOT_lot
SECOM_0891,validation,2008-09-18,calendar_date_NOT_lot
SECOM_0892,validation,2008-09-18,calendar_date_NOT_lot
SECOM_0893,validation,2008-09-18,calendar_date_NOT_lot
SECOM_0894,validation,2008-09-19,calendar_date_NOT_lot
SECOM_0895,validation,2008-09-19,calendar_date_NOT_lot
SECOM_0896,validation,2008-09-19,calendar_date_NOT_lot
SECOM_0897,validation,2008-09-19,calendar_date_NOT_lot
SECOM_0898,validation,2008-09-19,calendar_date_NOT_lot
SECOM_0899,validation,2008-09-19,calendar_date_NOT_lot
SECOM_0900,validation,2008-09-19,calendar_date_NOT_lot
SECOM_0901,validation,2008-09-19,calendar_date_NOT_lot
SECOM_0902,validation,2008-09-19,calendar_date_NOT_lot
SECOM_0903,validation,2008-09-19,calendar_date_NOT_lot
SECOM_0904,validation,2008-09-19,calendar_date_NOT_lot
SECOM_0905,validation,2008-09-19,calendar_date_NOT_lot
SECOM_0906,validation,2008-09-19,calendar_date_NOT_lot
SECOM_0907,validation,2008-09-19,calendar_date_NOT_lot
SECOM_0908,validation,2008-09-19,calendar_date_NOT_lot
SECOM_0909,validation,2008-09-19,calendar_date_NOT_lot
SECOM_0910,validation,2008-09-19,calendar_date_NOT_lot
SECOM_0911,validation,2008-09-19,calendar_date_NOT_lot
SECOM_0912,validation,2008-09-19,calendar_date_NOT_lot
SECOM_0913,validation,2008-09-19,calendar_date_NOT_lot
SECOM_0914,validation,2008-09-19,calendar_date_NOT_lot
SECOM_0915,validation,2008-09-19,calendar_date_NOT_lot
SECOM_0916,validation,2008-09-19,calendar_date_NOT_lot
SECOM_0917,validation,2008-09-19,calendar_date_NOT_lot
SECOM_0918,validation,2008-09-19,calendar_date_NOT_lot
SECOM_0919,validation,2008-09-19,calendar_date_NOT_lot
SECOM_0920,validation,2008-09-19,calendar_date_NOT_lot
SECOM_0921,validation,2008-09-19,calendar_date_NOT_lot
SECOM_0922,validation,2008-09-19,calendar_date_NOT_lot
SECOM_0923,validation,2008-09-19,calendar_date_NOT_lot
SECOM_0924,validation,2008-09-19,calendar_date_NOT_lot
SECOM_0925,validation,2008-09-19,calendar_date_NOT_lot
SECOM_0926,validation,2008-09-19,calendar_date_NOT_lot
SECOM_0927,validation,2008-09-19,calendar_date_NOT_lot
SECOM_0928,validation,2008-09-19,calendar_date_NOT_lot
SECOM_0929,validation,2008-09-19,calendar_date_NOT_lot
SECOM_0930,validation,2008-09-19,calendar_date_NOT_lot
SECOM_0931,validation,2008-09-19,calendar_date_NOT_lot
SECOM_0932,validation,2008-09-20,calendar_date_NOT_lot
SECOM_0933,validation,2008-09-20,calendar_date_NOT_lot
SECOM_0934,validation,2008-09-20,calendar_date_NOT_lot
SECOM_0935,validation,2008-09-20,calendar_date_NOT_lot
SECOM_0936,validation,2008-09-20,calendar_date_NOT_lot
SECOM_0937,validation,2008-09-20,calendar_date_NOT_lot
SECOM_0938,validation,2008-09-20,calendar_date_NOT_lot
SECOM_0939,validation,2008-09-20,calendar_date_NOT_lot
SECOM_0940,validation,2008-09-20,calendar_date_NOT_lot
SECOM_0941,validation,2008-09-20,calendar_date_NOT_lot
SECOM_0942,validation,2008-09-20,calendar_date_NOT_lot
SECOM_0943,validation,2008-09-20,calendar_date_NOT_lot
SECOM_0944,validation,2008-09-20,calendar_date_NOT_lot
SECOM_0945,validation,2008-09-20,calendar_date_NOT_lot
SECOM_0946,validation,2008-09-20,calendar_date_NOT_lot
SECOM_0947,validation,2008-09-20,calendar_date_NOT_lot
SECOM_0948,validation,2008-09-20,calendar_date_NOT_lot
SECOM_0949,validation,2008-09-20,calendar_date_NOT_lot
SECOM_0950,validation,2008-09-20,calendar_date_NOT_lot
SECOM_0951,validation,2008-09-20,calendar_date_NOT_lot
SECOM_0952,validation,2008-09-20,calendar_date_NOT_lot
SECOM_0953,validation,2008-09-20,calendar_date_NOT_lot
SECOM_0954,validation,2008-09-20,calendar_date_NOT_lot
SECOM_0955,validation,2008-09-20,calendar_date_NOT_lot
SECOM_0956,validation,2008-09-20,calendar_date_NOT_lot
SECOM_0957,validation,2008-09-20,calendar_date_NOT_lot
SECOM_0958,validation,2008-09-20,calendar_date_NOT_lot
SECOM_0959,validation,2008-09-20,calendar_date_NOT_lot
SECOM_0960,validation,2008-09-20,calendar_date_NOT_lot
SECOM_0961,validation,2008-09-20,calendar_date_NOT_lot
SECOM_0962,validation,2008-09-20,calendar_date_NOT_lot
SECOM_0963,validation,2008-09-20,calendar_date_NOT_lot
SECOM_0964,validation,2008-09-20,calendar_date_NOT_lot
SECOM_0965,validation,2008-09-20,calendar_date_NOT_lot
SECOM_0966,validation,2008-09-20,calendar_date_NOT_lot
SECOM_0967,validation,2008-09-20,calendar_date_NOT_lot
SECOM_0968,validation,2008-09-20,calendar_date_NOT_lot
SECOM_0969,validation,2008-09-21,calendar_date_NOT_lot
SECOM_0970,validation,2008-09-21,calendar_date_NOT_lot
SECOM_0971,validation,2008-09-21,calendar_date_NOT_lot
SECOM_0972,validation,2008-09-21,calendar_date_NOT_lot
SECOM_0973,validation,2008-09-21,calendar_date_NOT_lot
SECOM_0974,validation,2008-09-21,calendar_date_NOT_lot
SECOM_0975,validation,2008-09-21,calendar_date_NOT_lot
SECOM_0976,validation,2008-09-21,calendar_date_NOT_lot
SECOM_0977,validation,2008-09-21,calendar_date_NOT_lot
SECOM_0978,validation,2008-09-21,calendar_date_NOT_lot
SECOM_0979,validation,2008-09-21,calendar_date_NOT_lot
SECOM_0980,validation,2008-09-21,calendar_date_NOT_lot
SECOM_0981,validation,2008-09-21,calendar_date_NOT_lot
SECOM_0982,validation,2008-09-21,calendar_date_NOT_lot
SECOM_0983,validation,2008-09-21,calendar_date_NOT_lot
SECOM_0984,validation,2008-09-21,calendar_date_NOT_lot
SECOM_0985,validation,2008-09-21,calendar_date_NOT_lot
SECOM_0986,validation,2008-09-21,calendar_date_NOT_lot
SECOM_0987,validation,2008-09-21,calendar_date_NOT_lot
SECOM_0988,validation,2008-09-21,calendar_date_NOT_lot
SECOM_0989,validation,2008-09-21,calendar_date_NOT_lot
SECOM_0990,validation,2008-09-21,calendar_date_NOT_lot
SECOM_0991,validation,2008-09-21,calendar_date_NOT_lot
SECOM_0992,validation,2008-09-21,calendar_date_NOT_lot
SECOM_0993,validation,2008-09-21,calendar_date_NOT_lot
SECOM_0994,validation,2008-09-21,calendar_date_NOT_lot
SECOM_0995,validation,2008-09-21,calendar_date_NOT_lot
SECOM_0996,validation,2008-09-21,calendar_date_NOT_lot
SECOM_0997,validation,2008-09-21,calendar_date_NOT_lot
SECOM_0998,validation,2008-09-21,calendar_date_NOT_lot
SECOM_0999,validation,2008-09-21,calendar_date_NOT_lot
SECOM_1000,calibration,2008-09-22,calendar_date_NOT_lot
SECOM_1001,calibration,2008-09-22,calendar_date_NOT_lot
SECOM_1002,calibration,2008-09-22,calendar_date_NOT_lot
SECOM_1003,calibration,2008-09-22,calendar_date_NOT_lot
SECOM_1004,calibration,2008-09-22,calendar_date_NOT_lot
SECOM_1005,calibration,2008-09-22,calendar_date_NOT_lot
SECOM_1006,calibration,2008-09-22,calendar_date_NOT_lot
SECOM_1007,calibration,2008-09-22,calendar_date_NOT_lot
SECOM_1008,calibration,2008-09-22,calendar_date_NOT_lot
SECOM_1009,calibration,2008-09-22,calendar_date_NOT_lot
SECOM_1010,calibration,2008-09-22,calendar_date_NOT_lot
SECOM_1011,calibration,2008-09-22,calendar_date_NOT_lot
SECOM_1012,calibration,2008-09-22,calendar_date_NOT_lot
SECOM_1013,calibration,2008-09-22,calendar_date_NOT_lot
SECOM_1014,calibration,2008-09-22,calendar_date_NOT_lot
SECOM_1015,calibration,2008-09-22,calendar_date_NOT_lot
SECOM_1016,calibration,2008-09-22,calendar_date_NOT_lot
SECOM_1017,calibration,2008-09-22,calendar_date_NOT_lot
SECOM_1018,calibration,2008-09-22,calendar_date_NOT_lot
SECOM_1019,calibration,2008-09-22,calendar_date_NOT_lot
SECOM_1020,calibration,2008-09-22,calendar_date_NOT_lot
SECOM_1021,calibration,2008-09-22,calendar_date_NOT_lot
SECOM_1022,calibration,2008-09-23,calendar_date_NOT_lot
SECOM_1023,calibration,2008-09-23,calendar_date_NOT_lot
SECOM_1024,calibration,2008-09-23,calendar_date_NOT_lot
SECOM_1025,calibration,2008-09-23,calendar_date_NOT_lot
SECOM_1026,calibration,2008-09-23,calendar_date_NOT_lot
SECOM_1027,calibration,2008-09-23,calendar_date_NOT_lot
SECOM_1028,calibration,2008-09-23,calendar_date_NOT_lot
SECOM_1029,calibration,2008-09-23,calendar_date_NOT_lot
SECOM_1030,calibration,2008-09-23,calendar_date_NOT_lot
SECOM_1031,calibration,2008-09-23,calendar_date_NOT_lot
SECOM_1032,calibration,2008-09-23,calendar_date_NOT_lot
SECOM_1033,calibration,2008-09-23,calendar_date_NOT_lot
SECOM_1034,calibration,2008-09-23,calendar_date_NOT_lot
SECOM_1035,calibration,2008-09-23,calendar_date_NOT_lot
SECOM_1036,calibration,2008-09-23,calendar_date_NOT_lot
SECOM_1037,calibration,2008-09-23,calendar_date_NOT_lot
SECOM_1038,calibration,2008-09-23,calendar_date_NOT_lot
SECOM_1039,calibration,2008-09-23,calendar_date_NOT_lot
SECOM_1040,calibration,2008-09-23,calendar_date_NOT_lot
SECOM_1041,calibration,2008-09-23,calendar_date_NOT_lot
SECOM_1042,calibration,2008-09-23,calendar_date_NOT_lot
SECOM_1043,calibration,2008-09-23,calendar_date_NOT_lot
SECOM_1044,calibration,2008-09-23,calendar_date_NOT_lot
SECOM_1045,calibration,2008-09-23,calendar_date_NOT_lot
SECOM_1046,calibration,2008-09-24,calendar_date_NOT_lot
SECOM_1047,calibration,2008-09-24,calendar_date_NOT_lot
SECOM_1048,calibration,2008-09-24,calendar_date_NOT_lot
SECOM_1049,calibration,2008-09-24,calendar_date_NOT_lot
SECOM_1050,calibration,2008-09-24,calendar_date_NOT_lot
SECOM_1051,calibration,2008-09-24,calendar_date_NOT_lot
SECOM_1052,calibration,2008-09-24,calendar_date_NOT_lot
SECOM_1053,calibration,2008-09-24,calendar_date_NOT_lot
SECOM_1054,calibration,2008-09-24,calendar_date_NOT_lot
SECOM_1055,calibration,2008-09-24,calendar_date_NOT_lot
SECOM_1056,calibration,2008-09-24,calendar_date_NOT_lot
SECOM_1057,calibration,2008-09-24,calendar_date_NOT_lot
SECOM_1058,calibration,2008-09-24,calendar_date_NOT_lot
SECOM_1059,calibration,2008-09-24,calendar_date_NOT_lot
SECOM_1060,calibration,2008-09-24,calendar_date_NOT_lot
SECOM_1061,calibration,2008-09-24,calendar_date_NOT_lot
SECOM_1062,calibration,2008-09-24,calendar_date_NOT_lot
SECOM_1063,calibration,2008-09-24,calendar_date_NOT_lot
SECOM_1064,calibration,2008-09-24,calendar_date_NOT_lot
SECOM_1065,calibration,2008-09-24,calendar_date_NOT_lot
SECOM_1066,calibration,2008-09-24,calendar_date_NOT_lot
SECOM_1067,calibration,2008-09-24,calendar_date_NOT_lot
SECOM_1068,calibration,2008-09-24,calendar_date_NOT_lot
SECOM_1069,calibration,2008-09-25,calendar_date_NOT_lot
SECOM_1070,calibration,2008-09-25,calendar_date_NOT_lot
SECOM_1071,calibration,2008-09-25,calendar_date_NOT_lot
SECOM_1072,calibration,2008-09-25,calendar_date_NOT_lot
SECOM_1073,calibration,2008-09-25,calendar_date_NOT_lot
SECOM_1074,calibration,2008-09-25,calendar_date_NOT_lot
SECOM_1075,calibration,2008-09-25,calendar_date_NOT_lot
SECOM_1076,calibration,2008-09-25,calendar_date_NOT_lot
SECOM_1077,calibration,2008-09-25,calendar_date_NOT_lot
SECOM_1078,calibration,2008-09-25,calendar_date_NOT_lot
SECOM_1079,calibration,2008-09-25,calendar_date_NOT_lot
SECOM_1080,calibration,2008-09-25,calendar_date_NOT_lot
SECOM_1081,calibration,2008-09-25,calendar_date_NOT_lot
SECOM_1082,calibration,2008-09-25,calendar_date_NOT_lot
SECOM_1083,calibration,2008-09-25,calendar_date_NOT_lot
SECOM_1084,calibration,2008-09-25,calendar_date_NOT_lot
SECOM_1085,calibration,2008-09-25,calendar_date_NOT_lot
SECOM_1086,calibration,2008-09-25,calendar_date_NOT_lot
SECOM_1087,calibration,2008-09-25,calendar_date_NOT_lot
SECOM_1088,calibration,2008-09-25,calendar_date_NOT_lot
SECOM_1089,calibration,2008-09-25,calendar_date_NOT_lot
SECOM_1090,calibration,2008-09-25,calendar_date_NOT_lot
SECOM_1091,calibration,2008-09-25,calendar_date_NOT_lot
SECOM_1092,calibration,2008-09-25,calendar_date_NOT_lot
SECOM_1093,calibration,2008-09-26,calendar_date_NOT_lot
SECOM_1094,calibration,2008-09-26,calendar_date_NOT_lot
SECOM_1095,calibration,2008-09-26,calendar_date_NOT_lot
SECOM_1096,calibration,2008-09-26,calendar_date_NOT_lot
SECOM_1097,calibration,2008-09-26,calendar_date_NOT_lot
SECOM_1098,calibration,2008-09-26,calendar_date_NOT_lot
SECOM_1099,calibration,2008-09-26,calendar_date_NOT_lot
SECOM_1100,calibration,2008-09-26,calendar_date_NOT_lot
SECOM_1101,calibration,2008-09-26,calendar_date_NOT_lot
SECOM_1102,calibration,2008-09-26,calendar_date_NOT_lot
SECOM_1103,calibration,2008-09-26,calendar_date_NOT_lot
SECOM_1104,calibration,2008-09-26,calendar_date_NOT_lot
SECOM_1105,calibration,2008-09-26,calendar_date_NOT_lot
SECOM_1106,calibration,2008-09-26,calendar_date_NOT_lot
SECOM_1107,calibration,2008-09-26,calendar_date_NOT_lot
SECOM_1108,calibration,2008-09-26,calendar_date_NOT_lot
SECOM_1109,calibration,2008-09-26,calendar_date_NOT_lot
SECOM_1110,calibration,2008-09-26,calendar_date_NOT_lot
SECOM_1111,calibration,2008-09-26,calendar_date_NOT_lot
SECOM_1112,calibration,2008-09-26,calendar_date_NOT_lot
SECOM_1113,calibration,2008-09-26,calendar_date_NOT_lot
SECOM_1114,calibration,2008-09-26,calendar_date_NOT_lot
SECOM_1115,calibration,2008-09-26,calendar_date_NOT_lot
SECOM_1116,calibration,2008-09-27,calendar_date_NOT_lot
SECOM_1117,calibration,2008-09-27,calendar_date_NOT_lot
SECOM_1118,calibration,2008-09-27,calendar_date_NOT_lot
SECOM_1119,calibration,2008-09-27,calendar_date_NOT_lot
SECOM_1120,calibration,2008-09-27,calendar_date_NOT_lot
SECOM_1121,calibration,2008-09-27,calendar_date_NOT_lot
SECOM_1122,calibration,2008-09-27,calendar_date_NOT_lot
SECOM_1123,calibration,2008-09-27,calendar_date_NOT_lot
SECOM_1124,calibration,2008-09-27,calendar_date_NOT_lot
SECOM_1125,calibration,2008-09-27,calendar_date_NOT_lot
SECOM_1126,calibration,2008-09-27,calendar_date_NOT_lot
SECOM_1127,calibration,2008-09-27,calendar_date_NOT_lot
SECOM_1128,calibration,2008-09-27,calendar_date_NOT_lot
SECOM_1129,calibration,2008-09-27,calendar_date_NOT_lot
SECOM_1130,calibration,2008-09-27,calendar_date_NOT_lot
SECOM_1131,calibration,2008-09-27,calendar_date_NOT_lot
SECOM_1132,calibration,2008-09-27,calendar_date_NOT_lot
SECOM_1133,calibration,2008-09-27,calendar_date_NOT_lot
SECOM_1134,calibration,2008-09-27,calendar_date_NOT_lot
SECOM_1135,calibration,2008-09-27,calendar_date_NOT_lot
SECOM_1136,calibration,2008-09-27,calendar_date_NOT_lot
SECOM_1137,calibration,2008-09-27,calendar_date_NOT_lot
SECOM_1138,calibration,2008-09-27,calendar_date_NOT_lot
SECOM_1139,calibration,2008-09-27,calendar_date_NOT_lot
SECOM_1140,calibration,2008-09-27,calendar_date_NOT_lot
SECOM_1141,calibration,2008-09-28,calendar_date_NOT_lot
SECOM_1142,calibration,2008-09-28,calendar_date_NOT_lot
SECOM_1143,calibration,2008-09-28,calendar_date_NOT_lot
SECOM_1144,calibration,2008-09-28,calendar_date_NOT_lot
SECOM_1145,calibration,2008-09-28,calendar_date_NOT_lot
SECOM_1146,calibration,2008-09-28,calendar_date_NOT_lot
SECOM_1147,calibration,2008-09-28,calendar_date_NOT_lot
SECOM_1148,calibration,2008-09-28,calendar_date_NOT_lot
SECOM_1149,calibration,2008-09-28,calendar_date_NOT_lot
SECOM_1150,calibration,2008-09-28,calendar_date_NOT_lot
SECOM_1151,calibration,2008-09-28,calendar_date_NOT_lot
SECOM_1152,calibration,2008-09-28,calendar_date_NOT_lot
SECOM_1153,calibration,2008-09-28,calendar_date_NOT_lot
SECOM_1154,calibration,2008-09-28,calendar_date_NOT_lot
SECOM_1155,calibration,2008-09-28,calendar_date_NOT_lot
SECOM_1156,calibration,2008-09-28,calendar_date_NOT_lot
SECOM_1157,calibration,2008-09-28,calendar_date_NOT_lot
SECOM_1158,calibration,2008-09-28,calendar_date_NOT_lot
SECOM_1159,calibration,2008-09-28,calendar_date_NOT_lot
SECOM_1160,calibration,2008-09-28,calendar_date_NOT_lot
SECOM_1161,calibration,2008-09-28,calendar_date_NOT_lot
SECOM_1162,calibration,2008-09-28,calendar_date_NOT_lot
SECOM_1163,calibration,2008-09-28,calendar_date_NOT_lot
SECOM_1164,calibration,2008-09-28,calendar_date_NOT_lot
SECOM_1165,calibration,2008-09-28,calendar_date_NOT_lot
SECOM_1166,calibration,2008-09-29,calendar_date_NOT_lot
SECOM_1167,calibration,2008-09-29,calendar_date_NOT_lot
SECOM_1168,calibration,2008-09-29,calendar_date_NOT_lot
SECOM_1169,calibration,2008-09-29,calendar_date_NOT_lot
SECOM_1170,calibration,2008-09-29,calendar_date_NOT_lot
SECOM_1171,calibration,2008-09-29,calendar_date_NOT_lot
SECOM_1172,calibration,2008-09-29,calendar_date_NOT_lot
SECOM_1173,calibration,2008-09-29,calendar_date_NOT_lot
SECOM_1174,calibration,2008-09-29,calendar_date_NOT_lot
SECOM_1175,calibration,2008-09-29,calendar_date_NOT_lot
SECOM_1176,calibration,2008-09-29,calendar_date_NOT_lot
SECOM_1177,calibration,2008-09-29,calendar_date_NOT_lot
SECOM_1178,calibration,2008-09-29,calendar_date_NOT_lot
SECOM_1179,calibration,2008-09-29,calendar_date_NOT_lot
SECOM_1180,calibration,2008-09-29,calendar_date_NOT_lot
SECOM_1181,calibration,2008-09-29,calendar_date_NOT_lot
SECOM_1182,calibration,2008-09-29,calendar_date_NOT_lot
SECOM_1183,calibration,2008-09-29,calendar_date_NOT_lot
SECOM_1184,calibration,2008-09-29,calendar_date_NOT_lot
SECOM_1185,calibration,2008-09-29,calendar_date_NOT_lot
SECOM_1186,calibration,2008-09-29,calendar_date_NOT_lot
SECOM_1187,test,2008-09-30,calendar_date_NOT_lot
SECOM_1188,test,2008-09-30,calendar_date_NOT_lot
SECOM_1189,test,2008-09-30,calendar_date_NOT_lot
SECOM_1190,test,2008-09-30,calendar_date_NOT_lot
SECOM_1191,test,2008-09-30,calendar_date_NOT_lot
SECOM_1192,test,2008-09-30,calendar_date_NOT_lot
SECOM_1193,test,2008-09-30,calendar_date_NOT_lot
SECOM_1194,test,2008-09-30,calendar_date_NOT_lot
SECOM_1195,test,2008-09-30,calendar_date_NOT_lot
SECOM_1196,test,2008-09-30,calendar_date_NOT_lot
SECOM_1197,test,2008-09-30,calendar_date_NOT_lot
SECOM_1198,test,2008-09-30,calendar_date_NOT_lot
SECOM_1199,test,2008-09-30,calendar_date_NOT_lot
SECOM_1200,test,2008-09-30,calendar_date_NOT_lot
SECOM_1201,test,2008-09-30,calendar_date_NOT_lot
SECOM_1202,test,2008-09-30,calendar_date_NOT_lot
SECOM_1203,test,2008-09-30,calendar_date_NOT_lot
SECOM_1204,test,2008-09-30,calendar_date_NOT_lot
SECOM_1205,test,2008-09-30,calendar_date_NOT_lot
SECOM_1206,test,2008-09-30,calendar_date_NOT_lot
SECOM_1207,test,2008-09-30,calendar_date_NOT_lot
SECOM_1208,test,2008-10-01,calendar_date_NOT_lot
SECOM_1209,test,2008-10-01,calendar_date_NOT_lot
SECOM_1210,test,2008-10-01,calendar_date_NOT_lot
SECOM_1211,test,2008-10-01,calendar_date_NOT_lot
SECOM_1212,test,2008-10-01,calendar_date_NOT_lot
SECOM_1213,test,2008-10-01,calendar_date_NOT_lot
SECOM_1214,test,2008-10-01,calendar_date_NOT_lot
SECOM_1215,test,2008-10-01,calendar_date_NOT_lot
SECOM_1216,test,2008-10-01,calendar_date_NOT_lot
SECOM_1217,test,2008-10-01,calendar_date_NOT_lot
SECOM_1218,test,2008-10-01,calendar_date_NOT_lot
SECOM_1219,test,2008-10-01,calendar_date_NOT_lot
SECOM_1220,test,2008-10-01,calendar_date_NOT_lot
SECOM_1221,test,2008-10-01,calendar_date_NOT_lot
SECOM_1222,test,2008-10-01,calendar_date_NOT_lot
SECOM_1223,test,2008-10-01,calendar_date_NOT_lot
SECOM_1224,test,2008-10-01,calendar_date_NOT_lot
SECOM_1225,test,2008-10-02,calendar_date_NOT_lot
SECOM_1226,test,2008-10-02,calendar_date_NOT_lot
SECOM_1227,test,2008-10-02,calendar_date_NOT_lot
SECOM_1228,test,2008-10-02,calendar_date_NOT_lot
SECOM_1229,test,2008-10-02,calendar_date_NOT_lot
SECOM_1230,test,2008-10-02,calendar_date_NOT_lot
SECOM_1231,test,2008-10-02,calendar_date_NOT_lot
SECOM_1232,test,2008-10-02,calendar_date_NOT_lot
SECOM_1233,test,2008-10-02,calendar_date_NOT_lot
SECOM_1234,test,2008-10-02,calendar_date_NOT_lot
SECOM_1235,test,2008-10-02,calendar_date_NOT_lot
SECOM_1236,test,2008-10-02,calendar_date_NOT_lot
SECOM_1237,test,2008-10-02,calendar_date_NOT_lot
SECOM_1238,test,2008-10-02,calendar_date_NOT_lot
SECOM_1239,test,2008-10-02,calendar_date_NOT_lot
SECOM_1240,test,2008-10-02,calendar_date_NOT_lot
SECOM_1241,test,2008-10-02,calendar_date_NOT_lot
SECOM_1242,test,2008-10-02,calendar_date_NOT_lot
SECOM_1243,test,2008-10-02,calendar_date_NOT_lot
SECOM_1244,test,2008-10-02,calendar_date_NOT_lot
SECOM_1245,test,2008-10-02,calendar_date_NOT_lot
SECOM_1246,test,2008-10-02,calendar_date_NOT_lot
SECOM_1247,test,2008-10-02,calendar_date_NOT_lot
SECOM_1248,test,2008-10-02,calendar_date_NOT_lot
SECOM_1249,test,2008-10-02,calendar_date_NOT_lot
SECOM_1250,test,2008-10-02,calendar_date_NOT_lot
SECOM_1251,test,2008-10-02,calendar_date_NOT_lot
SECOM_1252,test,2008-10-02,calendar_date_NOT_lot
SECOM_1253,test,2008-10-02,calendar_date_NOT_lot
SECOM_1254,test,2008-10-02,calendar_date_NOT_lot
SECOM_1255,test,2008-10-02,calendar_date_NOT_lot
SECOM_1256,test,2008-10-02,calendar_date_NOT_lot
SECOM_1257,test,2008-10-02,calendar_date_NOT_lot
SECOM_1258,test,2008-10-02,calendar_date_NOT_lot
SECOM_1259,test,2008-10-02,calendar_date_NOT_lot
SECOM_1260,test,2008-10-03,calendar_date_NOT_lot
SECOM_1261,test,2008-10-03,calendar_date_NOT_lot
SECOM_1262,test,2008-10-03,calendar_date_NOT_lot
SECOM_1263,test,2008-10-03,calendar_date_NOT_lot
SECOM_1264,test,2008-10-03,calendar_date_NOT_lot
SECOM_1265,test,2008-10-03,calendar_date_NOT_lot
SECOM_1266,test,2008-10-03,calendar_date_NOT_lot
SECOM_1267,test,2008-10-03,calendar_date_NOT_lot
SECOM_1268,test,2008-10-03,calendar_date_NOT_lot
SECOM_1269,test,2008-10-03,calendar_date_NOT_lot
SECOM_1270,test,2008-10-03,calendar_date_NOT_lot
SECOM_1271,test,2008-10-03,calendar_date_NOT_lot
SECOM_1272,test,2008-10-03,calendar_date_NOT_lot
SECOM_1273,test,2008-10-03,calendar_date_NOT_lot
SECOM_1274,test,2008-10-03,calendar_date_NOT_lot
SECOM_1275,test,2008-10-03,calendar_date_NOT_lot
SECOM_1276,test,2008-10-03,calendar_date_NOT_lot
SECOM_1277,test,2008-10-03,calendar_date_NOT_lot
SECOM_1278,test,2008-10-03,calendar_date_NOT_lot
SECOM_1279,test,2008-10-03,calendar_date_NOT_lot
SECOM_1280,test,2008-10-03,calendar_date_NOT_lot
SECOM_1281,test,2008-10-03,calendar_date_NOT_lot
SECOM_1282,test,2008-10-03,calendar_date_NOT_lot
SECOM_1283,test,2008-10-03,calendar_date_NOT_lot
SECOM_1284,test,2008-10-03,calendar_date_NOT_lot
SECOM_1285,test,2008-10-04,calendar_date_NOT_lot
SECOM_1286,test,2008-10-04,calendar_date_NOT_lot
SECOM_1287,test,2008-10-04,calendar_date_NOT_lot
SECOM_1288,test,2008-10-04,calendar_date_NOT_lot
SECOM_1289,test,2008-10-04,calendar_date_NOT_lot
SECOM_1290,test,2008-10-04,calendar_date_NOT_lot
SECOM_1291,test,2008-10-04,calendar_date_NOT_lot
SECOM_1292,test,2008-10-04,calendar_date_NOT_lot
SECOM_1293,test,2008-10-04,calendar_date_NOT_lot
SECOM_1294,test,2008-10-04,calendar_date_NOT_lot
SECOM_1295,test,2008-10-04,calendar_date_NOT_lot
SECOM_1296,test,2008-10-04,calendar_date_NOT_lot
SECOM_1297,test,2008-10-04,calendar_date_NOT_lot
SECOM_1298,test,2008-10-04,calendar_date_NOT_lot
SECOM_1299,test,2008-10-04,calendar_date_NOT_lot
SECOM_1300,test,2008-10-04,calendar_date_NOT_lot
SECOM_1301,test,2008-10-04,calendar_date_NOT_lot
SECOM_1302,test,2008-10-04,calendar_date_NOT_lot
SECOM_1303,test,2008-10-05,calendar_date_NOT_lot
SECOM_1304,test,2008-10-05,calendar_date_NOT_lot
SECOM_1305,test,2008-10-05,calendar_date_NOT_lot
SECOM_1306,test,2008-10-05,calendar_date_NOT_lot
SECOM_1307,test,2008-10-05,calendar_date_NOT_lot
SECOM_1308,test,2008-10-05,calendar_date_NOT_lot
SECOM_1309,test,2008-10-05,calendar_date_NOT_lot
SECOM_1310,test,2008-10-05,calendar_date_NOT_lot
SECOM_1311,test,2008-10-05,calendar_date_NOT_lot
SECOM_1312,test,2008-10-05,calendar_date_NOT_lot
SECOM_1313,test,2008-10-05,calendar_date_NOT_lot
SECOM_1314,test,2008-10-05,calendar_date_NOT_lot
SECOM_1315,test,2008-10-05,calendar_date_NOT_lot
SECOM_1316,test,2008-10-05,calendar_date_NOT_lot
SECOM_1317,test,2008-10-05,calendar_date_NOT_lot
SECOM_1318,test,2008-10-05,calendar_date_NOT_lot
SECOM_1319,test,2008-10-05,calendar_date_NOT_lot
SECOM_1320,test,2008-10-05,calendar_date_NOT_lot
SECOM_1321,test,2008-10-05,calendar_date_NOT_lot
SECOM_1322,test,2008-10-05,calendar_date_NOT_lot
SECOM_1323,test,2008-10-05,calendar_date_NOT_lot
SECOM_1324,test,2008-10-05,calendar_date_NOT_lot
SECOM_1325,test,2008-10-05,calendar_date_NOT_lot
SECOM_1326,test,2008-10-05,calendar_date_NOT_lot
SECOM_1327,test,2008-10-05,calendar_date_NOT_lot
SECOM_1328,test,2008-10-05,calendar_date_NOT_lot
SECOM_1329,test,2008-10-05,calendar_date_NOT_lot
SECOM_1330,test,2008-10-05,calendar_date_NOT_lot
SECOM_1331,test,2008-10-05,calendar_date_NOT_lot
SECOM_1332,test,2008-10-05,calendar_date_NOT_lot
SECOM_1333,test,2008-10-05,calendar_date_NOT_lot
SECOM_1334,test,2008-10-05,calendar_date_NOT_lot
SECOM_1335,test,2008-10-06,calendar_date_NOT_lot
SECOM_1336,test,2008-10-06,calendar_date_NOT_lot
SECOM_1337,test,2008-10-06,calendar_date_NOT_lot
SECOM_1338,test,2008-10-06,calendar_date_NOT_lot
SECOM_1339,test,2008-10-06,calendar_date_NOT_lot
SECOM_1340,test,2008-10-06,calendar_date_NOT_lot
SECOM_1341,test,2008-10-06,calendar_date_NOT_lot
SECOM_1342,test,2008-10-06,calendar_date_NOT_lot
SECOM_1343,test,2008-10-06,calendar_date_NOT_lot
SECOM_1344,test,2008-10-06,calendar_date_NOT_lot
SECOM_1345,test,2008-10-06,calendar_date_NOT_lot
SECOM_1346,test,2008-10-06,calendar_date_NOT_lot
SECOM_1347,test,2008-10-06,calendar_date_NOT_lot
SECOM_1348,test,2008-10-06,calendar_date_NOT_lot
SECOM_1349,test,2008-10-06,calendar_date_NOT_lot
SECOM_1350,test,2008-10-06,calendar_date_NOT_lot
SECOM_1351,test,2008-10-06,calendar_date_NOT_lot
SECOM_1352,test,2008-10-06,calendar_date_NOT_lot
SECOM_1353,test,2008-10-06,calendar_date_NOT_lot
SECOM_1354,test,2008-10-06,calendar_date_NOT_lot
SECOM_1355,test,2008-10-06,calendar_date_NOT_lot
SECOM_1356,test,2008-10-06,calendar_date_NOT_lot
SECOM_1357,test,2008-10-06,calendar_date_NOT_lot
SECOM_1358,test,2008-10-06,calendar_date_NOT_lot
SECOM_1359,test,2008-10-06,calendar_date_NOT_lot
SECOM_1360,test,2008-10-06,calendar_date_NOT_lot
SECOM_1361,test,2008-10-06,calendar_date_NOT_lot
SECOM_1362,test,2008-10-06,calendar_date_NOT_lot
SECOM_1363,test,2008-10-06,calendar_date_NOT_lot
SECOM_1364,test,2008-10-06,calendar_date_NOT_lot
SECOM_1365,test,2008-10-06,calendar_date_NOT_lot
SECOM_1366,test,2008-10-06,calendar_date_NOT_lot
SECOM_1367,test,2008-10-06,calendar_date_NOT_lot
SECOM_1368,test,2008-10-06,calendar_date_NOT_lot
SECOM_1369,test,2008-10-06,calendar_date_NOT_lot
SECOM_1370,test,2008-10-06,calendar_date_NOT_lot
SECOM_1371,test,2008-10-06,calendar_date_NOT_lot
SECOM_1372,test,2008-10-06,calendar_date_NOT_lot
SECOM_1373,test,2008-10-06,calendar_date_NOT_lot
SECOM_1374,test,2008-10-06,calendar_date_NOT_lot
SECOM_1375,test,2008-10-06,calendar_date_NOT_lot
SECOM_1376,test,2008-10-06,calendar_date_NOT_lot
SECOM_1377,test,2008-10-06,calendar_date_NOT_lot
SECOM_1378,test,2008-10-06,calendar_date_NOT_lot
SECOM_1379,test,2008-10-06,calendar_date_NOT_lot
SECOM_1380,test,2008-10-06,calendar_date_NOT_lot
SECOM_1381,test,2008-10-06,calendar_date_NOT_lot
SECOM_1382,test,2008-10-06,calendar_date_NOT_lot
SECOM_1383,test,2008-10-07,calendar_date_NOT_lot
SECOM_1384,test,2008-10-07,calendar_date_NOT_lot
SECOM_1385,test,2008-10-07,calendar_date_NOT_lot
SECOM_1386,test,2008-10-07,calendar_date_NOT_lot
SECOM_1387,test,2008-10-07,calendar_date_NOT_lot
SECOM_1388,test,2008-10-07,calendar_date_NOT_lot
SECOM_1389,test,2008-10-07,calendar_date_NOT_lot
SECOM_1390,test,2008-10-07,calendar_date_NOT_lot
SECOM_1391,test,2008-10-07,calendar_date_NOT_lot
SECOM_1392,test,2008-10-07,calendar_date_NOT_lot
SECOM_1393,test,2008-10-07,calendar_date_NOT_lot
SECOM_1394,test,2008-10-07,calendar_date_NOT_lot
SECOM_1395,test,2008-10-07,calendar_date_NOT_lot
SECOM_1396,test,2008-10-07,calendar_date_NOT_lot
SECOM_1397,test,2008-10-07,calendar_date_NOT_lot
SECOM_1398,test,2008-10-07,calendar_date_NOT_lot
SECOM_1399,test,2008-10-07,calendar_date_NOT_lot
SECOM_1400,test,2008-10-07,calendar_date_NOT_lot
SECOM_1401,test,2008-10-07,calendar_date_NOT_lot
SECOM_1402,test,2008-10-07,calendar_date_NOT_lot
SECOM_1403,test,2008-10-07,calendar_date_NOT_lot
SECOM_1404,test,2008-10-07,calendar_date_NOT_lot
SECOM_1405,test,2008-10-07,calendar_date_NOT_lot
SECOM_1406,test,2008-10-07,calendar_date_NOT_lot
SECOM_1407,test,2008-10-07,calendar_date_NOT_lot
SECOM_1408,test,2008-10-07,calendar_date_NOT_lot
SECOM_1409,test,2008-10-07,calendar_date_NOT_lot
SECOM_1410,test,2008-10-07,calendar_date_NOT_lot
SECOM_1411,test,2008-10-08,calendar_date_NOT_lot
SECOM_1412,test,2008-10-08,calendar_date_NOT_lot
SECOM_1413,test,2008-10-08,calendar_date_NOT_lot
SECOM_1414,test,2008-10-08,calendar_date_NOT_lot
SECOM_1415,test,2008-10-08,calendar_date_NOT_lot
SECOM_1416,test,2008-10-08,calendar_date_NOT_lot
SECOM_1417,test,2008-10-08,calendar_date_NOT_lot
SECOM_1418,test,2008-10-08,calendar_date_NOT_lot
SECOM_1419,test,2008-10-08,calendar_date_NOT_lot
SECOM_1420,test,2008-10-08,calendar_date_NOT_lot
SECOM_1421,test,2008-10-08,calendar_date_NOT_lot
SECOM_1422,test,2008-10-08,calendar_date_NOT_lot
SECOM_1423,test,2008-10-08,calendar_date_NOT_lot
SECOM_1424,test,2008-10-08,calendar_date_NOT_lot
SECOM_1425,test,2008-10-08,calendar_date_NOT_lot
SECOM_1426,test,2008-10-08,calendar_date_NOT_lot
SECOM_1427,test,2008-10-08,calendar_date_NOT_lot
SECOM_1428,test,2008-10-08,calendar_date_NOT_lot
SECOM_1429,test,2008-10-08,calendar_date_NOT_lot
SECOM_1430,test,2008-10-08,calendar_date_NOT_lot
SECOM_1431,test,2008-10-08,calendar_date_NOT_lot
SECOM_1432,test,2008-10-08,calendar_date_NOT_lot
SECOM_1433,test,2008-10-08,calendar_date_NOT_lot
SECOM_1434,test,2008-10-08,calendar_date_NOT_lot
SECOM_1435,test,2008-10-08,calendar_date_NOT_lot
SECOM_1436,test,2008-10-08,calendar_date_NOT_lot
SECOM_1437,test,2008-10-09,calendar_date_NOT_lot
SECOM_1438,test,2008-10-09,calendar_date_NOT_lot
SECOM_1439,test,2008-10-09,calendar_date_NOT_lot
SECOM_1440,test,2008-10-09,calendar_date_NOT_lot
SECOM_1441,test,2008-10-09,calendar_date_NOT_lot
SECOM_1442,test,2008-10-09,calendar_date_NOT_lot
SECOM_1443,test,2008-10-09,calendar_date_NOT_lot
SECOM_1444,test,2008-10-09,calendar_date_NOT_lot
SECOM_1445,test,2008-10-10,calendar_date_NOT_lot
SECOM_1446,test,2008-10-10,calendar_date_NOT_lot
SECOM_1447,test,2008-10-10,calendar_date_NOT_lot
SECOM_1448,test,2008-10-10,calendar_date_NOT_lot
SECOM_1449,test,2008-10-10,calendar_date_NOT_lot
SECOM_1450,test,2008-10-10,calendar_date_NOT_lot
SECOM_1451,test,2008-10-10,calendar_date_NOT_lot
SECOM_1452,test,2008-10-10,calendar_date_NOT_lot
SECOM_1453,test,2008-10-10,calendar_date_NOT_lot
SECOM_1454,test,2008-10-10,calendar_date_NOT_lot
SECOM_1455,test,2008-10-11,calendar_date_NOT_lot
SECOM_1456,test,2008-10-11,calendar_date_NOT_lot
SECOM_1457,test,2008-10-11,calendar_date_NOT_lot
SECOM_1458,test,2008-10-11,calendar_date_NOT_lot
SECOM_1459,test,2008-10-11,calendar_date_NOT_lot
SECOM_1460,test,2008-10-11,calendar_date_NOT_lot
SECOM_1461,test,2008-10-11,calendar_date_NOT_lot
SECOM_1462,test,2008-10-11,calendar_date_NOT_lot
SECOM_1463,test,2008-10-11,calendar_date_NOT_lot
SECOM_1464,test,2008-10-11,calendar_date_NOT_lot
SECOM_1465,test,2008-10-11,calendar_date_NOT_lot
SECOM_1466,test,2008-10-12,calendar_date_NOT_lot
SECOM_1467,test,2008-10-12,calendar_date_NOT_lot
SECOM_1468,test,2008-10-12,calendar_date_NOT_lot
SECOM_1469,test,2008-10-12,calendar_date_NOT_lot
SECOM_1470,test,2008-10-12,calendar_date_NOT_lot
SECOM_1471,test,2008-10-12,calendar_date_NOT_lot
SECOM_1472,test,2008-10-12,calendar_date_NOT_lot
SECOM_1473,test,2008-10-13,calendar_date_NOT_lot
SECOM_1474,test,2008-10-13,calendar_date_NOT_lot
SECOM_1475,test,2008-10-13,calendar_date_NOT_lot
SECOM_1476,test,2008-10-13,calendar_date_NOT_lot
SECOM_1477,test,2008-10-13,calendar_date_NOT_lot
SECOM_1478,test,2008-10-13,calendar_date_NOT_lot
SECOM_1479,test,2008-10-13,calendar_date_NOT_lot
SECOM_1480,test,2008-10-13,calendar_date_NOT_lot
SECOM_1481,test,2008-10-13,calendar_date_NOT_lot
SECOM_1482,test,2008-10-13,calendar_date_NOT_lot
SECOM_1483,test,2008-10-13,calendar_date_NOT_lot
SECOM_1484,test,2008-10-13,calendar_date_NOT_lot
SECOM_1485,test,2008-10-13,calendar_date_NOT_lot
SECOM_1486,test,2008-10-13,calendar_date_NOT_lot
SECOM_1487,test,2008-10-13,calendar_date_NOT_lot
SECOM_1488,test,2008-10-13,calendar_date_NOT_lot
SECOM_1489,test,2008-10-13,calendar_date_NOT_lot
SECOM_1490,test,2008-10-13,calendar_date_NOT_lot
SECOM_1491,test,2008-10-13,calendar_date_NOT_lot
SECOM_1492,test,2008-10-13,calendar_date_NOT_lot
SECOM_1493,test,2008-10-13,calendar_date_NOT_lot
SECOM_1494,test,2008-10-13,calendar_date_NOT_lot
SECOM_1495,test,2008-10-14,calendar_date_NOT_lot
SECOM_1496,test,2008-10-14,calendar_date_NOT_lot
SECOM_1497,test,2008-10-14,calendar_date_NOT_lot
SECOM_1498,test,2008-10-14,calendar_date_NOT_lot
SECOM_1499,test,2008-10-14,calendar_date_NOT_lot
SECOM_1500,test,2008-10-14,calendar_date_NOT_lot
SECOM_1501,test,2008-10-14,calendar_date_NOT_lot
SECOM_1502,test,2008-10-14,calendar_date_NOT_lot
SECOM_1503,test,2008-10-14,calendar_date_NOT_lot
SECOM_1504,test,2008-10-14,calendar_date_NOT_lot
SECOM_1505,test,2008-10-14,calendar_date_NOT_lot
SECOM_1506,test,2008-10-14,calendar_date_NOT_lot
SECOM_1507,test,2008-10-14,calendar_date_NOT_lot
SECOM_1508,test,2008-10-14,calendar_date_NOT_lot
SECOM_1509,test,2008-10-14,calendar_date_NOT_lot
SECOM_1510,test,2008-10-14,calendar_date_NOT_lot
SECOM_1511,test,2008-10-15,calendar_date_NOT_lot
SECOM_1512,test,2008-10-15,calendar_date_NOT_lot
SECOM_1513,test,2008-10-15,calendar_date_NOT_lot
SECOM_1514,test,2008-10-15,calendar_date_NOT_lot
SECOM_1515,test,2008-10-15,calendar_date_NOT_lot
SECOM_1516,test,2008-10-15,calendar_date_NOT_lot
SECOM_1517,test,2008-10-15,calendar_date_NOT_lot
SECOM_1518,test,2008-10-15,calendar_date_NOT_lot
SECOM_1519,test,2008-10-15,calendar_date_NOT_lot
SECOM_1520,test,2008-10-15,calendar_date_NOT_lot
SECOM_1521,test,2008-10-15,calendar_date_NOT_lot
SECOM_1522,test,2008-10-15,calendar_date_NOT_lot
SECOM_1523,test,2008-10-15,calendar_date_NOT_lot
SECOM_1524,test,2008-10-15,calendar_date_NOT_lot
SECOM_1525,test,2008-10-15,calendar_date_NOT_lot
SECOM_1526,test,2008-10-15,calendar_date_NOT_lot
SECOM_1527,test,2008-10-15,calendar_date_NOT_lot
SECOM_1528,test,2008-10-15,calendar_date_NOT_lot
SECOM_1529,test,2008-10-15,calendar_date_NOT_lot
SECOM_1530,test,2008-10-15,calendar_date_NOT_lot
SECOM_1531,test,2008-10-15,calendar_date_NOT_lot
SECOM_1532,test,2008-10-15,calendar_date_NOT_lot
SECOM_1533,test,2008-10-15,calendar_date_NOT_lot
SECOM_1534,test,2008-10-15,calendar_date_NOT_lot
SECOM_1535,test,2008-10-15,calendar_date_NOT_lot
SECOM_1536,test,2008-10-15,calendar_date_NOT_lot
SECOM_1537,test,2008-10-15,calendar_date_NOT_lot
SECOM_1538,test,2008-10-15,calendar_date_NOT_lot
SECOM_1539,test,2008-10-15,calendar_date_NOT_lot
SECOM_1540,test,2008-10-15,calendar_date_NOT_lot
SECOM_1541,test,2008-10-15,calendar_date_NOT_lot
SECOM_1542,test,2008-10-15,calendar_date_NOT_lot
SECOM_1543,test,2008-10-15,calendar_date_NOT_lot
SECOM_1544,test,2008-10-15,calendar_date_NOT_lot
SECOM_1545,test,2008-10-16,calendar_date_NOT_lot
SECOM_1546,test,2008-10-16,calendar_date_NOT_lot
SECOM_1547,test,2008-10-16,calendar_date_NOT_lot
SECOM_1548,test,2008-10-16,calendar_date_NOT_lot
SECOM_1549,test,2008-10-16,calendar_date_NOT_lot
SECOM_1550,test,2008-10-16,calendar_date_NOT_lot
SECOM_1551,test,2008-10-16,calendar_date_NOT_lot
SECOM_1552,test,2008-10-16,calendar_date_NOT_lot
SECOM_1553,test,2008-10-16,calendar_date_NOT_lot
SECOM_1554,test,2008-10-16,calendar_date_NOT_lot
SECOM_1555,test,2008-10-16,calendar_date_NOT_lot
SECOM_1556,test,2008-10-16,calendar_date_NOT_lot
SECOM_1557,test,2008-10-16,calendar_date_NOT_lot
SECOM_1558,test,2008-10-16,calendar_date_NOT_lot
SECOM_1559,test,2008-10-16,calendar_date_NOT_lot
SECOM_1560,test,2008-10-16,calendar_date_NOT_lot
SECOM_1561,test,2008-10-16,calendar_date_NOT_lot
SECOM_1562,test,2008-10-16,calendar_date_NOT_lot
SECOM_1563,test,2008-10-16,calendar_date_NOT_lot
SECOM_1564,test,2008-10-17,calendar_date_NOT_lot
SECOM_1565,test,2008-10-17,calendar_date_NOT_lot
SECOM_1566,test,2008-10-17,calendar_date_NOT_lot
