device_id,original_label,is_fail,timestamp
SECOM_0000,-1,0,2008-07-19 11:55:00
SECOM_0001,-1,0,2008-07-19 12:32:00
SECOM_0002,1,1,2008-07-19 13:17:00
SECOM_0003,-1,0,2008-07-19 14:43:00
SECOM_0004,-1,0,2008-07-19 15:22:00
SECOM_0005,-1,0,2008-07-19 17:53:00
SECOM_0006,-1,0,2008-07-19 19:44:00
SECOM_0007,-1,0,2008-07-19 19:45:00
SECOM_0008,-1,0,2008-07-19 20:24:00
SECOM_0009,-1,0,2008-07-19 21:35:00
SECOM_0010,1,1,2008-07-19 21:57:00
SECOM_0011,1,1,2008-07-19 22:52:00
SECOM_0012,-1,0,2008-07-20 03:35:00
SECOM_0013,-1,0,2008-07-21 08:21:00
SECOM_0014,1,1,2008-07-21 11:53:00
SECOM_0015,-1,0,2008-07-22 00:03:00
SECOM_0016,-1,0,2008-07-22 02:59:00
SECOM_0017,-1,0,2008-07-22 08:41:00
SECOM_0018,-1,0,2008-07-22 11:47:00
SECOM_0019,-1,0,2008-07-22 14:00:00
SECOM_0020,-1,0,2008-07-22 15:30:00
SECOM_0021,-1,0,2008-07-23 05:15:00
SECOM_0022,-1,0,2008-07-23 19:22:00
SECOM_0023,1,1,2008-07-25 15:23:00
SECOM_0024,-1,0,2008-07-27 04:18:00
SECOM_0025,-1,0,2008-07-27 09:37:00
SECOM_0026,-1,0,2008-07-27 11:10:00
SECOM_0027,-1,0,2008-07-27 15:46:00
SECOM_0028,-1,0,2008-07-27 16:06:00
SECOM_0029,-1,0,2008-07-27 16:49:00
SECOM_0030,-1,0,2008-07-27 20:24:00
SECOM_0031,-1,0,2008-07-27 22:28:00
SECOM_0032,-1,0,2008-07-27 22:28:00
SECOM_0033,-1,0,2008-07-27 23:14:00
SECOM_0034,-1,0,2008-07-28 03:31:00
SECOM_0035,-1,0,2008-07-28 03:48:00
SECOM_0036,-1,0,2008-07-28 04:37:00
SECOM_0037,-1,0,2008-07-28 05:36:00
SECOM_0038,1,1,2008-07-28 06:45:00
SECOM_0039,-1,0,2008-07-28 08:36:00
SECOM_0040,1,1,2008-07-28 15:11:00
SECOM_0041,-1,0,2008-07-28 23:57:00
SECOM_0042,-1,0,2008-07-29 04:08:00
SECOM_0043,-1,0,2008-07-29 05:16:00
SECOM_0044,-1,0,2008-07-29 06:19:00
SECOM_0045,1,1,2008-07-29 08:23:00
SECOM_0046,-1,0,2008-07-29 11:47:00
SECOM_0047,-1,0,2008-07-29 15:41:00
SECOM_0048,1,1,2008-07-29 15:49:00
SECOM_0049,1,1,2008-07-29 17:05:00
SECOM_0050,1,1,2008-07-29 18:08:00
SECOM_0051,-1,0,2008-07-29 21:07:00
SECOM_0052,-1,0,2008-07-29 23:14:00
SECOM_0053,-1,0,2008-07-29 23:19:00
SECOM_0054,-1,0,2008-07-30 06:30:00
SECOM_0055,-1,0,2008-07-30 07:08:00
SECOM_0056,-1,0,2008-07-30 12:02:00
SECOM_0057,1,1,2008-07-30 12:29:00
SECOM_0058,1,1,2008-07-30 21:16:00
SECOM_0059,-1,0,2008-07-31 13:57:00
SECOM_0060,-1,0,2008-07-31 15:36:00
SECOM_0061,-1,0,2008-07-31 17:07:00
SECOM_0062,1,1,2008-07-31 20:18:00
SECOM_0063,-1,0,2008-08-01 02:02:00
SECOM_0064,1,1,2008-08-01 05:52:00
SECOM_0065,-1,0,2008-08-01 10:20:00
SECOM_0066,-1,0,2008-08-01 10:26:00
SECOM_0067,-1,0,2008-08-01 11:28:00
SECOM_0068,-1,0,2008-08-01 12:29:00
SECOM_0069,-1,0,2008-08-01 14:07:00
SECOM_0070,-1,0,2008-08-01 15:10:00
SECOM_0071,-1,0,2008-08-02 03:39:00
SECOM_0072,-1,0,2008-08-03 13:09:00
SECOM_0073,-1,0,2008-08-03 14:06:00
SECOM_0074,-1,0,2008-08-03 14:25:00
SECOM_0075,-1,0,2008-08-03 15:03:00
SECOM_0076,-1,0,2008-08-03 15:27:00
SECOM_0077,-1,0,2008-08-03 16:00:00
SECOM_0078,-1,0,2008-08-03 17:00:00
SECOM_0079,-1,0,2008-08-03 17:58:00
SECOM_0080,-1,0,2008-08-03 20:23:00
SECOM_0081,-1,0,2008-08-03 22:52:00
SECOM_0082,1,1,2008-08-04 00:39:00
SECOM_0083,-1,0,2008-08-04 03:45:00
SECOM_0084,-1,0,2008-08-04 03:49:00
SECOM_0085,-1,0,2008-08-04 13:19:00
SECOM_0086,-1,0,2008-08-04 14:04:00
SECOM_0087,-1,0,2008-08-04 14:31:00
SECOM_0088,-1,0,2008-08-04 15:29:00
SECOM_0089,-1,0,2008-08-04 16:15:00
SECOM_0090,-1,0,2008-08-04 16:31:00
SECOM_0091,-1,0,2008-08-04 17:11:00
SECOM_0092,-1,0,2008-08-04 17:46:00
SECOM_0093,-1,0,2008-08-04 18:24:00
SECOM_0094,-1,0,2008-08-04 19:58:00
SECOM_0095,-1,0,2008-08-04 20:32:00
SECOM_0096,1,1,2008-08-04 20:58:00
SECOM_0097,-1,0,2008-08-04 21:43:00
SECOM_0098,-1,0,2008-08-04 22:51:00
SECOM_0099,-1,0,2008-08-04 23:33:00
SECOM_0100,-1,0,2008-08-05 00:04:00
SECOM_0101,-1,0,2008-08-05 01:12:00
SECOM_0102,-1,0,2008-08-05 02:15:00
SECOM_0103,-1,0,2008-08-05 02:36:00
SECOM_0104,-1,0,2008-08-05 02:45:00
SECOM_0105,-1,0,2008-08-05 03:17:00
SECOM_0106,-1,0,2008-08-05 03:36:00
SECOM_0107,-1,0,2008-08-05 03:54:00
SECOM_0108,-1,0,2008-08-05 04:32:00
SECOM_0109,-1,0,2008-08-05 04:35:00
SECOM_0110,-1,0,2008-08-05 05:11:00
SECOM_0111,-1,0,2008-08-05 06:10:00
SECOM_0112,-1,0,2008-08-05 06:11:00
SECOM_0113,-1,0,2008-08-05 06:21:00
SECOM_0114,-1,0,2008-08-05 07:12:00
SECOM_0115,1,1,2008-08-05 07:12:00
SECOM_0116,-1,0,2008-08-05 07:48:00
SECOM_0117,-1,0,2008-08-05 08:50:00
SECOM_0118,-1,0,2008-08-05 09:48:00
SECOM_0119,-1,0,2008-08-05 14:17:00
SECOM_0120,-1,0,2008-08-05 14:45:00
SECOM_0121,-1,0,2008-08-05 15:45:00
SECOM_0122,-1,0,2008-08-05 20:04:00
SECOM_0123,-1,0,2008-08-05 21:07:00
SECOM_0124,-1,0,2008-08-05 21:22:00
SECOM_0125,-1,0,2008-08-05 23:02:00
SECOM_0126,-1,0,2008-08-05 23:06:00
SECOM_0127,-1,0,2008-08-05 23:38:00
SECOM_0128,-1,0,2008-08-06 00:04:00
SECOM_0129,-1,0,2008-08-06 02:20:00
SECOM_0130,-1,0,2008-08-06 03:22:00
SECOM_0131,1,1,2008-08-06 05:40:00
SECOM_0132,-1,0,2008-08-06 09:56:00
SECOM_0133,-1,0,2008-08-06 09:57:00
SECOM_0134,-1,0,2008-08-06 12:33:00
SECOM_0135,-1,0,2008-08-06 13:35:00
SECOM_0136,-1,0,2008-08-06 17:35:00
SECOM_0137,-1,0,2008-08-06 18:00:00
SECOM_0138,-1,0,2008-08-06 18:34:00
SECOM_0139,-1,0,2008-08-06 19:13:00
SECOM_0140,-1,0,2008-08-06 19:24:00
SECOM_0141,-1,0,2008-08-06 20:00:00
SECOM_0142,-1,0,2008-08-06 20:17:00
SECOM_0143,-1,0,2008-08-06 21:15:00
SECOM_0144,-1,0,2008-08-06 22:27:00
SECOM_0145,-1,0,2008-08-06 23:40:00
SECOM_0146,-1,0,2008-08-06 23:45:00
SECOM_0147,-1,0,2008-08-07 00:51:00
SECOM_0148,-1,0,2008-08-07 07:30:00
SECOM_0149,-1,0,2008-08-07 08:21:00
SECOM_0150,-1,0,2008-08-07 08:45:00
SECOM_0151,-1,0,2008-08-07 08:55:00
SECOM_0152,-1,0,2008-08-07 10:12:00
SECOM_0153,-1,0,2008-08-07 11:10:00
SECOM_0154,1,1,2008-08-07 11:40:00
SECOM_0155,-1,0,2008-08-08 04:55:00
SECOM_0156,-1,0,2008-08-08 07:26:00
SECOM_0157,1,1,2008-08-08 08:44:00
SECOM_0158,1,1,2008-08-08 12:37:00
SECOM_0159,-1,0,2008-08-08 20:21:00
SECOM_0160,-1,0,2008-08-08 21:22:00
SECOM_0161,-1,0,2008-08-08 21:53:00
SECOM_0162,-1,0,2008-08-08 22:06:00
SECOM_0163,-1,0,2008-08-08 22:25:00
SECOM_0164,-1,0,2008-08-09 02:15:00
SECOM_0165,-1,0,2008-08-09 02:37:00
SECOM_0166,-1,0,2008-08-09 06:05:00
SECOM_0167,1,1,2008-08-09 09:16:00
SECOM_0168,-1,0,2008-08-09 09:22:00
SECOM_0169,1,1,2008-08-09 11:42:00
SECOM_0170,-1,0,2008-08-09 17:34:00
SECOM_0171,-1,0,2008-08-09 19:03:00
SECOM_0172,-1,0,2008-08-09 20:04:00
SECOM_0173,-1,0,2008-08-09 21:07:00
SECOM_0174,-1,0,2008-08-09 22:15:00
SECOM_0175,-1,0,2008-08-09 22:37:00
SECOM_0176,-1,0,2008-08-09 23:17:00
SECOM_0177,-1,0,2008-08-09 23:34:00
SECOM_0178,-1,0,2008-08-10 00:09:00
SECOM_0179,-1,0,2008-08-10 00:46:00
SECOM_0180,1,1,2008-08-10 06:00:00
SECOM_0181,-1,0,2008-08-10 06:41:00
SECOM_0182,1,1,2008-08-10 07:01:00
SECOM_0183,-1,0,2008-08-10 11:16:00
SECOM_0184,-1,0,2008-08-10 11:49:00
SECOM_0185,-1,0,2008-08-10 12:22:00
SECOM_0186,1,1,2008-08-10 15:59:00
SECOM_0187,-1,0,2008-08-10 19:07:00
SECOM_0188,1,1,2008-08-10 20:07:00
SECOM_0189,1,1,2008-08-10 22:26:00
SECOM_0190,-1,0,2008-08-11 03:06:00
SECOM_0191,-1,0,2008-08-11 04:09:00
SECOM_0192,-1,0,2008-08-11 05:15:00
SECOM_0193,-1,0,2008-08-11 11:35:00
SECOM_0194,-1,0,2008-08-11 12:38:00
SECOM_0195,-1,0,2008-08-12 04:23:00
SECOM_0196,-1,0,2008-08-12 06:16:00
SECOM_0197,-1,0,2008-08-12 10:54:00
SECOM_0198,-1,0,2008-08-12 11:29:00
SECOM_0199,-1,0,2008-08-12 12:04:00
SECOM_0200,-1,0,2008-08-13 02:48:00
SECOM_0201,-1,0,2008-08-15 03:26:00
SECOM_0202,-1,0,2008-08-15 04:14:00
SECOM_0203,-1,0,2008-08-15 05:13:00
SECOM_0204,-1,0,2008-08-15 09:38:00
SECOM_0205,-1,0,2008-08-15 10:14:00
SECOM_0206,-1,0,2008-08-15 11:42:00
SECOM_0207,-1,0,2008-08-15 18:19:00
SECOM_0208,-1,0,2008-08-15 19:19:00
SECOM_0209,-1,0,2008-08-15 20:00:00
SECOM_0210,-1,0,2008-08-15 20:03:00
SECOM_0211,-1,0,2008-08-15 23:31:00
SECOM_0212,-1,0,2008-08-16 02:21:00
SECOM_0213,-1,0,2008-08-16 05:47:00
SECOM_0214,-1,0,2008-08-16 06:52:00
SECOM_0215,-1,0,2008-08-16 07:33:00
SECOM_0216,-1,0,2008-08-16 08:39:00
SECOM_0217,-1,0,2008-08-16 08:41:00
SECOM_0218,1,1,2008-08-16 09:44:00
SECOM_0219,-1,0,2008-08-16 13:51:00
SECOM_0220,-1,0,2008-08-16 14:30:00
SECOM_0221,-1,0,2008-08-16 15:16:00
SECOM_0222,1,1,2008-08-16 15:19:00
SECOM_0223,-1,0,2008-08-16 23:48:00
SECOM_0224,-1,0,2008-08-17 00:52:00
SECOM_0225,-1,0,2008-08-17 01:53:00
SECOM_0226,-1,0,2008-08-17 03:17:00
SECOM_0227,-1,0,2008-08-17 03:18:00
SECOM_0228,-1,0,2008-08-17 03:46:00
SECOM_0229,-1,0,2008-08-17 04:19:00
SECOM_0230,-1,0,2008-08-17 05:21:00
SECOM_0231,1,1,2008-08-17 12:16:00
SECOM_0232,-1,0,2008-08-17 13:34:00
SECOM_0233,-1,0,2008-08-17 14:21:00
SECOM_0234,-1,0,2008-08-17 15:25:00
SECOM_0235,1,1,2008-08-17 21:26:00
SECOM_0236,1,1,2008-08-17 22:03:00
SECOM_0237,-1,0,2008-08-17 22:21:00
SECOM_0238,1,1,2008-08-17 23:04:00
SECOM_0239,-1,0,2008-08-17 23:20:00
SECOM_0240,1,1,2008-08-17 23:55:00
SECOM_0241,1,1,2008-08-18 00:02:00
SECOM_0242,-1,0,2008-08-18 00:20:00
SECOM_0243,1,1,2008-08-18 01:23:00
SECOM_0244,1,1,2008-08-18 04:01:00
SECOM_0245,-1,0,2008-08-18 04:12:00
SECOM_0246,-1,0,2008-08-18 04:35:00
SECOM_0247,-1,0,2008-08-18 05:03:00
SECOM_0248,-1,0,2008-08-18 05:25:00
SECOM_0249,-1,0,2008-08-18 06:07:00
SECOM_0250,-1,0,2008-08-18 06:11:00
SECOM_0251,-1,0,2008-08-18 06:26:00
SECOM_0252,-1,0,2008-08-18 07:11:00
SECOM_0253,-1,0,2008-08-18 07:23:00
SECOM_0254,-1,0,2008-08-18 07:29:00
SECOM_0255,-1,0,2008-08-18 08:18:00
SECOM_0256,-1,0,2008-08-18 08:31:00
SECOM_0257,-1,0,2008-08-18 10:13:00
SECOM_0258,-1,0,2008-08-18 11:04:00
SECOM_0259,-1,0,2008-08-18 12:00:00
SECOM_0260,-1,0,2008-08-18 12:06:00
SECOM_0261,-1,0,2008-08-18 12:22:00
SECOM_0262,-1,0,2008-08-18 12:49:00
SECOM_0263,-1,0,2008-08-18 13:07:00
SECOM_0264,-1,0,2008-08-18 14:01:00
SECOM_0265,-1,0,2008-08-18 14:04:00
SECOM_0266,-1,0,2008-08-18 14:45:00
SECOM_0267,-1,0,2008-08-18 15:00:00
SECOM_0268,-1,0,2008-08-18 15:26:00
SECOM_0269,-1,0,2008-08-18 15:30:00
SECOM_0270,-1,0,2008-08-18 15:33:00
SECOM_0271,-1,0,2008-08-18 15:41:00
SECOM_0272,-1,0,2008-08-18 16:19:00
SECOM_0273,1,1,2008-08-18 17:13:00
SECOM_0274,-1,0,2008-08-18 17:16:00
SECOM_0275,-1,0,2008-08-18 17:37:00
SECOM_0276,-1,0,2008-08-18 19:24:00
SECOM_0277,1,1,2008-08-18 19:54:00
SECOM_0278,-1,0,2008-08-18 23:00:00
SECOM_0279,-1,0,2008-08-18 23:03:00
SECOM_0280,-1,0,2008-08-18 23:47:00
SECOM_0281,-1,0,2008-08-19 01:10:00
SECOM_0282,1,1,2008-08-19 03:59:00
SECOM_0283,-1,0,2008-08-19 04:58:00
SECOM_0284,-1,0,2008-08-19 05:09:00
SECOM_0285,-1,0,2008-08-19 05:11:00
SECOM_0286,-1,0,2008-08-19 05:11:00
SECOM_0287,-1,0,2008-08-19 05:40:00
SECOM_0288,-1,0,2008-08-19 05:41:00
SECOM_0289,-1,0,2008-08-19 05:53:00
SECOM_0290,-1,0,2008-08-19 05:54:00
SECOM_0291,1,1,2008-08-19 05:56:00
SECOM_0292,-1,0,2008-08-19 06:24:00
SECOM_0293,-1,0,2008-08-19 07:43:00
SECOM_0294,1,1,2008-08-19 07:58:00
SECOM_0295,-1,0,2008-08-19 08:01:00
SECOM_0296,-1,0,2008-08-19 08:07:00
SECOM_0297,-1,0,2008-08-19 08:33:00
SECOM_0298,-1,0,2008-08-19 09:04:00
SECOM_0299,-1,0,2008-08-19 09:05:00
SECOM_0300,-1,0,2008-08-19 10:46:00
SECOM_0301,-1,0,2008-08-19 11:11:00
SECOM_0302,-1,0,2008-08-19 11:13:00
SECOM_0303,-1,0,2008-08-19 11:13:00
SECOM_0304,-1,0,2008-08-19 11:28:00
SECOM_0305,-1,0,2008-08-19 11:44:00
SECOM_0306,-1,0,2008-08-19 11:46:00
SECOM_0307,-1,0,2008-08-19 11:57:00
SECOM_0308,-1,0,2008-08-19 11:58:00
SECOM_0309,-1,0,2008-08-19 12:30:00
SECOM_0310,-1,0,2008-08-19 15:33:00
SECOM_0311,-1,0,2008-08-19 18:12:00
SECOM_0312,-1,0,2008-08-19 18:12:00
SECOM_0313,-1,0,2008-08-19 18:30:00
SECOM_0314,-1,0,2008-08-19 18:30:00
SECOM_0315,-1,0,2008-08-19 19:38:00
SECOM_0316,-1,0,2008-08-19 20:53:00
SECOM_0317,-1,0,2008-08-20 00:05:00
SECOM_0318,-1,0,2008-08-20 01:33:00
SECOM_0319,-1,0,2008-08-20 01:42:00
SECOM_0320,-1,0,2008-08-20 02:13:00
SECOM_0321,1,1,2008-08-20 02:27:00
SECOM_0322,-1,0,2008-08-20 03:00:00
SECOM_0323,1,1,2008-08-20 03:12:00
SECOM_0324,-1,0,2008-08-20 06:36:00
SECOM_0325,-1,0,2008-08-20 07:12:00
SECOM_0326,1,1,2008-08-20 08:40:00
SECOM_0327,1,1,2008-08-20 09:17:00
SECOM_0328,-1,0,2008-08-20 10:26:00
SECOM_0329,-1,0,2008-08-20 16:08:00
SECOM_0330,-1,0,2008-08-20 16:16:00
SECOM_0331,-1,0,2008-08-20 17:09:00
SECOM_0332,-1,0,2008-08-20 17:35:00
SECOM_0333,-1,0,2008-08-20 17:36:00
SECOM_0334,-1,0,2008-08-20 18:29:00
SECOM_0335,-1,0,2008-08-20 18:35:00
SECOM_0336,1,1,2008-08-20 19:20:00
SECOM_0337,-1,0,2008-08-20 20:19:00
SECOM_0338,-1,0,2008-08-20 21:33:00
SECOM_0339,-1,0,2008-08-20 21:41:00
SECOM_0340,-1,0,2008-08-20 21:58:00
SECOM_0341,-1,0,2008-08-20 22:13:00
SECOM_0342,-1,0,2008-08-20 22:45:00
SECOM_0343,-1,0,2008-08-20 23:18:00
SECOM_0344,1,1,2008-08-20 23:43:00
SECOM_0345,-1,0,2008-08-21 02:11:00
SECOM_0346,-1,0,2008-08-21 02:46:00
SECOM_0347,-1,0,2008-08-21 04:22:00
SECOM_0348,-1,0,2008-08-21 04:29:00
SECOM_0349,-1,0,2008-08-21 05:06:00
SECOM_0350,-1,0,2008-08-21 05:15:00
SECOM_0351,1,1,2008-08-21 06:10:00
SECOM_0352,-1,0,2008-08-21 11:22:00
SECOM_0353,-1,0,2008-08-21 12:00:00
SECOM_0354,-1,0,2008-08-21 12:31:00
SECOM_0355,-1,0,2008-08-21 12:33:00
SECOM_0356,-1,0,2008-08-21 12:43:00
SECOM_0357,-1,0,2008-08-21 12:52:00
SECOM_0358,-1,0,2008-08-21 13:11:00
SECOM_0359,-1,0,2008-08-21 13:19:00
SECOM_0360,-1,0,2008-08-21 13:29:00
SECOM_0361,-1,0,2008-08-21 13:45:00
SECOM_0362,-1,0,2008-08-21 14:47:00
SECOM_0363,-1,0,2008-08-21 15:05:00
SECOM_0364,-1,0,2008-08-21 15:06:00
SECOM_0365,-1,0,2008-08-21 15:32:00
SECOM_0366,-1,0,2008-08-21 15:48:00
SECOM_0367,-1,0,2008-08-21 15:50:00
SECOM_0368,1,1,2008-08-21 16:19:00
SECOM_0369,-1,0,2008-08-21 16:36:00
SECOM_0370,-1,0,2008-08-21 17:25:00
SECOM_0371,-1,0,2008-08-21 17:44:00
SECOM_0372,-1,0,2008-08-21 18:04:00
SECOM_0373,1,1,2008-08-21 18:05:00
SECOM_0374,-1,0,2008-08-21 18:39:00
SECOM_0375,-1,0,2008-08-21 18:53:00
SECOM_0376,-1,0,2008-08-21 19:12:00
SECOM_0377,-1,0,2008-08-21 19:12:00
SECOM_0378,-1,0,2008-08-21 19:46:00
SECOM_0379,-1,0,2008-08-21 20:19:00
SECOM_0380,-1,0,2008-08-21 20:21:00
SECOM_0381,-1,0,2008-08-21 20:37:00
SECOM_0382,-1,0,2008-08-21 21:32:00
SECOM_0383,-1,0,2008-08-21 22:25:00
SECOM_0384,-1,0,2008-08-21 22:41:00
SECOM_0385,-1,0,2008-08-21 23:08:00
SECOM_0386,-1,0,2008-08-21 23:27:00
SECOM_0387,-1,0,2008-08-21 23:53:00
SECOM_0388,-1,0,2008-08-21 23:57:00
SECOM_0389,-1,0,2008-08-22 00:43:00
SECOM_0390,-1,0,2008-08-22 00:44:00
SECOM_0391,-1,0,2008-08-22 00:47:00
SECOM_0392,1,1,2008-08-22 01:04:00
SECOM_0393,-1,0,2008-08-22 01:26:00
SECOM_0394,-1,0,2008-08-22 01:27:00
SECOM_0395,-1,0,2008-08-22 01:54:00
SECOM_0396,-1,0,2008-08-22 02:01:00
SECOM_0397,-1,0,2008-08-22 02:25:00
SECOM_0398,-1,0,2008-08-22 02:52:00
SECOM_0399,-1,0,2008-08-22 03:18:00
SECOM_0400,-1,0,2008-08-22 03:58:00
SECOM_0401,-1,0,2008-08-22 04:40:00
SECOM_0402,-1,0,2008-08-22 04:57:00
SECOM_0403,-1,0,2008-08-22 05:21:00
SECOM_0404,-1,0,2008-08-22 05:31:00
SECOM_0405,-1,0,2008-08-22 05:32:00
SECOM_0406,1,1,2008-08-22 06:00:00
SECOM_0407,-1,0,2008-08-22 07:04:00
SECOM_0408,-1,0,2008-08-22 07:17:00
SECOM_0409,-1,0,2008-08-22 07:27:00
SECOM_0410,-1,0,2008-08-22 09:29:00
SECOM_0411,-1,0,2008-08-22 09:29:00
SECOM_0412,-1,0,2008-08-22 10:01:00
SECOM_0413,-1,0,2008-08-22 10:18:00
SECOM_0414,-1,0,2008-08-22 10:47:00
SECOM_0415,-1,0,2008-08-22 11:32:00
SECOM_0416,-1,0,2008-08-22 12:13:00
SECOM_0417,-1,0,2008-08-22 12:37:00
SECOM_0418,-1,0,2008-08-22 12:42:00
SECOM_0419,-1,0,2008-08-22 13:22:00
SECOM_0420,-1,0,2008-08-22 14:45:00
SECOM_0421,-1,0,2008-08-22 15:25:00
SECOM_0422,-1,0,2008-08-22 15:39:00
SECOM_0423,-1,0,2008-08-22 15:54:00
SECOM_0424,1,1,2008-08-22 19:14:00
SECOM_0425,-1,0,2008-08-22 23:46:00
SECOM_0426,-1,0,2008-08-22 23:47:00
SECOM_0427,-1,0,2008-08-22 23:49:00
SECOM_0428,-1,0,2008-08-22 23:56:00
SECOM_0429,-1,0,2008-08-23 02:04:00
SECOM_0430,-1,0,2008-08-23 03:26:00
SECOM_0431,-1,0,2008-08-23 04:50:00
SECOM_0432,-1,0,2008-08-23 04:52:00
SECOM_0433,-1,0,2008-08-23 05:57:00
SECOM_0434,-1,0,2008-08-23 05:57:00
SECOM_0435,-1,0,2008-08-23 05:58:00
SECOM_0436,-1,0,2008-08-23 05:58:00
SECOM_0437,-1,0,2008-08-23 09:24:00
SECOM_0438,-1,0,2008-08-23 12:58:00
SECOM_0439,-1,0,2008-08-23 13:02:00
SECOM_0440,-1,0,2008-08-23 15:10:00
SECOM_0441,1,1,2008-08-23 15:29:00
SECOM_0442,-1,0,2008-08-24 02:32:00
SECOM_0443,-1,0,2008-08-24 04:00:00
SECOM_0444,-1,0,2008-08-24 07:12:00
SECOM_0445,-1,0,2008-08-24 07:14:00
SECOM_0446,-1,0,2008-08-24 10:09:00
SECOM_0447,-1,0,2008-08-24 10:14:00
SECOM_0448,1,1,2008-08-24 13:03:00
SECOM_0449,-1,0,2008-08-25 09:29:00
SECOM_0450,-1,0,2008-08-27 00:46:00
SECOM_0451,-1,0,2008-08-27 11:38:00
SECOM_0452,-1,0,2008-08-27 12:22:00
SECOM_0453,-1,0,2008-08-27 13:35:00
SECOM_0454,-1,0,2008-08-27 14:18:00
SECOM_0455,-1,0,2008-08-27 17:14:00
SECOM_0456,-1,0,2008-08-27 22:48:00
SECOM_0457,-1,0,2008-08-27 22:58:00
SECOM_0458,-1,0,2008-08-28 03:03:00
SECOM_0459,-1,0,2008-08-28 03:04:00
SECOM_0460,-1,0,2008-08-28 03:29:00
SECOM_0461,-1,0,2008-08-28 03:38:00
SECOM_0462,-1,0,2008-08-28 03:45:00
SECOM_0463,-1,0,2008-08-28 04:10:00
SECOM_0464,-1,0,2008-08-28 04:20:00
SECOM_0465,-1,0,2008-08-28 04:54:00
SECOM_0466,-1,0,2008-08-28 05:00:00
SECOM_0467,-1,0,2008-08-28 06:15:00
SECOM_0468,-1,0,2008-08-28 06:39:00
SECOM_0469,-1,0,2008-08-28 06:56:00
SECOM_0470,-1,0,2008-08-28 07:40:00
SECOM_0471,-1,0,2008-08-28 07:51:00
SECOM_0472,-1,0,2008-08-28 08:41:00
SECOM_0473,-1,0,2008-08-28 09:46:00
SECOM_0474,-1,0,2008-08-28 09:49:00
SECOM_0475,-1,0,2008-08-28 10:15:00
SECOM_0476,-1,0,2008-08-28 10:28:00
SECOM_0477,-1,0,2008-08-28 10:32:00
SECOM_0478,-1,0,2008-08-28 11:19:00
SECOM_0479,-1,0,2008-08-28 12:44:00
SECOM_0480,-1,0,2008-08-28 14:48:00
SECOM_0481,-1,0,2008-08-28 15:19:00
SECOM_0482,-1,0,2008-08-28 16:01:00
SECOM_0483,-1,0,2008-08-28 16:43:00
SECOM_0484,-1,0,2008-08-28 16:52:00
SECOM_0485,-1,0,2008-08-28 17:21:00
SECOM_0486,-1,0,2008-08-28 17:27:00
SECOM_0487,-1,0,2008-08-28 17:32:00
SECOM_0488,-1,0,2008-08-28 18:05:00
SECOM_0489,-1,0,2008-08-28 18:10:00
SECOM_0490,-1,0,2008-08-28 18:15:00
SECOM_0491,-1,0,2008-08-28 18:25:00
SECOM_0492,-1,0,2008-08-28 18:47:00
SECOM_0493,-1,0,2008-08-28 18:57:00
SECOM_0494,-1,0,2008-08-28 20:20:00
SECOM_0495,1,1,2008-08-28 20:39:00
SECOM_0496,-1,0,2008-08-28 21:03:00
SECOM_0497,-1,0,2008-08-28 21:52:00
SECOM_0498,-1,0,2008-08-28 22:57:00
SECOM_0499,-1,0,2008-08-28 23:40:00
SECOM_0500,-1,0,2008-08-28 23:42:00
SECOM_0501,-1,0,2008-08-29 00:49:00
SECOM_0502,-1,0,2008-08-29 01:06:00
SECOM_0503,-1,0,2008-08-29 02:38:00
SECOM_0504,-1,0,2008-08-29 02:39:00
SECOM_0505,-1,0,2008-08-29 03:27:00
SECOM_0506,-1,0,2008-08-29 03:33:00
SECOM_0507,-1,0,2008-08-29 03:46:00
SECOM_0508,1,1,2008-08-29 04:55:00
SECOM_0509,-1,0,2008-08-29 04:56:00
SECOM_0510,-1,0,2008-08-29 05:16:00
SECOM_0511,-1,0,2008-08-29 05:54:00
SECOM_0512,-1,0,2008-08-29 05:54:00
SECOM_0513,-1,0,2008-08-29 05:57:00
SECOM_0514,-1,0,2008-08-29 05:57:00
SECOM_0515,-1,0,2008-08-29 06:35:00
SECOM_0516,-1,0,2008-08-29 06:37:00
SECOM_0517,-1,0,2008-08-29 06:40:00
SECOM_0518,1,1,2008-08-29 06:45:00
SECOM_0519,-1,0,2008-08-29 06:54:00
SECOM_0520,-1,0,2008-08-29 07:18:00
SECOM_0521,-1,0,2008-08-29 07:22:00
SECOM_0522,-1,0,2008-08-29 07:24:00
SECOM_0523,-1,0,2008-08-29 07:33:00
SECOM_0524,-1,0,2008-08-29 07:33:00
SECOM_0525,-1,0,2008-08-29 08:10:00
SECOM_0526,-1,0,2008-08-29 08:20:00
SECOM_0527,-1,0,2008-08-29 08:41:00
SECOM_0528,-1,0,2008-08-29 08:45:00
SECOM_0529,-1,0,2008-08-29 12:21:00
SECOM_0530,-1,0,2008-08-29 12:22:00
SECOM_0531,-1,0,2008-08-29 12:37:00
SECOM_0532,-1,0,2008-08-29 13:04:00
SECOM_0533,-1,0,2008-08-29 13:14:00
SECOM_0534,-1,0,2008-08-29 13:27:00
SECOM_0535,-1,0,2008-08-29 13:49:00
SECOM_0536,-1,0,2008-08-29 14:11:00
SECOM_0537,-1,0,2008-08-29 14:18:00
SECOM_0538,-1,0,2008-08-29 14:30:00
SECOM_0539,-1,0,2008-08-29 15:01:00
SECOM_0540,-1,0,2008-08-29 15:43:00
SECOM_0541,-1,0,2008-08-29 16:26:00
SECOM_0542,-1,0,2008-08-29 20:21:00
SECOM_0543,-1,0,2008-08-29 20:49:00
SECOM_0544,-1,0,2008-08-29 21:25:00
SECOM_0545,-1,0,2008-08-29 21:46:00
SECOM_0546,-1,0,2008-08-29 21:54:00
SECOM_0547,-1,0,2008-08-29 22:11:00
SECOM_0548,-1,0,2008-08-29 22:45:00
SECOM_0549,-1,0,2008-08-29 22:49:00
SECOM_0550,-1,0,2008-08-29 22:56:00
SECOM_0551,-1,0,2008-08-30 00:01:00
SECOM_0552,-1,0,2008-08-30 00:05:00
SECOM_0553,-1,0,2008-08-30 00:57:00
SECOM_0554,-1,0,2008-08-30 01:29:00
SECOM_0555,-1,0,2008-08-30 02:08:00
SECOM_0556,-1,0,2008-08-30 02:22:00
SECOM_0557,-1,0,2008-08-30 02:32:00
SECOM_0558,-1,0,2008-08-30 02:39:00
SECOM_0559,-1,0,2008-08-30 02:50:00
SECOM_0560,-1,0,2008-08-30 03:10:00
SECOM_0561,-1,0,2008-08-30 04:20:00
SECOM_0562,-1,0,2008-08-30 04:24:00
SECOM_0563,-1,0,2008-08-30 04:55:00
SECOM_0564,-1,0,2008-08-30 05:05:00
SECOM_0565,-1,0,2008-08-30 05:05:00
SECOM_0566,-1,0,2008-08-30 05:38:00
SECOM_0567,-1,0,2008-08-30 05:51:00
SECOM_0568,-1,0,2008-08-30 07:50:00
SECOM_0569,-1,0,2008-08-30 07:54:00
SECOM_0570,-1,0,2008-08-30 08:10:00
SECOM_0571,-1,0,2008-08-30 08:29:00
SECOM_0572,-1,0,2008-08-30 08:42:00
SECOM_0573,-1,0,2008-08-30 08:53:00
SECOM_0574,-1,0,2008-08-30 09:13:00
SECOM_0575,-1,0,2008-08-30 09:37:00
SECOM_0576,1,1,2008-08-30 09:45:00
SECOM_0577,-1,0,2008-08-30 10:15:00
SECOM_0578,-1,0,2008-08-30 10:16:00
SECOM_0579,-1,0,2008-08-30 11:12:00
SECOM_0580,-1,0,2008-08-30 11:14:00
SECOM_0581,-1,0,2008-08-30 11:18:00
SECOM_0582,-1,0,2008-08-30 11:57:00
SECOM_0583,1,1,2008-08-30 14:10:00
SECOM_0584,-1,0,2008-08-30 14:23:00
SECOM_0585,-1,0,2008-08-30 14:37:00
SECOM_0586,-1,0,2008-08-30 15:06:00
SECOM_0587,-1,0,2008-08-30 15:16:00
SECOM_0588,-1,0,2008-08-30 15:37:00
SECOM_0589,-1,0,2008-08-30 15:50:00
SECOM_0590,-1,0,2008-08-30 15:57:00
SECOM_0591,-1,0,2008-08-30 16:24:00
SECOM_0592,-1,0,2008-08-30 17:05:00
SECOM_0593,-1,0,2008-08-30 17:49:00
SECOM_0594,-1,0,2008-08-30 19:21:00
SECOM_0595,-1,0,2008-08-30 19:27:00
SECOM_0596,-1,0,2008-08-30 20:11:00
SECOM_0597,-1,0,2008-08-30 20:53:00
SECOM_0598,-1,0,2008-08-30 21:53:00
SECOM_0599,-1,0,2008-08-30 23:51:00
SECOM_0600,-1,0,2008-08-31 02:57:00
SECOM_0601,1,1,2008-08-31 04:46:00
SECOM_0602,-1,0,2008-08-31 05:05:00
SECOM_0603,-1,0,2008-08-31 09:11:00
SECOM_0604,-1,0,2008-08-31 10:36:00
SECOM_0605,1,1,2008-08-31 10:59:00
SECOM_0606,-1,0,2008-08-31 10:59:00
SECOM_0607,-1,0,2008-08-31 11:03:00
SECOM_0608,-1,0,2008-08-31 15:09:00
SECOM_0609,-1,0,2008-08-31 15:13:00
SECOM_0610,-1,0,2008-08-31 16:32:00
SECOM_0611,-1,0,2008-08-31 20:24:00
SECOM_0612,-1,0,2008-08-31 21:04:00
SECOM_0613,-1,0,2008-08-31 21:46:00
SECOM_0614,-1,0,2008-08-31 21:58:00
SECOM_0615,-1,0,2008-08-31 22:32:00
SECOM_0616,-1,0,2008-08-31 22:48:00
SECOM_0617,-1,0,2008-08-31 22:57:00
SECOM_0618,-1,0,2008-09-01 00:01:00
SECOM_0619,-1,0,2008-09-01 00:39:00
SECOM_0620,-1,0,2008-09-01 00:45:00
SECOM_0621,-1,0,2008-09-01 00:53:00
SECOM_0622,-1,0,2008-09-01 05:29:00
SECOM_0623,-1,0,2008-09-01 05:32:00
SECOM_0624,-1,0,2008-09-01 06:12:00
SECOM_0625,-1,0,2008-09-01 06:21:00
SECOM_0626,-1,0,2008-09-01 06:52:00
SECOM_0627,-1,0,2008-09-01 08:18:00
SECOM_0628,-1,0,2008-09-01 09:06:00
SECOM_0629,-1,0,2008-09-01 09:19:00
SECOM_0630,-1,0,2008-09-01 09:54:00
SECOM_0631,-1,0,2008-09-01 10:57:00
SECOM_0632,-1,0,2008-09-01 11:40:00
SECOM_0633,-1,0,2008-09-01 16:20:00
SECOM_0634,1,1,2008-09-01 19:54:00
SECOM_0635,-1,0,2008-09-01 20:51:00
SECOM_0636,-1,0,2008-09-01 22:05:00
SECOM_0637,-1,0,2008-09-01 23:05:00
SECOM_0638,-1,0,2008-09-01 23:19:00
SECOM_0639,-1,0,2008-09-01 23:24:00
SECOM_0640,-1,0,2008-09-01 23:28:00
SECOM_0641,-1,0,2008-09-01 23:39:00
SECOM_0642,-1,0,2008-09-01 23:45:00
SECOM_0643,-1,0,2008-09-01 23:59:00
SECOM_0644,-1,0,2008-09-02 00:26:00
SECOM_0645,-1,0,2008-09-02 00:31:00
SECOM_0646,-1,0,2008-09-02 00:46:00
SECOM_0647,-1,0,2008-09-02 01:09:00
SECOM_0648,-1,0,2008-09-02 01:10:00
SECOM_0649,-1,0,2008-09-02 01:10:00
SECOM_0650,-1,0,2008-09-02 01:36:00
SECOM_0651,-1,0,2008-09-02 01:50:00
SECOM_0652,-1,0,2008-09-02 02:02:00
SECOM_0653,-1,0,2008-09-02 02:11:00
SECOM_0654,-1,0,2008-09-02 02:50:00
SECOM_0655,-1,0,2008-09-02 02:52:00
SECOM_0656,-1,0,2008-09-02 03:33:00
SECOM_0657,-1,0,2008-09-02 03:35:00
SECOM_0658,-1,0,2008-09-02 03:35:00
SECOM_0659,-1,0,2008-09-02 04:19:00
SECOM_0660,-1,0,2008-09-02 04:22:00
SECOM_0661,-1,0,2008-09-02 05:46:00
SECOM_0662,-1,0,2008-09-02 06:03:00
SECOM_0663,-1,0,2008-09-02 06:19:00
SECOM_0664,-1,0,2008-09-02 06:32:00
SECOM_0665,-1,0,2008-09-02 06:48:00
SECOM_0666,-1,0,2008-09-02 07:22:00
SECOM_0667,-1,0,2008-09-02 07:32:00
SECOM_0668,-1,0,2008-09-02 08:15:00
SECOM_0669,-1,0,2008-09-02 08:54:00
SECOM_0670,-1,0,2008-09-02 09:36:00
SECOM_0671,-1,0,2008-09-02 09:37:00
SECOM_0672,-1,0,2008-09-02 10:13:00
SECOM_0673,-1,0,2008-09-02 10:21:00
SECOM_0674,-1,0,2008-09-02 10:25:00
SECOM_0675,-1,0,2008-09-02 10:33:00
SECOM_0676,-1,0,2008-09-02 11:08:00
SECOM_0677,-1,0,2008-09-02 11:22:00
SECOM_0678,-1,0,2008-09-02 11:47:00
SECOM_0679,-1,0,2008-09-02 11:49:00
SECOM_0680,-1,0,2008-09-02 12:01:00
SECOM_0681,-1,0,2008-09-02 12:17:00
SECOM_0682,-1,0,2008-09-02 12:26:00
SECOM_0683,-1,0,2008-09-02 12:30:00
SECOM_0684,-1,0,2008-09-02 12:44:00
SECOM_0685,-1,0,2008-09-02 13:05:00
SECOM_0686,-1,0,2008-09-02 13:08:00
SECOM_0687,-1,0,2008-09-02 13:27:00
SECOM_0688,-1,0,2008-09-02 13:40:00
SECOM_0689,-1,0,2008-09-02 14:09:00
SECOM_0690,-1,0,2008-09-02 14:21:00
SECOM_0691,-1,0,2008-09-02 14:34:00
SECOM_0692,-1,0,2008-09-02 15:29:00
SECOM_0693,-1,0,2008-09-02 16:10:00
SECOM_0694,-1,0,2008-09-02 16:50:00
SECOM_0695,-1,0,2008-09-02 16:54:00
SECOM_0696,-1,0,2008-09-02 16:58:00
SECOM_0697,-1,0,2008-09-02 17:10:00
SECOM_0698,-1,0,2008-09-02 17:18:00
SECOM_0699,-1,0,2008-09-02 18:38:00
SECOM_0700,-1,0,2008-09-02 18:52:00
SECOM_0701,-1,0,2008-09-02 19:18:00
SECOM_0702,-1,0,2008-09-02 20:18:00
SECOM_0703,-1,0,2008-09-02 20:52:00
SECOM_0704,-1,0,2008-09-02 20:58:00
SECOM_0705,-1,0,2008-09-02 20:59:00
SECOM_0706,-1,0,2008-09-03 00:18:00
SECOM_0707,-1,0,2008-09-03 00:45:00
SECOM_0708,-1,0,2008-09-03 00:58:00
SECOM_0709,1,1,2008-09-03 01:15:00
SECOM_0710,-1,0,2008-09-03 01:32:00
SECOM_0711,-1,0,2008-09-03 04:18:00
SECOM_0712,-1,0,2008-09-03 06:26:00
SECOM_0713,-1,0,2008-09-03 09:38:00
SECOM_0714,-1,0,2008-09-03 14:24:00
SECOM_0715,-1,0,2008-09-03 14:29:00
SECOM_0716,-1,0,2008-09-03 17:22:00
SECOM_0717,-1,0,2008-09-03 18:16:00
SECOM_0718,-1,0,2008-09-03 18:16:00
SECOM_0719,-1,0,2008-09-03 20:00:00
SECOM_0720,-1,0,2008-09-03 20:10:00
SECOM_0721,-1,0,2008-09-04 08:01:00
SECOM_0722,-1,0,2008-09-04 08:22:00
SECOM_0723,-1,0,2008-09-04 08:33:00
SECOM_0724,-1,0,2008-09-04 08:41:00
SECOM_0725,-1,0,2008-09-04 08:53:00
SECOM_0726,-1,0,2008-09-04 11:50:00
SECOM_0727,-1,0,2008-09-04 14:09:00
SECOM_0728,-1,0,2008-09-04 14:11:00
SECOM_0729,-1,0,2008-09-04 14:48:00
SECOM_0730,-1,0,2008-09-04 16:30:00
SECOM_0731,-1,0,2008-09-04 16:41:00
SECOM_0732,-1,0,2008-09-04 16:56:00
SECOM_0733,-1,0,2008-09-04 17:30:00
SECOM_0734,-1,0,2008-09-05 15:30:00
SECOM_0735,-1,0,2008-09-05 21:48:00
SECOM_0736,-1,0,2008-09-07 00:08:00
SECOM_0737,-1,0,2008-09-07 00:12:00
SECOM_0738,-1,0,2008-09-07 00:49:00
SECOM_0739,-1,0,2008-09-07 10:52:00
SECOM_0740,-1,0,2008-09-07 12:04:00
SECOM_0741,-1,0,2008-09-07 12:20:00
SECOM_0742,-1,0,2008-09-07 13:02:00
SECOM_0743,-1,0,2008-09-07 18:02:00
SECOM_0744,-1,0,2008-09-07 18:24:00
SECOM_0745,-1,0,2008-09-07 18:49:00
SECOM_0746,-1,0,2008-09-07 19:29:00
SECOM_0747,-1,0,2008-09-07 19:31:00
SECOM_0748,-1,0,2008-09-07 20:12:00
SECOM_0749,-1,0,2008-09-07 20:50:00
SECOM_0750,-1,0,2008-09-07 23:33:00
SECOM_0751,-1,0,2008-09-08 00:32:00
SECOM_0752,-1,0,2008-09-08 00:40:00
SECOM_0753,-1,0,2008-09-08 01:24:00
SECOM_0754,-1,0,2008-09-08 03:32:00
SECOM_0755,-1,0,2008-09-08 03:48:00
SECOM_0756,-1,0,2008-09-08 04:21:00
SECOM_0757,-1,0,2008-09-08 06:37:00
SECOM_0758,-1,0,2008-09-08 07:14:00
SECOM_0759,-1,0,2008-09-08 07:41:00
SECOM_0760,-1,0,2008-09-08 18:46:00
SECOM_0761,-1,0,2008-09-08 19:14:00
SECOM_0762,-1,0,2008-09-08 19:15:00
SECOM_0763,-1,0,2008-09-08 19:25:00
SECOM_0764,-1,0,2008-09-08 19:33:00
SECOM_0765,-1,0,2008-09-08 20:00:00
SECOM_0766,-1,0,2008-09-08 21:36:00
SECOM_0767,-1,0,2008-09-08 21:53:00
SECOM_0768,-1,0,2008-09-08 22:17:00
SECOM_0769,-1,0,2008-09-09 00:25:00
SECOM_0770,-1,0,2008-09-09 03:53:00
SECOM_0771,-1,0,2008-09-09 08:44:00
SECOM_0772,-1,0,2008-09-10 07:26:00
SECOM_0773,-1,0,2008-09-10 09:21:00
SECOM_0774,-1,0,2008-09-10 20:52:00
SECOM_0775,-1,0,2008-09-10 20:53:00
SECOM_0776,-1,0,2008-09-10 21:56:00
SECOM_0777,-1,0,2008-09-10 23:30:00
SECOM_0778,-1,0,2008-09-10 23:43:00
SECOM_0779,-1,0,2008-09-11 00:17:00
SECOM_0780,-1,0,2008-09-11 05:20:00
SECOM_0781,-1,0,2008-09-11 06:04:00
SECOM_0782,-1,0,2008-09-11 07:43:00
SECOM_0783,-1,0,2008-09-11 08:06:00
SECOM_0784,-1,0,2008-09-11 08:58:00
SECOM_0785,-1,0,2008-09-11 09:24:00
SECOM_0786,-1,0,2008-09-11 12:47:00
SECOM_0787,-1,0,2008-09-11 13:36:00
SECOM_0788,-1,0,2008-09-11 14:20:00
SECOM_0789,-1,0,2008-09-11 14:24:00
SECOM_0790,-1,0,2008-09-11 14:31:00
SECOM_0791,-1,0,2008-09-11 15:05:00
SECOM_0792,-1,0,2008-09-11 15:08:00
SECOM_0793,-1,0,2008-09-11 16:28:00
SECOM_0794,-1,0,2008-09-11 21:13:00
SECOM_0795,1,1,2008-09-11 22:07:00
SECOM_0796,-1,0,2008-09-11 23:10:00
SECOM_0797,1,1,2008-09-11 23:48:00
SECOM_0798,-1,0,2008-09-12 05:11:00
SECOM_0799,-1,0,2008-09-12 05:55:00
SECOM_0800,-1,0,2008-09-12 06:38:00
SECOM_0801,-1,0,2008-09-12 06:41:00
SECOM_0802,-1,0,2008-09-12 06:45:00
SECOM_0803,-1,0,2008-09-12 07:21:00
SECOM_0804,-1,0,2008-09-12 07:29:00
SECOM_0805,-1,0,2008-09-12 07:38:00
SECOM_0806,-1,0,2008-09-12 11:57:00
SECOM_0807,-1,0,2008-09-12 13:08:00
SECOM_0808,-1,0,2008-09-12 14:52:00
SECOM_0809,-1,0,2008-09-12 15:40:00
SECOM_0810,-1,0,2008-09-12 16:23:00
SECOM_0811,-1,0,2008-09-12 18:01:00
SECOM_0812,-1,0,2008-09-12 18:52:00
SECOM_0813,-1,0,2008-09-12 19:36:00
SECOM_0814,-1,0,2008-09-12 20:28:00
SECOM_0815,-1,0,2008-09-12 21:12:00
SECOM_0816,-1,0,2008-09-12 22:25:00
SECOM_0817,-1,0,2008-09-12 22:45:00
SECOM_0818,-1,0,2008-09-12 23:28:00
SECOM_0819,-1,0,2008-09-12 23:40:00
SECOM_0820,-1,0,2008-09-13 00:25:00
SECOM_0821,-1,0,2008-09-13 02:57:00
SECOM_0822,-1,0,2008-09-13 03:14:00
SECOM_0823,-1,0,2008-09-13 09:19:00
SECOM_0824,-1,0,2008-09-13 10:55:00
SECOM_0825,-1,0,2008-09-13 11:42:00
SECOM_0826,1,1,2008-09-13 11:56:00
SECOM_0827,-1,0,2008-09-13 12:48:00
SECOM_0828,-1,0,2008-09-13 14:07:00
SECOM_0829,-1,0,2008-09-13 16:04:00
SECOM_0830,-1,0,2008-09-13 16:04:00
SECOM_0831,1,1,2008-09-13 20:06:00
SECOM_0832,-1,0,2008-09-14 02:50:00
SECOM_0833,-1,0,2008-09-14 02:59:00
SECOM_0834,-1,0,2008-09-14 15:02:00
SECOM_0835,-1,0,2008-09-14 15:46:00
SECOM_0836,-1,0,2008-09-14 16:34:00
SECOM_0837,-1,0,2008-09-14 17:40:00
SECOM_0838,-1,0,2008-09-14 18:27:00
SECOM_0839,-1,0,2008-09-14 18:27:00
SECOM_0840,-1,0,2008-09-14 19:13:00
SECOM_0841,-1,0,2008-09-14 20:00:00
SECOM_0842,-1,0,2008-09-14 20:43:00
SECOM_0843,-1,0,2008-09-14 20:45:00
SECOM_0844,-1,0,2008-09-14 21:31:00
SECOM_0845,-1,0,2008-09-14 23:00:00
SECOM_0846,-1,0,2008-09-15 02:04:00
SECOM_0847,-1,0,2008-09-15 10:03:00
SECOM_0848,-1,0,2008-09-15 11:40:00
SECOM_0849,-1,0,2008-09-15 12:27:00
SECOM_0850,-1,0,2008-09-15 16:10:00
SECOM_0851,-1,0,2008-09-15 16:59:00
SECOM_0852,-1,0,2008-09-15 19:54:00
SECOM_0853,-1,0,2008-09-15 21:56:00
SECOM_0854,-1,0,2008-09-15 22:13:00
SECOM_0855,-1,0,2008-09-15 22:45:00
SECOM_0856,-1,0,2008-09-15 22:54:00
SECOM_0857,-1,0,2008-09-15 23:37:00
SECOM_0858,-1,0,2008-09-16 07:39:00
SECOM_0859,-1,0,2008-09-16 07:48:00
SECOM_0860,-1,0,2008-09-16 08:50:00
SECOM_0861,-1,0,2008-09-16 08:52:00
SECOM_0862,-1,0,2008-09-16 09:37:00
SECOM_0863,-1,0,2008-09-16 17:07:00
SECOM_0864,-1,0,2008-09-16 18:09:00
SECOM_0865,-1,0,2008-09-16 18:23:00
SECOM_0866,-1,0,2008-09-16 19:34:00
SECOM_0867,-1,0,2008-09-16 19:45:00
SECOM_0868,-1,0,2008-09-16 21:21:00
SECOM_0869,-1,0,2008-09-16 22:45:00
SECOM_0870,-1,0,2008-09-17 02:01:00
SECOM_0871,1,1,2008-09-17 04:23:00
SECOM_0872,-1,0,2008-09-17 07:14:00
SECOM_0873,-1,0,2008-09-17 07:28:00
SECOM_0874,-1,0,2008-09-17 21:52:00
SECOM_0875,-1,0,2008-09-18 00:57:00
SECOM_0876,-1,0,2008-09-18 01:40:00
SECOM_0877,-1,0,2008-09-18 01:43:00
SECOM_0878,-1,0,2008-09-18 02:01:00
SECOM_0879,-1,0,2008-09-18 03:58:00
SECOM_0880,-1,0,2008-09-18 03:58:00
SECOM_0881,-1,0,2008-09-18 05:44:00
SECOM_0882,-1,0,2008-09-18 05:58:00
SECOM_0883,-1,0,2008-09-18 08:04:00
SECOM_0884,-1,0,2008-09-18 10:48:00
SECOM_0885,-1,0,2008-09-18 13:48:00
SECOM_0886,-1,0,2008-09-18 17:22:00
SECOM_0887,-1,0,2008-09-18 18:12:00
SECOM_0888,-1,0,2008-09-18 18:56:00
SECOM_0889,-1,0,2008-09-18 21:12:00
SECOM_0890,-1,0,2008-09-18 21:56:00
SECOM_0891,-1,0,2008-09-18 23:00:00
SECOM_0892,-1,0,2008-09-18 23:05:00
SECOM_0893,-1,0,2008-09-18 23:44:00
SECOM_0894,-1,0,2008-09-19 00:30:00
SECOM_0895,-1,0,2008-09-19 01:57:00
SECOM_0896,-1,0,2008-09-19 02:44:00
SECOM_0897,-1,0,2008-09-19 04:42:00
SECOM_0898,-1,0,2008-09-19 05:33:00
SECOM_0899,-1,0,2008-09-19 05:57:00
SECOM_0900,-1,0,2008-09-19 06:01:00
SECOM_0901,-1,0,2008-09-19 06:44:00
SECOM_0902,-1,0,2008-09-19 07:14:00
SECOM_0903,-1,0,2008-09-19 07:18:00
SECOM_0904,-1,0,2008-09-19 08:08:00
SECOM_0905,-1,0,2008-09-19 08:52:00
SECOM_0906,-1,0,2008-09-19 09:12:00
SECOM_0907,-1,0,2008-09-19 09:47:00
SECOM_0908,-1,0,2008-09-19 10:45:00
SECOM_0909,-1,0,2008-09-19 11:13:00
SECOM_0910,-1,0,2008-09-19 11:54:00
SECOM_0911,-1,0,2008-09-19 13:59:00
SECOM_0912,-1,0,2008-09-19 15:31:00
SECOM_0913,-1,0,2008-09-19 16:40:00
SECOM_0914,1,1,2008-09-19 16:58:00
SECOM_0915,-1,0,2008-09-19 17:47:00
SECOM_0916,-1,0,2008-09-19 18:11:00
SECOM_0917,-1,0,2008-09-19 18:33:00
SECOM_0918,-1,0,2008-09-19 19:18:00
SECOM_0919,-1,0,2008-09-19 19:29:00
SECOM_0920,-1,0,2008-09-19 20:05:00
SECOM_0921,-1,0,2008-09-19 20:07:00
SECOM_0922,-1,0,2008-09-19 20:10:00
SECOM_0923,-1,0,2008-09-19 20:17:00
SECOM_0924,1,1,2008-09-19 20:19:00
SECOM_0925,-1,0,2008-09-19 21:08:00
SECOM_0926,1,1,2008-09-19 21:09:00
SECOM_0927,-1,0,2008-09-19 21:13:00
SECOM_0928,-1,0,2008-09-19 21:14:00
SECOM_0929,1,1,2008-09-19 21:59:00
SECOM_0930,-1,0,2008-09-19 23:26:00
SECOM_0931,-1,0,2008-09-19 23:33:00
SECOM_0932,-1,0,2008-09-20 00:18:00
SECOM_0933,-1,0,2008-09-20 00:33:00
SECOM_0934,-1,0,2008-09-20 03:58:00
SECOM_0935,-1,0,2008-09-20 04:13:00
SECOM_0936,-1,0,2008-09-20 04:28:00
SECOM_0937,-1,0,2008-09-20 05:22:00
SECOM_0938,-1,0,2008-09-20 05:25:00
SECOM_0939,-1,0,2008-09-20 05:34:00
SECOM_0940,-1,0,2008-09-20 06:08:00
SECOM_0941,-1,0,2008-09-20 07:21:00
SECOM_0942,-1,0,2008-09-20 08:14:00
SECOM_0943,-1,0,2008-09-20 10:51:00
SECOM_0944,-1,0,2008-09-20 11:18:00
SECOM_0945,-1,0,2008-09-20 12:20:00
SECOM_0946,-1,0,2008-09-20 12:26:00
SECOM_0947,-1,0,2008-09-20 12:27:00
SECOM_0948,-1,0,2008-09-20 12:36:00
SECOM_0949,-1,0,2008-09-20 12:57:00
SECOM_0950,-1,0,2008-09-20 14:00:00
SECOM_0951,-1,0,2008-09-20 14:06:00
SECOM_0952,-1,0,2008-09-20 14:42:00
SECOM_0953,-1,0,2008-09-20 14:50:00
SECOM_0954,-1,0,2008-09-20 14:53:00
SECOM_0955,-1,0,2008-09-20 15:02:00
SECOM_0956,-1,0,2008-09-20 15:19:00
SECOM_0957,-1,0,2008-09-20 15:37:00
SECOM_0958,-1,0,2008-09-20 15:46:00
SECOM_0959,-1,0,2008-09-20 16:43:00
SECOM_0960,-1,0,2008-09-20 16:44:00
SECOM_0961,-1,0,2008-09-20 17:26:00
SECOM_0962,-1,0,2008-09-20 17:29:00
SECOM_0963,-1,0,2008-09-20 18:03:00
SECOM_0964,-1,0,2008-09-20 18:21:00
SECOM_0965,-1,0,2008-09-20 18:56:00
SECOM_0966,-1,0,2008-09-20 19:14:00
SECOM_0967,-1,0,2008-09-20 19:21:00
SECOM_0968,-1,0,2008-09-20 23:34:00
SECOM_0969,-1,0,2008-09-21 00:48:00
SECOM_0970,-1,0,2008-09-21 01:06:00
SECOM_0971,-1,0,2008-09-21 02:07:00
SECOM_0972,-1,0,2008-09-21 03:04:00
SECOM_0973,-1,0,2008-09-21 03:47:00
SECOM_0974,-1,0,2008-09-21 04:17:00
SECOM_0975,-1,0,2008-09-21 04:49:00
SECOM_0976,-1,0,2008-09-21 07:30:00
SECOM_0977,-1,0,2008-09-21 07:55:00
SECOM_0978,-1,0,2008-09-21 08:22:00
SECOM_0979,-1,0,2008-09-21 08:49:00
SECOM_0980,-1,0,2008-09-21 09:16:00
SECOM_0981,-1,0,2008-09-21 09:31:00
SECOM_0982,-1,0,2008-09-21 10:07:00
SECOM_0983,-1,0,2008-09-21 10:49:00
SECOM_0984,-1,0,2008-09-21 11:33:00
SECOM_0985,-1,0,2008-09-21 12:04:00
SECOM_0986,-1,0,2008-09-21 14:30:00
SECOM_0987,-1,0,2008-09-21 14:31:00
SECOM_0988,-1,0,2008-09-21 14:33:00
SECOM_0989,-1,0,2008-09-21 15:15:00
SECOM_0990,-1,0,2008-09-21 15:26:00
SECOM_0991,-1,0,2008-09-21 15:34:00
SECOM_0992,-1,0,2008-09-21 16:43:00
SECOM_0993,-1,0,2008-09-21 17:26:00
SECOM_0994,-1,0,2008-09-21 17:30:00
SECOM_0995,-1,0,2008-09-21 18:12:00
SECOM_0996,-1,0,2008-09-21 19:19:00
SECOM_0997,-1,0,2008-09-21 20:35:00
SECOM_0998,-1,0,2008-09-21 21:54:00
SECOM_0999,-1,0,2008-09-21 22:02:00
SECOM_1000,-1,0,2008-09-22 00:12:00
SECOM_1001,-1,0,2008-09-22 00:28:00
SECOM_1002,-1,0,2008-09-22 00:47:00
SECOM_1003,-1,0,2008-09-22 01:43:00
SECOM_1004,-1,0,2008-09-22 03:51:00
SECOM_1005,-1,0,2008-09-22 06:05:00
SECOM_1006,-1,0,2008-09-22 07:12:00
SECOM_1007,-1,0,2008-09-22 10:43:00
SECOM_1008,-1,0,2008-09-22 11:50:00
SECOM_1009,-1,0,2008-09-22 12:11:00
SECOM_1010,-1,0,2008-09-22 12:45:00
SECOM_1011,-1,0,2008-09-22 13:03:00
SECOM_1012,-1,0,2008-09-22 14:24:00
SECOM_1013,-1,0,2008-09-22 14:27:00
SECOM_1014,-1,0,2008-09-22 14:36:00
SECOM_1015,-1,0,2008-09-22 16:25:00
SECOM_1016,-1,0,2008-09-22 21:30:00
SECOM_1017,-1,0,2008-09-22 21:31:00
SECOM_1018,-1,0,2008-09-22 22:15:00
SECOM_1019,-1,0,2008-09-22 22:17:00
SECOM_1020,-1,0,2008-09-22 23:01:00
SECOM_1021,-1,0,2008-09-22 23:10:00
SECOM_1022,-1,0,2008-09-23 00:57:00
SECOM_1023,-1,0,2008-09-23 06:44:00
SECOM_1024,-1,0,2008-09-23 06:44:00
SECOM_1025,-1,0,2008-09-23 06:52:00
SECOM_1026,-1,0,2008-09-23 07:58:00
SECOM_1027,-1,0,2008-09-23 08:11:00
SECOM_1028,-1,0,2008-09-23 09:43:00
SECOM_1029,1,1,2008-09-23 11:14:00
SECOM_1030,-1,0,2008-09-23 11:42:00
SECOM_1031,-1,0,2008-09-23 11:43:00
SECOM_1032,-1,0,2008-09-23 12:29:00
SECOM_1033,-1,0,2008-09-23 12:31:00
SECOM_1034,-1,0,2008-09-23 12:46:00
SECOM_1035,-1,0,2008-09-23 13:37:00
SECOM_1036,-1,0,2008-09-23 15:23:00
SECOM_1037,-1,0,2008-09-23 15:33:00
SECOM_1038,-1,0,2008-09-23 15:58:00
SECOM_1039,-1,0,2008-09-23 18:10:00
SECOM_1040,-1,0,2008-09-23 18:36:00
SECOM_1041,-1,0,2008-09-23 18:56:00
SECOM_1042,-1,0,2008-09-23 20:18:00
SECOM_1043,-1,0,2008-09-23 20:59:00
SECOM_1044,-1,0,2008-09-23 21:26:00
SECOM_1045,-1,0,2008-09-23 22:25:00
SECOM_1046,-1,0,2008-09-24 02:19:00
SECOM_1047,-1,0,2008-09-24 02:44:00
SECOM_1048,-1,0,2008-09-24 03:32:00
SECOM_1049,-1,0,2008-09-24 03:40:00
SECOM_1050,-1,0,2008-09-24 05:13:00
SECOM_1051,-1,0,2008-09-24 05:22:00
SECOM_1052,-1,0,2008-09-24 06:13:00
SECOM_1053,-1,0,2008-09-24 06:14:00
SECOM_1054,-1,0,2008-09-24 07:23:00
SECOM_1055,-1,0,2008-09-24 10:10:00
SECOM_1056,-1,0,2008-09-24 10:53:00
SECOM_1057,-1,0,2008-09-24 10:59:00
SECOM_1058,-1,0,2008-09-24 11:47:00
SECOM_1059,-1,0,2008-09-24 12:04:00
SECOM_1060,-1,0,2008-09-24 12:35:00
SECOM_1061,-1,0,2008-09-24 13:01:00
SECOM_1062,1,1,2008-09-24 15:05:00
SECOM_1063,-1,0,2008-09-24 15:39:00
SECOM_1064,-1,0,2008-09-24 15:42:00
SECOM_1065,-1,0,2008-09-24 15:43:00
SECOM_1066,-1,0,2008-09-24 16:26:00
SECOM_1067,-1,0,2008-09-24 17:54:00
SECOM_1068,-1,0,2008-09-24 18:05:00
SECOM_1069,-1,0,2008-09-25 01:05:00
SECOM_1070,-1,0,2008-09-25 02:03:00
SECOM_1071,-1,0,2008-09-25 06:21:00
SECOM_1072,-1,0,2008-09-25 07:12:00
SECOM_1073,-1,0,2008-09-25 07:58:00
SECOM_1074,-1,0,2008-09-25 08:45:00
SECOM_1075,-1,0,2008-09-25 09:31:00
SECOM_1076,-1,0,2008-09-25 10:23:00
SECOM_1077,-1,0,2008-09-25 11:08:00
SECOM_1078,-1,0,2008-09-25 11:09:00
SECOM_1079,-1,0,2008-09-25 11:55:00
SECOM_1080,-1,0,2008-09-25 13:42:00
SECOM_1081,-1,0,2008-09-25 14:08:00
SECOM_1082,-1,0,2008-09-25 14:28:00
SECOM_1083,-1,0,2008-09-25 15:12:00
SECOM_1084,-1,0,2008-09-25 15:40:00
SECOM_1085,-1,0,2008-09-25 15:55:00
SECOM_1086,-1,0,2008-09-25 16:44:00
SECOM_1087,-1,0,2008-09-25 17:28:00
SECOM_1088,-1,0,2008-09-25 17:29:00
SECOM_1089,-1,0,2008-09-25 19:49:00
SECOM_1090,-1,0,2008-09-25 22:05:00
SECOM_1091,-1,0,2008-09-25 23:04:00
SECOM_1092,-1,0,2008-09-25 23:48:00
SECOM_1093,-1,0,2008-09-26 00:19:00
SECOM_1094,-1,0,2008-09-26 01:21:00
SECOM_1095,-1,0,2008-09-26 02:26:00
SECOM_1096,-1,0,2008-09-26 03:12:00
SECOM_1097,-1,0,2008-09-26 03:29:00
SECOM_1098,-1,0,2008-09-26 04:14:00
SECOM_1099,-1,0,2008-09-26 05:32:00
SECOM_1100,-1,0,2008-09-26 11:08:00
SECOM_1101,-1,0,2008-09-26 13:36:00
SECOM_1102,-1,0,2008-09-26 13:45:00
SECOM_1103,-1,0,2008-09-26 14:20:00
SECOM_1104,-1,0,2008-09-26 14:51:00
SECOM_1105,-1,0,2008-09-26 15:06:00
SECOM_1106,-1,0,2008-09-26 15:36:00
SECOM_1107,-1,0,2008-09-26 15:49:00
SECOM_1108,-1,0,2008-09-26 16:31:00
SECOM_1109,-1,0,2008-09-26 17:59:00
SECOM_1110,-1,0,2008-09-26 18:54:00
SECOM_1111,-1,0,2008-09-26 19:38:00
SECOM_1112,-1,0,2008-09-26 19:45:00
SECOM_1113,-1,0,2008-09-26 19:55:00
SECOM_1114,-1,0,2008-09-26 20:23:00
SECOM_1115,-1,0,2008-09-26 20:31:00
SECOM_1116,-1,0,2008-09-27 00:16:00
SECOM_1117,-1,0,2008-09-27 00:17:00
SECOM_1118,-1,0,2008-09-27 01:29:00
SECOM_1119,-1,0,2008-09-27 03:53:00
SECOM_1120,-1,0,2008-09-27 10:10:00
SECOM_1121,-1,0,2008-09-27 10:13:00
SECOM_1122,-1,0,2008-09-27 11:04:00
SECOM_1123,-1,0,2008-09-27 11:45:00
SECOM_1124,-1,0,2008-09-27 11:54:00
SECOM_1125,-1,0,2008-09-27 12:26:00
SECOM_1126,-1,0,2008-09-27 12:28:00
SECOM_1127,-1,0,2008-09-27 12:36:00
SECOM_1128,-1,0,2008-09-27 13:14:00
SECOM_1129,-1,0,2008-09-27 13:19:00
SECOM_1130,-1,0,2008-09-27 14:01:00
SECOM_1131,-1,0,2008-09-27 14:05:00
SECOM_1132,-1,0,2008-09-27 14:46:00
SECOM_1133,-1,0,2008-09-27 15:09:00
SECOM_1134,-1,0,2008-09-27 15:30:00
SECOM_1135,-1,0,2008-09-27 16:13:00
SECOM_1136,-1,0,2008-09-27 17:26:00
SECOM_1137,-1,0,2008-09-27 18:14:00
SECOM_1138,-1,0,2008-09-27 19:16:00
SECOM_1139,-1,0,2008-09-27 20:46:00
SECOM_1140,-1,0,2008-09-27 21:45:00
SECOM_1141,-1,0,2008-09-28 00:51:00
SECOM_1142,-1,0,2008-09-28 01:22:00
SECOM_1143,-1,0,2008-09-28 03:55:00
SECOM_1144,1,1,2008-09-28 04:45:00
SECOM_1145,-1,0,2008-09-28 05:31:00
SECOM_1146,-1,0,2008-09-28 06:22:00
SECOM_1147,-1,0,2008-09-28 07:38:00
SECOM_1148,-1,0,2008-09-28 07:52:00
SECOM_1149,-1,0,2008-09-28 08:40:00
SECOM_1150,-1,0,2008-09-28 08:41:00
SECOM_1151,1,1,2008-09-28 09:50:00
SECOM_1152,-1,0,2008-09-28 17:05:00
SECOM_1153,-1,0,2008-09-28 17:06:00
SECOM_1154,-1,0,2008-09-28 17:49:00
SECOM_1155,-1,0,2008-09-28 17:55:00
SECOM_1156,-1,0,2008-09-28 18:34:00
SECOM_1157,-1,0,2008-09-28 18:43:00
SECOM_1158,-1,0,2008-09-28 19:18:00
SECOM_1159,-1,0,2008-09-28 19:29:00
SECOM_1160,-1,0,2008-09-28 20:02:00
SECOM_1161,-1,0,2008-09-28 20:42:00
SECOM_1162,-1,0,2008-09-28 21:08:00
SECOM_1163,-1,0,2008-09-28 21:27:00
SECOM_1164,-1,0,2008-09-28 22:44:00
SECOM_1165,-1,0,2008-09-28 23:54:00
SECOM_1166,-1,0,2008-09-29 02:06:00
SECOM_1167,-1,0,2008-09-29 03:07:00
SECOM_1168,-1,0,2008-09-29 03:50:00
SECOM_1169,-1,0,2008-09-29 04:18:00
SECOM_1170,-1,0,2008-09-29 04:47:00
SECOM_1171,-1,0,2008-09-29 05:32:00
SECOM_1172,-1,0,2008-09-29 07:53:00
SECOM_1173,-1,0,2008-09-29 09:15:00
SECOM_1174,-1,0,2008-09-29 11:13:00
SECOM_1175,-1,0,2008-09-29 11:53:00
SECOM_1176,-1,0,2008-09-29 12:25:00
SECOM_1177,-1,0,2008-09-29 14:03:00
SECOM_1178,-1,0,2008-09-29 14:04:00
SECOM_1179,-1,0,2008-09-29 14:08:00
SECOM_1180,-1,0,2008-09-29 15:09:00
SECOM_1181,-1,0,2008-09-29 15:16:00
SECOM_1182,-1,0,2008-09-29 16:27:00
SECOM_1183,-1,0,2008-09-29 17:21:00
SECOM_1184,-1,0,2008-09-29 21:26:00
SECOM_1185,1,1,2008-09-29 21:48:00
SECOM_1186,-1,0,2008-09-29 22:13:00
SECOM_1187,-1,0,2008-09-30 01:33:00
SECOM_1188,-1,0,2008-09-30 01:36:00
SECOM_1189,1,1,2008-09-30 02:44:00
SECOM_1190,-1,0,2008-09-30 04:01:00
SECOM_1191,-1,0,2008-09-30 04:42:00
SECOM_1192,-1,0,2008-09-30 08:44:00
SECOM_1193,-1,0,2008-09-30 12:31:00
SECOM_1194,-1,0,2008-09-30 13:29:00
SECOM_1195,-1,0,2008-09-30 14:20:00
SECOM_1196,-1,0,2008-09-30 14:36:00
SECOM_1197,-1,0,2008-09-30 15:16:00
SECOM_1198,-1,0,2008-09-30 15:26:00
SECOM_1199,-1,0,2008-09-30 16:13:00
SECOM_1200,-1,0,2008-09-30 16:50:00
SECOM_1201,-1,0,2008-09-30 17:27:00
SECOM_1202,-1,0,2008-09-30 19:17:00
SECOM_1203,-1,0,2008-09-30 19:17:00
SECOM_1204,-1,0,2008-09-30 21:39:00
SECOM_1205,-1,0,2008-09-30 21:42:00
SECOM_1206,-1,0,2008-09-30 23:34:00
SECOM_1207,-1,0,2008-09-30 23:58:00
SECOM_1208,-1,0,2008-10-01 00:20:00
SECOM_1209,-1,0,2008-10-01 01:11:00
SECOM_1210,-1,0,2008-10-01 02:53:00
SECOM_1211,1,1,2008-10-01 05:56:00
SECOM_1212,-1,0,2008-10-01 07:19:00
SECOM_1213,-1,0,2008-10-01 07:28:00
SECOM_1214,-1,0,2008-10-01 08:15:00
SECOM_1215,-1,0,2008-10-01 09:15:00
SECOM_1216,-1,0,2008-10-01 09:16:00
SECOM_1217,-1,0,2008-10-01 14:22:00
SECOM_1218,-1,0,2008-10-01 15:16:00
SECOM_1219,-1,0,2008-10-01 16:43:00
SECOM_1220,-1,0,2008-10-01 19:57:00
SECOM_1221,-1,0,2008-10-01 21:15:00
SECOM_1222,-1,0,2008-10-01 21:50:00
SECOM_1223,-1,0,2008-10-01 22:47:00
SECOM_1224,-1,0,2008-10-01 23:34:00
SECOM_1225,-1,0,2008-10-02 00:21:00
SECOM_1226,-1,0,2008-10-02 00:22:00
SECOM_1227,1,1,2008-10-02 03:17:00
SECOM_1228,-1,0,2008-10-02 03:27:00
SECOM_1229,-1,0,2008-10-02 04:11:00
SECOM_1230,-1,0,2008-10-02 04:23:00
SECOM_1231,-1,0,2008-10-02 04:24:00
SECOM_1232,-1,0,2008-10-02 06:49:00
SECOM_1233,-1,0,2008-10-02 07:35:00
SECOM_1234,-1,0,2008-10-02 07:58:00
SECOM_1235,-1,0,2008-10-02 08:24:00
SECOM_1236,-1,0,2008-10-02 08:52:00
SECOM_1237,-1,0,2008-10-02 08:57:00
SECOM_1238,1,1,2008-10-02 09:10:00
SECOM_1239,-1,0,2008-10-02 09:42:00
SECOM_1240,-1,0,2008-10-02 10:03:00
SECOM_1241,1,1,2008-10-02 14:07:00
SECOM_1242,1,1,2008-10-02 14:10:00
SECOM_1243,-1,0,2008-10-02 14:54:00
SECOM_1244,-1,0,2008-10-02 15:10:00
SECOM_1245,-1,0,2008-10-02 15:44:00
SECOM_1246,-1,0,2008-10-02 15:58:00
SECOM_1247,-1,0,2008-10-02 16:32:00
SECOM_1248,-1,0,2008-10-02 16:58:00
SECOM_1249,-1,0,2008-10-02 17:00:00
SECOM_1250,-1,0,2008-10-02 17:19:00
SECOM_1251,-1,0,2008-10-02 19:21:00
SECOM_1252,-1,0,2008-10-02 19:25:00
SECOM_1253,-1,0,2008-10-02 20:54:00
SECOM_1254,1,1,2008-10-02 21:32:00
SECOM_1255,-1,0,2008-10-02 21:33:00
SECOM_1256,-1,0,2008-10-02 22:23:00
SECOM_1257,-1,0,2008-10-02 22:33:00
SECOM_1258,-1,0,2008-10-02 23:32:00
SECOM_1259,-1,0,2008-10-02 23:32:00
SECOM_1260,-1,0,2008-10-03 00:24:00
SECOM_1261,-1,0,2008-10-03 00:55:00
SECOM_1262,-1,0,2008-10-03 02:41:00
SECOM_1263,-1,0,2008-10-03 03:52:00
SECOM_1264,-1,0,2008-10-03 03:56:00
SECOM_1265,-1,0,2008-10-03 04:49:00
SECOM_1266,-1,0,2008-10-03 05:01:00
SECOM_1267,-1,0,2008-10-03 05:45:00
SECOM_1268,-1,0,2008-10-03 06:15:00
SECOM_1269,-1,0,2008-10-03 08:35:00
SECOM_1270,-1,0,2008-10-03 09:30:00
SECOM_1271,-1,0,2008-10-03 11:40:00
SECOM_1272,-1,0,2008-10-03 12:31:00
SECOM_1273,-1,0,2008-10-03 18:45:00
SECOM_1274,-1,0,2008-10-03 19:23:00
SECOM_1275,-1,0,2008-10-03 19:23:00
SECOM_1276,-1,0,2008-10-03 20:11:00
SECOM_1277,-1,0,2008-10-03 20:26:00
SECOM_1278,-1,0,2008-10-03 20:35:00
SECOM_1279,-1,0,2008-10-03 20:46:00
SECOM_1280,-1,0,2008-10-03 21:15:00
SECOM_1281,-1,0,2008-10-03 21:52:00
SECOM_1282,-1,0,2008-10-03 22:08:00
SECOM_1283,-1,0,2008-10-03 22:53:00
SECOM_1284,-1,0,2008-10-03 23:46:00
SECOM_1285,-1,0,2008-10-04 00:58:00
SECOM_1286,-1,0,2008-10-04 01:49:00
SECOM_1287,-1,0,2008-10-04 02:36:00
SECOM_1288,-1,0,2008-10-04 03:53:00
SECOM_1289,-1,0,2008-10-04 04:12:00
SECOM_1290,-1,0,2008-10-04 04:45:00
SECOM_1291,-1,0,2008-10-04 09:29:00
SECOM_1292,-1,0,2008-10-04 15:16:00
SECOM_1293,-1,0,2008-10-04 16:58:00
SECOM_1294,-1,0,2008-10-04 18:15:00
SECOM_1295,-1,0,2008-10-04 18:25:00
SECOM_1296,-1,0,2008-10-04 18:59:00
SECOM_1297,-1,0,2008-10-04 19:12:00
SECOM_1298,-1,0,2008-10-04 19:47:00
SECOM_1299,-1,0,2008-10-04 19:54:00
SECOM_1300,-1,0,2008-10-04 20:39:00
SECOM_1301,-1,0,2008-10-04 22:06:00
SECOM_1302,1,1,2008-10-04 23:18:00
SECOM_1303,1,1,2008-10-05 00:33:00
SECOM_1304,-1,0,2008-10-05 00:33:00
SECOM_1305,-1,0,2008-10-05 01:35:00
SECOM_1306,-1,0,2008-10-05 04:01:00
SECOM_1307,-1,0,2008-10-05 04:20:00
SECOM_1308,-1,0,2008-10-05 04:48:00
SECOM_1309,-1,0,2008-10-05 05:31:00
SECOM_1310,-1,0,2008-10-05 05:53:00
SECOM_1311,-1,0,2008-10-05 06:15:00
SECOM_1312,-1,0,2008-10-05 08:02:00
SECOM_1313,-1,0,2008-10-05 08:40:00
SECOM_1314,-1,0,2008-10-05 09:04:00
SECOM_1315,-1,0,2008-10-05 09:47:00
SECOM_1316,-1,0,2008-10-05 10:00:00
SECOM_1317,-1,0,2008-10-05 10:43:00
SECOM_1318,-1,0,2008-10-05 11:05:00
SECOM_1319,-1,0,2008-10-05 11:30:00
SECOM_1320,-1,0,2008-10-05 12:03:00
SECOM_1321,-1,0,2008-10-05 12:17:00
SECOM_1322,-1,0,2008-10-05 13:49:00
SECOM_1323,-1,0,2008-10-05 14:34:00
SECOM_1324,1,1,2008-10-05 15:30:00
SECOM_1325,1,1,2008-10-05 15:35:00
SECOM_1326,-1,0,2008-10-05 16:15:00
SECOM_1327,1,1,2008-10-05 16:37:00
SECOM_1328,1,1,2008-10-05 16:49:00
SECOM_1329,1,1,2008-10-05 18:46:00
SECOM_1330,-1,0,2008-10-05 18:59:00
SECOM_1331,-1,0,2008-10-05 19:45:00
SECOM_1332,-1,0,2008-10-05 20:12:00
SECOM_1333,-1,0,2008-10-05 20:30:00
SECOM_1334,-1,0,2008-10-05 22:13:00
SECOM_1335,-1,0,2008-10-06 00:41:00
SECOM_1336,-1,0,2008-10-06 01:25:00
SECOM_1337,-1,0,2008-10-06 01:27:00
SECOM_1338,-1,0,2008-10-06 01:30:00
SECOM_1339,-1,0,2008-10-06 02:44:00
SECOM_1340,-1,0,2008-10-06 02:49:00
SECOM_1341,-1,0,2008-10-06 03:31:00
SECOM_1342,1,1,2008-10-06 03:50:00
SECOM_1343,1,1,2008-10-06 03:57:00
SECOM_1344,-1,0,2008-10-06 04:26:00
SECOM_1345,-1,0,2008-10-06 05:21:00
SECOM_1346,-1,0,2008-10-06 05:24:00
SECOM_1347,-1,0,2008-10-06 06:11:00
SECOM_1348,-1,0,2008-10-06 06:26:00
SECOM_1349,-1,0,2008-10-06 06:49:00
SECOM_1350,-1,0,2008-10-06 07:12:00
SECOM_1351,-1,0,2008-10-06 07:17:00
SECOM_1352,-1,0,2008-10-06 07:35:00
SECOM_1353,-1,0,2008-10-06 07:38:00
SECOM_1354,-1,0,2008-10-06 08:24:00
SECOM_1355,-1,0,2008-10-06 08:57:00
SECOM_1356,-1,0,2008-10-06 09:11:00
SECOM_1357,-1,0,2008-10-06 09:57:00
SECOM_1358,-1,0,2008-10-06 10:07:00
SECOM_1359,-1,0,2008-10-06 11:51:00
SECOM_1360,-1,0,2008-10-06 12:39:00
SECOM_1361,-1,0,2008-10-06 12:42:00
SECOM_1362,-1,0,2008-10-06 13:08:00
SECOM_1363,1,1,2008-10-06 13:38:00
SECOM_1364,1,1,2008-10-06 13:55:00
SECOM_1365,1,1,2008-10-06 15:00:00
SECOM_1366,-1,0,2008-10-06 15:01:00
SECOM_1367,-1,0,2008-10-06 15:52:00
SECOM_1368,-1,0,2008-10-06 16:42:00
SECOM_1369,-1,0,2008-10-06 16:50:00
SECOM_1370,-1,0,2008-10-06 17:26:00
SECOM_1371,-1,0,2008-10-06 17:26:00
SECOM_1372,-1,0,2008-10-06 17:35:00
SECOM_1373,-1,0,2008-10-06 18:54:00
SECOM_1374,-1,0,2008-10-06 18:55:00
SECOM_1375,-1,0,2008-10-06 19:42:00
SECOM_1376,-1,0,2008-10-06 20:02:00
SECOM_1377,-1,0,2008-10-06 20:36:00
SECOM_1378,-1,0,2008-10-06 20:47:00
SECOM_1379,-1,0,2008-10-06 21:46:00
SECOM_1380,-1,0,2008-10-06 21:48:00
SECOM_1381,-1,0,2008-10-06 22:37:00
SECOM_1382,-1,0,2008-10-06 23:03:00
SECOM_1383,-1,0,2008-10-07 01:46:00
SECOM_1384,-1,0,2008-10-07 03:29:00
SECOM_1385,-1,0,2008-10-07 03:39:00
SECOM_1386,-1,0,2008-10-07 07:32:00
SECOM_1387,-1,0,2008-10-07 07:41:00
SECOM_1388,-1,0,2008-10-07 08:25:00
SECOM_1389,-1,0,2008-10-07 08:26:00
SECOM_1390,-1,0,2008-10-07 09:11:00
SECOM_1391,-1,0,2008-10-07 09:20:00
SECOM_1392,-1,0,2008-10-07 09:59:00
SECOM_1393,-1,0,2008-10-07 10:04:00
SECOM_1394,-1,0,2008-10-07 10:10:00
SECOM_1395,-1,0,2008-10-07 10:51:00
SECOM_1396,-1,0,2008-10-07 11:15:00
SECOM_1397,-1,0,2008-10-07 11:16:00
SECOM_1398,-1,0,2008-10-07 11:36:00
SECOM_1399,-1,0,2008-10-07 12:40:00
SECOM_1400,1,1,2008-10-07 13:10:00
SECOM_1401,-1,0,2008-10-07 13:48:00
SECOM_1402,-1,0,2008-10-07 14:35:00
SECOM_1403,-1,0,2008-10-07 16:32:00
SECOM_1404,-1,0,2008-10-07 17:06:00
SECOM_1405,-1,0,2008-10-07 17:28:00
SECOM_1406,-1,0,2008-10-07 18:39:00
SECOM_1407,-1,0,2008-10-07 19:24:00
SECOM_1408,-1,0,2008-10-07 20:19:00
SECOM_1409,-1,0,2008-10-07 20:39:00
SECOM_1410,-1,0,2008-10-07 20:48:00
SECOM_1411,-1,0,2008-10-08 04:47:00
SECOM_1412,-1,0,2008-10-08 05:35:00
SECOM_1413,-1,0,2008-10-08 05:38:00
SECOM_1414,-1,0,2008-10-08 06:25:00
SECOM_1415,-1,0,2008-10-08 07:10:00
SECOM_1416,-1,0,2008-10-08 07:13:00
SECOM_1417,-1,0,2008-10-08 07:16:00
SECOM_1418,-1,0,2008-10-08 09:01:00
SECOM_1419,-1,0,2008-10-08 09:06:00
SECOM_1420,-1,0,2008-10-08 10:37:00
SECOM_1421,-1,0,2008-10-08 12:11:00
SECOM_1422,-1,0,2008-10-08 13:35:00
SECOM_1423,-1,0,2008-10-08 13:38:00
SECOM_1424,-1,0,2008-10-08 14:48:00
SECOM_1425,-1,0,2008-10-08 15:37:00
SECOM_1426,-1,0,2008-10-08 16:26:00
SECOM_1427,-1,0,2008-10-08 17:14:00
SECOM_1428,-1,0,2008-10-08 17:31:00
SECOM_1429,-1,0,2008-10-08 17:41:00
SECOM_1430,-1,0,2008-10-08 18:22:00
SECOM_1431,-1,0,2008-10-08 20:27:00
SECOM_1432,-1,0,2008-10-08 21:19:00
SECOM_1433,-1,0,2008-10-08 21:45:00
SECOM_1434,-1,0,2008-10-08 22:08:00
SECOM_1435,-1,0,2008-10-08 23:13:00
SECOM_1436,-1,0,2008-10-08 23:50:00
SECOM_1437,-1,0,2008-10-09 00:23:00
SECOM_1438,1,1,2008-10-09 04:34:00
SECOM_1439,-1,0,2008-10-09 06:06:00
SECOM_1440,-1,0,2008-10-09 07:38:00
SECOM_1441,-1,0,2008-10-09 14:15:00
SECOM_1442,-1,0,2008-10-09 15:04:00
SECOM_1443,1,1,2008-10-09 15:55:00
SECOM_1444,-1,0,2008-10-09 15:56:00
SECOM_1445,-1,0,2008-10-10 10:05:00
SECOM_1446,-1,0,2008-10-10 10:46:00
SECOM_1447,-1,0,2008-10-10 10:53:00
SECOM_1448,-1,0,2008-10-10 12:30:00
SECOM_1449,-1,0,2008-10-10 15:33:00
SECOM_1450,-1,0,2008-10-10 15:50:00
SECOM_1451,-1,0,2008-10-10 20:02:00
SECOM_1452,-1,0,2008-10-10 21:03:00
SECOM_1453,-1,0,2008-10-10 21:07:00
SECOM_1454,-1,0,2008-10-10 21:16:00
SECOM_1455,-1,0,2008-10-11 02:55:00
SECOM_1456,-1,0,2008-10-11 06:56:00
SECOM_1457,-1,0,2008-10-11 07:38:00
SECOM_1458,-1,0,2008-10-11 07:39:00
SECOM_1459,-1,0,2008-10-11 07:42:00
SECOM_1460,-1,0,2008-10-11 08:27:00
SECOM_1461,-1,0,2008-10-11 14:43:00
SECOM_1462,-1,0,2008-10-11 15:33:00
SECOM_1463,-1,0,2008-10-11 16:25:00
SECOM_1464,-1,0,2008-10-11 23:16:00
SECOM_1465,-1,0,2008-10-11 23:58:00
SECOM_1466,-1,0,2008-10-12 00:57:00
SECOM_1467,-1,0,2008-10-12 01:50:00
SECOM_1468,-1,0,2008-10-12 02:59:00
SECOM_1469,-1,0,2008-10-12 03:21:00
SECOM_1470,-1,0,2008-10-12 03:28:00
SECOM_1471,-1,0,2008-10-12 08:19:00
SECOM_1472,-1,0,2008-10-12 18:47:00
SECOM_1473,-1,0,2008-10-13 03:34:00
SECOM_1474,-1,0,2008-10-13 03:53:00
SECOM_1475,-1,0,2008-10-13 11:27:00
SECOM_1476,-1,0,2008-10-13 12:18:00
SECOM_1477,-1,0,2008-10-13 14:06:00
SECOM_1478,-1,0,2008-10-13 14:29:00
SECOM_1479,-1,0,2008-10-13 14:30:00
SECOM_1480,-1,0,2008-10-13 14:55:00
SECOM_1481,-1,0,2008-10-13 15:42:00
SECOM_1482,-1,0,2008-10-13 15:42:00
SECOM_1483,-1,0,2008-10-13 16:13:00
SECOM_1484,-1,0,2008-10-13 19:17:00
SECOM_1485,-1,0,2008-10-13 19:36:00
SECOM_1486,-1,0,2008-10-13 19:40:00
SECOM_1487,-1,0,2008-10-13 20:10:00
SECOM_1488,-1,0,2008-10-13 20:30:00
SECOM_1489,-1,0,2008-10-13 20:53:00
SECOM_1490,-1,0,2008-10-13 21:20:00
SECOM_1491,-1,0,2008-10-13 21:47:00
SECOM_1492,-1,0,2008-10-13 21:57:00
SECOM_1493,-1,0,2008-10-13 22:48:00
SECOM_1494,-1,0,2008-10-13 22:54:00
SECOM_1495,-1,0,2008-10-14 00:35:00
SECOM_1496,-1,0,2008-10-14 03:21:00
SECOM_1497,-1,0,2008-10-14 03:28:00
SECOM_1498,-1,0,2008-10-14 03:35:00
SECOM_1499,-1,0,2008-10-14 13:13:00
SECOM_1500,-1,0,2008-10-14 13:16:00
SECOM_1501,-1,0,2008-10-14 14:07:00
SECOM_1502,-1,0,2008-10-14 14:15:00
SECOM_1503,-1,0,2008-10-14 14:43:00
SECOM_1504,-1,0,2008-10-14 17:36:00
SECOM_1505,-1,0,2008-10-14 19:15:00
SECOM_1506,-1,0,2008-10-14 20:01:00
SECOM_1507,-1,0,2008-10-14 20:30:00
SECOM_1508,-1,0,2008-10-14 20:48:00
SECOM_1509,-1,0,2008-10-14 21:36:00
SECOM_1510,-1,0,2008-10-14 23:07:00
SECOM_1511,-1,0,2008-10-15 00:03:00
SECOM_1512,-1,0,2008-10-15 00:27:00
SECOM_1513,-1,0,2008-10-15 00:47:00
SECOM_1514,-1,0,2008-10-15 01:52:00
SECOM_1515,-1,0,2008-10-15 01:52:00
SECOM_1516,-1,0,2008-10-15 01:52:00
SECOM_1517,-1,0,2008-10-15 02:40:00
SECOM_1518,-1,0,2008-10-15 02:40:00
SECOM_1519,1,1,2008-10-15 02:42:00
SECOM_1520,-1,0,2008-10-15 03:24:00
SECOM_1521,-1,0,2008-10-15 04:08:00
SECOM_1522,-1,0,2008-10-15 05:13:00
SECOM_1523,-1,0,2008-10-15 05:16:00
SECOM_1524,-1,0,2008-10-15 06:49:00
SECOM_1525,-1,0,2008-10-15 07:36:00
SECOM_1526,-1,0,2008-10-15 07:55:00
SECOM_1527,-1,0,2008-10-15 08:21:00
SECOM_1528,-1,0,2008-10-15 09:11:00
SECOM_1529,-1,0,2008-10-15 10:00:00
SECOM_1530,-1,0,2008-10-15 12:53:00
SECOM_1531,-1,0,2008-10-15 13:14:00
SECOM_1532,-1,0,2008-10-15 13:16:00
SECOM_1533,-1,0,2008-10-15 14:08:00
SECOM_1534,-1,0,2008-10-15 15:11:00
SECOM_1535,-1,0,2008-10-15 16:24:00
SECOM_1536,-1,0,2008-10-15 17:19:00
SECOM_1537,-1,0,2008-10-15 18:16:00
SECOM_1538,-1,0,2008-10-15 19:15:00
SECOM_1539,-1,0,2008-10-15 19:24:00
SECOM_1540,-1,0,2008-10-15 21:44:00
SECOM_1541,-1,0,2008-10-15 22:45:00
SECOM_1542,-1,0,2008-10-15 22:54:00
SECOM_1543,-1,0,2008-10-15 23:00:00
SECOM_1544,-1,0,2008-10-15 23:45:00
SECOM_1545,-1,0,2008-10-16 02:16:00
SECOM_1546,-1,0,2008-10-16 02:16:00
SECOM_1547,-1,0,2008-10-16 02:17:00
SECOM_1548,-1,0,2008-10-16 02:22:00
SECOM_1549,-1,0,2008-10-16 02:55:00
SECOM_1550,-1,0,2008-10-16 03:56:00
SECOM_1551,-1,0,2008-10-16 04:02:00
SECOM_1552,-1,0,2008-10-16 04:02:00
SECOM_1553,-1,0,2008-10-16 04:04:00
SECOM_1554,-1,0,2008-10-16 04:47:00
SECOM_1555,-1,0,2008-10-16 04:50:00
SECOM_1556,-1,0,2008-10-16 04:54:00
SECOM_1557,-1,0,2008-10-16 05:08:00
SECOM_1558,-1,0,2008-10-16 05:13:00
SECOM_1559,-1,0,2008-10-16 05:44:00
SECOM_1560,-1,0,2008-10-16 05:58:00
SECOM_1561,-1,0,2008-10-16 15:02:00
SECOM_1562,-1,0,2008-10-16 15:13:00
SECOM_1563,-1,0,2008-10-16 20:49:00
SECOM_1564,-1,0,2008-10-17 05:26:00
SECOM_1565,-1,0,2008-10-17 06:01:00
SECOM_1566,-1,0,2008-10-17 06:07:00
